municipio_codigo,municipio,dane_codigo,unidad,votos_1v,votos_2v,delta_abs,val_1V,val_2V,pp_1v,pp_2v,delta_pp
001,CALI,76001,ABELARDO DE LA ESPRIELLA,372622,442925,70303,1055330,1143561,35.30857646423394,38.73208337814948,3.4235069139155456
001,CALI,76001,CLAUDIA LÓPEZ,6859,0,-6859,1055330,1143561,0.6499388816768215,0.0,-0.6499388816768215
001,CALI,76001,GUSTAVO MATAMOROS CAMACHO,225,0,-225,1055330,1143561,0.021320345294836684,0.0,-0.021320345294836684
001,CALI,76001,IVÁN CEPEDA CASTRO,544090,682149,138059,1055330,1143561,51.55638520652308,59.65129975576292,8.094914549239839
001,CALI,76001,MIGUEL URIBE LONDOÑO,796,0,-796,1055330,1143561,0.07542664379862224,0.0,-0.07542664379862224
001,CALI,76001,PALOMA VALENCIA LASERNA,56416,0,-56416,1055330,1143561,5.345816000682251,0.0,-5.345816000682251
001,CALI,76001,RAÚL SANTIAGO BOTERO JARAMILLO,5015,0,-5015,1055330,1143561,0.47520680734935994,0.0,-0.47520680734935994
001,CALI,76001,ROY LEONARDO BARRERAS MONTEALEGRE,696,0,-696,1055330,1143561,0.06595093477869482,0.0,-0.06595093477869482
001,CALI,76001,SERGIO FAJARDO VALDERRAMA,46054,0,-46054,1055330,1143561,4.363943032037372,0.0,-4.363943032037372
001,CALI,76001,SONDRA MACOLLINS GARVIN PINTO,765,0,-765,1055330,1143561,0.07248917400244473,0.0,-0.07248917400244473
001,CALI,76001,VOTO EN BLANCO,20312,18487,-1825,1055330,1143561,1.9247060161276568,1.6166168660875984,-0.30808915004005843
001,CALI,76001,ÓSCAR MAURICIO LIZCANO ARANGO,1480,0,-1480,1055330,1143561,0.14024049349492576,0.0,-0.14024049349492576
004,ALCALA,76020,ABELARDO DE LA ESPRIELLA,2834,3737,903,6245,6973,45.38030424339471,53.59242793632583,8.212123692931115
004,ALCALA,76020,CLAUDIA LÓPEZ,35,0,-35,6245,6973,0.5604483586869495,0.0,-0.5604483586869495
004,ALCALA,76020,IVÁN CEPEDA CASTRO,2456,3127,671,6245,6973,39.32746196957566,44.844399827907644,5.5169378583319855
004,ALCALA,76020,MIGUEL URIBE LONDOÑO,10,0,-10,6245,6973,0.16012810248198558,0.0,-0.16012810248198558
004,ALCALA,76020,PALOMA VALENCIA LASERNA,481,0,-481,6245,6973,7.702161729383507,0.0,-7.702161729383507
004,ALCALA,76020,RAÚL SANTIAGO BOTERO JARAMILLO,165,0,-165,6245,6973,2.6421136909527623,0.0,-2.6421136909527623
004,ALCALA,76020,ROY LEONARDO BARRERAS MONTEALEGRE,4,0,-4,6245,6973,0.06405124099279423,0.0,-0.06405124099279423
004,ALCALA,76020,SERGIO FAJARDO VALDERRAMA,136,0,-136,6245,6973,2.177742193755004,0.0,-2.177742193755004
004,ALCALA,76020,SONDRA MACOLLINS GARVIN PINTO,9,0,-9,6245,6973,0.14411529223378705,0.0,-0.14411529223378705
004,ALCALA,76020,VOTO EN BLANCO,108,109,1,6245,6973,1.7293835068054444,1.563172235766528,-0.1662112710389163
004,ALCALA,76020,ÓSCAR MAURICIO LIZCANO ARANGO,7,0,-7,6245,6973,0.11208967173738991,0.0,-0.11208967173738991
007,ANDALUCIA,76036,ABELARDO DE LA ESPRIELLA,3604,4486,882,10807,12170,33.34875543629129,36.86113393590797,3.5123784996166805
007,ANDALUCIA,76036,CLAUDIA LÓPEZ,44,0,-44,10807,12170,0.4071435180901268,0.0,-0.4071435180901268
007,ANDALUCIA,76036,IVÁN CEPEDA CASTRO,5981,7533,1552,10807,12170,55.34375867493292,61.89811010682005,6.554351431887127
007,ANDALUCIA,76036,MIGUEL URIBE LONDOÑO,15,0,-15,10807,12170,0.13879892662163412,0.0,-0.13879892662163412
007,ANDALUCIA,76036,PALOMA VALENCIA LASERNA,541,0,-541,10807,12170,5.006014620153604,0.0,-5.006014620153604
007,ANDALUCIA,76036,RAÚL SANTIAGO BOTERO JARAMILLO,124,0,-124,10807,12170,1.1474044600721756,0.0,-1.1474044600721756
007,ANDALUCIA,76036,ROY LEONARDO BARRERAS MONTEALEGRE,8,0,-8,10807,12170,0.07402609419820487,0.0,-0.07402609419820487
007,ANDALUCIA,76036,SERGIO FAJARDO VALDERRAMA,295,0,-295,10807,12170,2.7297122235588045,0.0,-2.7297122235588045
007,ANDALUCIA,76036,SONDRA MACOLLINS GARVIN PINTO,6,0,-6,10807,12170,0.05551957064865365,0.0,-0.05551957064865365
007,ANDALUCIA,76036,VOTO EN BLANCO,177,151,-26,10807,12170,1.6378273341352827,1.2407559572719802,-0.3970713768633025
007,ANDALUCIA,76036,ÓSCAR MAURICIO LIZCANO ARANGO,12,0,-12,10807,12170,0.1110391412973073,0.0,-0.1110391412973073
010,ANSERMANUEVO,76041,ABELARDO DE LA ESPRIELLA,3426,5740,2314,8350,9402,41.029940119760475,61.05084024675601,20.020900126995535
010,ANSERMANUEVO,76041,CLAUDIA LÓPEZ,53,0,-53,8350,9402,0.6347305389221557,0.0,-0.6347305389221557
010,ANSERMANUEVO,76041,GUSTAVO MATAMOROS CAMACHO,1,0,-1,8350,9402,0.011976047904191617,0.0,-0.011976047904191617
010,ANSERMANUEVO,76041,IVÁN CEPEDA CASTRO,2708,3510,802,8350,9402,32.431137724550894,37.332482450542436,4.901344725991542
010,ANSERMANUEVO,76041,MIGUEL URIBE LONDOÑO,26,0,-26,8350,9402,0.31137724550898205,0.0,-0.31137724550898205
010,ANSERMANUEVO,76041,PALOMA VALENCIA LASERNA,1559,0,-1559,8350,9402,18.67065868263473,0.0,-18.67065868263473
010,ANSERMANUEVO,76041,RAÚL SANTIAGO BOTERO JARAMILLO,174,0,-174,8350,9402,2.0838323353293413,0.0,-2.0838323353293413
010,ANSERMANUEVO,76041,ROY LEONARDO BARRERAS MONTEALEGRE,11,0,-11,8350,9402,0.1317365269461078,0.0,-0.1317365269461078
010,ANSERMANUEVO,76041,SERGIO FAJARDO VALDERRAMA,201,0,-201,8350,9402,2.407185628742515,0.0,-2.407185628742515
010,ANSERMANUEVO,76041,SONDRA MACOLLINS GARVIN PINTO,12,0,-12,8350,9402,0.1437125748502994,0.0,-0.1437125748502994
010,ANSERMANUEVO,76041,VOTO EN BLANCO,169,152,-17,8350,9402,2.023952095808383,1.6166773027015529,-0.4072747931068301
010,ANSERMANUEVO,76041,ÓSCAR MAURICIO LIZCANO ARANGO,10,0,-10,8350,9402,0.11976047904191617,0.0,-0.11976047904191617
013,ARGELIA,76054,ABELARDO DE LA ESPRIELLA,1357,2186,829,2726,2962,49.779897285399855,73.8014854827819,24.021588197382044
013,ARGELIA,76054,CLAUDIA LÓPEZ,15,0,-15,2726,2962,0.5502567865003668,0.0,-0.5502567865003668
013,ARGELIA,76054,IVÁN CEPEDA CASTRO,586,735,149,2726,2962,21.496698459280996,24.814314652261984,3.3176161929809886
013,ARGELIA,76054,MIGUEL URIBE LONDOÑO,6,0,-6,2726,2962,0.22010271460014674,0.0,-0.22010271460014674
013,ARGELIA,76054,PALOMA VALENCIA LASERNA,621,0,-621,2726,2962,22.780630961115186,0.0,-22.780630961115186
013,ARGELIA,76054,RAÚL SANTIAGO BOTERO JARAMILLO,53,0,-53,2726,2962,1.9442406456346297,0.0,-1.9442406456346297
013,ARGELIA,76054,ROY LEONARDO BARRERAS MONTEALEGRE,2,0,-2,2726,2962,0.07336757153338225,0.0,-0.07336757153338225
013,ARGELIA,76054,SERGIO FAJARDO VALDERRAMA,49,0,-49,2726,2962,1.797505502567865,0.0,-1.797505502567865
013,ARGELIA,76054,SONDRA MACOLLINS GARVIN PINTO,2,0,-2,2726,2962,0.07336757153338225,0.0,-0.07336757153338225
013,ARGELIA,76054,VOTO EN BLANCO,32,41,9,2726,2962,1.173881144534116,1.3841998649561107,0.21031872042199473
013,ARGELIA,76054,ÓSCAR MAURICIO LIZCANO ARANGO,3,0,-3,2726,2962,0.11005135730007337,0.0,-0.11005135730007337
016,BOLIVAR,76100,ABELARDO DE LA ESPRIELLA,3376,4813,1437,7154,7846,47.19038300251607,61.34335967371909,14.152976671203021
016,BOLIVAR,76100,CLAUDIA LÓPEZ,24,0,-24,7154,7846,0.33547665641599106,0.0,-0.33547665641599106
016,BOLIVAR,76100,GUSTAVO MATAMOROS CAMACHO,1,0,-1,7154,7846,0.01397819401733296,0.0,-0.01397819401733296
016,BOLIVAR,76100,IVÁN CEPEDA CASTRO,2273,2934,661,7154,7846,31.77243500139782,37.39485087942901,5.6224158780311875
016,BOLIVAR,76100,MIGUEL URIBE LONDOÑO,7,0,-7,7154,7846,0.09784735812133072,0.0,-0.09784735812133072
016,BOLIVAR,76100,PALOMA VALENCIA LASERNA,1105,0,-1105,7154,7846,15.44590438915292,0.0,-15.44590438915292
016,BOLIVAR,76100,RAÚL SANTIAGO BOTERO JARAMILLO,117,0,-117,7154,7846,1.6354487000279565,0.0,-1.6354487000279565
016,BOLIVAR,76100,ROY LEONARDO BARRERAS MONTEALEGRE,6,0,-6,7154,7846,0.08386916410399776,0.0,-0.08386916410399776
016,BOLIVAR,76100,SERGIO FAJARDO VALDERRAMA,126,0,-126,7154,7846,1.761252446183953,0.0,-1.761252446183953
016,BOLIVAR,76100,SONDRA MACOLLINS GARVIN PINTO,11,0,-11,7154,7846,0.15376013419066256,0.0,-0.15376013419066256
016,BOLIVAR,76100,VOTO EN BLANCO,101,99,-2,7154,7846,1.411797595750629,1.261789446851899,-0.15000814889872993
016,BOLIVAR,76100,ÓSCAR MAURICIO LIZCANO ARANGO,7,0,-7,7154,7846,0.09784735812133072,0.0,-0.09784735812133072
019,BUENAVENTURA,76109,ABELARDO DE LA ESPRIELLA,10796,15832,5036,90258,114473,11.961266591327083,13.830335537637698,1.8690689463106143
019,BUENAVENTURA,76109,CLAUDIA LÓPEZ,277,0,-277,90258,114473,0.3068980035010747,0.0,-0.3068980035010747
019,BUENAVENTURA,76109,GUSTAVO MATAMOROS CAMACHO,39,0,-39,90258,114473,0.04320946619690221,0.0,-0.04320946619690221
019,BUENAVENTURA,76109,IVÁN CEPEDA CASTRO,72811,97863,25052,90258,114473,80.66985751955505,85.49002821626061,4.82017069670556
019,BUENAVENTURA,76109,MIGUEL URIBE LONDOÑO,80,0,-80,90258,114473,0.08863480245518403,0.0,-0.08863480245518403
019,BUENAVENTURA,76109,PALOMA VALENCIA LASERNA,3309,0,-3309,90258,114473,3.666157016552549,0.0,-3.666157016552549
019,BUENAVENTURA,76109,RAÚL SANTIAGO BOTERO JARAMILLO,570,0,-570,90258,114473,0.6315229674931861,0.0,-0.6315229674931861
019,BUENAVENTURA,76109,ROY LEONARDO BARRERAS MONTEALEGRE,93,0,-93,90258,114473,0.10303795785415143,0.0,-0.10303795785415143
019,BUENAVENTURA,76109,SERGIO FAJARDO VALDERRAMA,843,0,-843,90258,114473,0.9339892308715018,0.0,-0.9339892308715018
019,BUENAVENTURA,76109,SONDRA MACOLLINS GARVIN PINTO,58,0,-58,90258,114473,0.06426023178000842,0.0,-0.06426023178000842
019,BUENAVENTURA,76109,VOTO EN BLANCO,1223,778,-445,90258,114473,1.3550045425336257,0.6796362461017008,-0.6753682964319249
019,BUENAVENTURA,76109,ÓSCAR MAURICIO LIZCANO ARANGO,159,0,-159,90258,114473,0.17616166987967824,0.0,-0.17616166987967824
022,BUGA,76111,ABELARDO DE LA ESPRIELLA,20646,24328,3682,64811,69927,31.8557035071207,34.79056730590473,2.934863798784029
022,BUGA,76111,CLAUDIA LÓPEZ,350,0,-350,64811,69927,0.5400317847279011,0.0,-0.5400317847279011
022,BUGA,76111,GUSTAVO MATAMOROS CAMACHO,13,0,-13,64811,69927,0.020058323432750613,0.0,-0.020058323432750613
022,BUGA,76111,IVÁN CEPEDA CASTRO,36727,44609,7882,64811,69927,56.66784959343322,63.7936705421368,7.125820948703584
022,BUGA,76111,MIGUEL URIBE LONDOÑO,60,0,-60,64811,69927,0.09257687738192591,0.0,-0.09257687738192591
022,BUGA,76111,PALOMA VALENCIA LASERNA,2698,0,-2698,64811,69927,4.1628735862739354,0.0,-4.1628735862739354
022,BUGA,76111,RAÚL SANTIAGO BOTERO JARAMILLO,474,0,-474,64811,69927,0.7313573313172147,0.0,-0.7313573313172147
022,BUGA,76111,ROY LEONARDO BARRERAS MONTEALEGRE,36,0,-36,64811,69927,0.055546126429155546,0.0,-0.055546126429155546
022,BUGA,76111,SERGIO FAJARDO VALDERRAMA,2522,0,-2522,64811,69927,3.891314745953619,0.0,-3.891314745953619
022,BUGA,76111,SONDRA MACOLLINS GARVIN PINTO,28,0,-28,64811,69927,0.04320254277823209,0.0,-0.04320254277823209
022,BUGA,76111,VOTO EN BLANCO,1180,990,-190,64811,69927,1.8206785885112093,1.4157621519584709,-0.40491643655273846
022,BUGA,76111,ÓSCAR MAURICIO LIZCANO ARANGO,77,0,-77,64811,69927,0.11880699264013823,0.0,-0.11880699264013823
025,BUGALAGRANDE,76113,ABELARDO DE LA ESPRIELLA,3130,4034,904,11913,13072,26.273818517585827,30.85985312117503,4.5860346035892015
025,BUGALAGRANDE,76113,CLAUDIA LÓPEZ,40,0,-40,11913,13072,0.33576764878703935,0.0,-0.33576764878703935
025,BUGALAGRANDE,76113,GUSTAVO MATAMOROS CAMACHO,1,0,-1,11913,13072,0.008394191219675984,0.0,-0.008394191219675984
025,BUGALAGRANDE,76113,IVÁN CEPEDA CASTRO,7580,8893,1313,11913,13072,63.62796944514396,68.03090575275398,4.40293630761002
025,BUGALAGRANDE,76113,MIGUEL URIBE LONDOÑO,19,0,-19,11913,13072,0.1594896331738437,0.0,-0.1594896331738437
025,BUGALAGRANDE,76113,PALOMA VALENCIA LASERNA,569,0,-569,11913,13072,4.776294803995635,0.0,-4.776294803995635
025,BUGALAGRANDE,76113,RAÚL SANTIAGO BOTERO JARAMILLO,124,0,-124,11913,13072,1.040879711239822,0.0,-1.040879711239822
025,BUGALAGRANDE,76113,ROY LEONARDO BARRERAS MONTEALEGRE,11,0,-11,11913,13072,0.09233610341643582,0.0,-0.09233610341643582
025,BUGALAGRANDE,76113,SERGIO FAJARDO VALDERRAMA,242,0,-242,11913,13072,2.0313942751615883,0.0,-2.0313942751615883
025,BUGALAGRANDE,76113,SONDRA MACOLLINS GARVIN PINTO,7,0,-7,11913,13072,0.05875933853773189,0.0,-0.05875933853773189
025,BUGALAGRANDE,76113,VOTO EN BLANCO,177,145,-32,11913,13072,1.4857718458826492,1.1092411260709913,-0.37653071981165787
025,BUGALAGRANDE,76113,ÓSCAR MAURICIO LIZCANO ARANGO,13,0,-13,11913,13072,0.1091244858557878,0.0,-0.1091244858557878
028,CAICEDONIA,76122,ABELARDO DE LA ESPRIELLA,6692,8953,2261,13900,15004,48.143884892086334,59.67075446547587,11.52686957338954
028,CAICEDONIA,76122,CLAUDIA LÓPEZ,107,0,-107,13900,15004,0.7697841726618705,0.0,-0.7697841726618705
028,CAICEDONIA,76122,GUSTAVO MATAMOROS CAMACHO,3,0,-3,13900,15004,0.02158273381294964,0.0,-0.02158273381294964
028,CAICEDONIA,76122,IVÁN CEPEDA CASTRO,4478,5795,1317,13900,15004,32.2158273381295,38.623033857637964,6.407206519508463
028,CAICEDONIA,76122,MIGUEL URIBE LONDOÑO,24,0,-24,13900,15004,0.17266187050359713,0.0,-0.17266187050359713
028,CAICEDONIA,76122,PALOMA VALENCIA LASERNA,1681,0,-1681,13900,15004,12.093525179856115,0.0,-12.093525179856115
028,CAICEDONIA,76122,RAÚL SANTIAGO BOTERO JARAMILLO,163,0,-163,13900,15004,1.1726618705035972,0.0,-1.1726618705035972
028,CAICEDONIA,76122,ROY LEONARDO BARRERAS MONTEALEGRE,30,0,-30,13900,15004,0.2158273381294964,0.0,-0.2158273381294964
028,CAICEDONIA,76122,SERGIO FAJARDO VALDERRAMA,406,0,-406,13900,15004,2.920863309352518,0.0,-2.920863309352518
028,CAICEDONIA,76122,SONDRA MACOLLINS GARVIN PINTO,17,0,-17,13900,15004,0.1223021582733813,0.0,-0.1223021582733813
028,CAICEDONIA,76122,VOTO EN BLANCO,267,256,-11,13900,15004,1.920863309352518,1.7062116768861637,-0.21465163246635433
028,CAICEDONIA,76122,ÓSCAR MAURICIO LIZCANO ARANGO,32,0,-32,13900,15004,0.23021582733812948,0.0,-0.23021582733812948
031,CANDELARIA,76130,ABELARDO DE LA ESPRIELLA,11823,14511,2688,54012,58891,21.889580093312595,24.64043741828123,2.750857324968635
031,CANDELARIA,76130,CLAUDIA LÓPEZ,304,0,-304,54012,58891,0.5628378878767681,0.0,-0.5628378878767681
031,CANDELARIA,76130,GUSTAVO MATAMOROS CAMACHO,5,0,-5,54012,58891,0.009257202103236318,0.0,-0.009257202103236318
031,CANDELARIA,76130,IVÁN CEPEDA CASTRO,36444,43649,7205,54012,58891,67.47389469006887,74.11828632558456,6.644391635515689
031,CANDELARIA,76130,MIGUEL URIBE LONDOÑO,38,0,-38,54012,58891,0.07035473598459602,0.0,-0.07035473598459602
031,CANDELARIA,76130,PALOMA VALENCIA LASERNA,2379,0,-2379,54012,58891,4.4045767607198405,0.0,-4.4045767607198405
031,CANDELARIA,76130,RAÚL SANTIAGO BOTERO JARAMILLO,386,0,-386,54012,58891,0.7146560023698437,0.0,-0.7146560023698437
031,CANDELARIA,76130,ROY LEONARDO BARRERAS MONTEALEGRE,33,0,-33,54012,58891,0.0610975338813597,0.0,-0.0610975338813597
031,CANDELARIA,76130,SERGIO FAJARDO VALDERRAMA,1309,0,-1309,54012,58891,2.4235355106272682,0.0,-2.4235355106272682
031,CANDELARIA,76130,SONDRA MACOLLINS GARVIN PINTO,49,0,-49,54012,58891,0.09072058061171591,0.0,-0.09072058061171591
031,CANDELARIA,76130,VOTO EN BLANCO,1134,731,-403,54012,58891,2.0995334370139966,1.241276256134214,-0.8582571808797825
031,CANDELARIA,76130,ÓSCAR MAURICIO LIZCANO ARANGO,108,0,-108,54012,58891,0.19995556542990447,0.0,-0.19995556542990447
034,CARTAGO,76147,ABELARDO DE LA ESPRIELLA,30263,36840,6577,65647,70161,46.09959327920545,52.50780348056613,6.408210201360681
034,CARTAGO,76147,CLAUDIA LÓPEZ,475,0,-475,65647,70161,0.7235669566012156,0.0,-0.7235669566012156
034,CARTAGO,76147,GUSTAVO MATAMOROS CAMACHO,30,0,-30,65647,70161,0.045698965680076774,0.0,-0.045698965680076774
034,CARTAGO,76147,IVÁN CEPEDA CASTRO,24810,32056,7246,65647,70161,37.79304461742349,45.689200553013784,7.8961559355902935
034,CARTAGO,76147,MIGUEL URIBE LONDOÑO,93,0,-93,65647,70161,0.141666793608238,0.0,-0.141666793608238
034,CARTAGO,76147,PALOMA VALENCIA LASERNA,4669,0,-4669,65647,70161,7.112282358675949,0.0,-7.112282358675949
034,CARTAGO,76147,RAÚL SANTIAGO BOTERO JARAMILLO,849,0,-849,65647,70161,1.2932807287461727,0.0,-1.2932807287461727
034,CARTAGO,76147,ROY LEONARDO BARRERAS MONTEALEGRE,42,0,-42,65647,70161,0.06397855195210748,0.0,-0.06397855195210748
034,CARTAGO,76147,SERGIO FAJARDO VALDERRAMA,2915,0,-2915,65647,70161,4.44041616524746,0.0,-4.44041616524746
034,CARTAGO,76147,SONDRA MACOLLINS GARVIN PINTO,54,0,-54,65647,70161,0.08225813822413819,0.0,-0.08225813822413819
034,CARTAGO,76147,VOTO EN BLANCO,1345,1265,-80,65647,70161,2.0488369613234423,1.8029959664200907,-0.24584099490335154
034,CARTAGO,76147,ÓSCAR MAURICIO LIZCANO ARANGO,102,0,-102,65647,70161,0.15537648331226103,0.0,-0.15537648331226103
037,DAGUA,76233,ABELARDO DE LA ESPRIELLA,7149,9456,2307,19123,21846,37.384301626313864,43.28481186487229,5.900510238558425
037,DAGUA,76233,CLAUDIA LÓPEZ,107,0,-107,19123,21846,0.5595356377137478,0.0,-0.5595356377137478
037,DAGUA,76233,GUSTAVO MATAMOROS CAMACHO,9,0,-9,19123,21846,0.047063745228259166,0.0,-0.047063745228259166
037,DAGUA,76233,IVÁN CEPEDA CASTRO,9146,12098,2952,19123,21846,47.82722376196203,55.378559003936644,7.551335241974613
037,DAGUA,76233,MIGUEL URIBE LONDOÑO,51,0,-51,19123,21846,0.2666945562934686,0.0,-0.2666945562934686
037,DAGUA,76233,PALOMA VALENCIA LASERNA,1605,0,-1605,19123,21846,8.393034565706218,0.0,-8.393034565706218
037,DAGUA,76233,RAÚL SANTIAGO BOTERO JARAMILLO,274,0,-274,19123,21846,1.4328295769492234,0.0,-1.4328295769492234
037,DAGUA,76233,ROY LEONARDO BARRERAS MONTEALEGRE,21,0,-21,19123,21846,0.10981540553260472,0.0,-0.10981540553260472
037,DAGUA,76233,SERGIO FAJARDO VALDERRAMA,298,0,-298,19123,21846,1.5583328975579145,0.0,-1.5583328975579145
037,DAGUA,76233,SONDRA MACOLLINS GARVIN PINTO,23,0,-23,19123,21846,0.12027401558332898,0.0,-0.12027401558332898
037,DAGUA,76233,VOTO EN BLANCO,403,292,-111,19123,21846,2.107409925220938,1.3366291311910647,-0.7707807940298734
037,DAGUA,76233,ÓSCAR MAURICIO LIZCANO ARANGO,37,0,-37,19123,21846,0.19348428593839878,0.0,-0.19348428593839878
040,CALIMA (DARIEN),76126,ABELARDO DE LA ESPRIELLA,3579,4486,907,8334,9460,42.94456443484521,47.420718816067655,4.476154381222443
040,CALIMA (DARIEN),76126,CLAUDIA LÓPEZ,55,0,-55,8334,9460,0.659947204223662,0.0,-0.659947204223662
040,CALIMA (DARIEN),76126,GUSTAVO MATAMOROS CAMACHO,2,0,-2,8334,9460,0.023998080153587713,0.0,-0.023998080153587713
040,CALIMA (DARIEN),76126,IVÁN CEPEDA CASTRO,3637,4802,1165,8334,9460,43.64050875929926,50.761099365750525,7.120590606451266
040,CALIMA (DARIEN),76126,MIGUEL URIBE LONDOÑO,8,0,-8,8334,9460,0.09599232061435085,0.0,-0.09599232061435085
040,CALIMA (DARIEN),76126,PALOMA VALENCIA LASERNA,474,0,-474,8334,9460,5.6875449964002875,0.0,-5.6875449964002875
040,CALIMA (DARIEN),76126,RAÚL SANTIAGO BOTERO JARAMILLO,115,0,-115,8334,9460,1.3798896088312935,0.0,-1.3798896088312935
040,CALIMA (DARIEN),76126,ROY LEONARDO BARRERAS MONTEALEGRE,5,0,-5,8334,9460,0.059995200383969285,0.0,-0.059995200383969285
040,CALIMA (DARIEN),76126,SERGIO FAJARDO VALDERRAMA,221,0,-221,8334,9460,2.6517878569714424,0.0,-2.6517878569714424
040,CALIMA (DARIEN),76126,SONDRA MACOLLINS GARVIN PINTO,10,0,-10,8334,9460,0.11999040076793857,0.0,-0.11999040076793857
040,CALIMA (DARIEN),76126,VOTO EN BLANCO,206,172,-34,8334,9460,2.4718022558195343,1.8181818181818181,-0.6536204376377162
040,CALIMA (DARIEN),76126,ÓSCAR MAURICIO LIZCANO ARANGO,22,0,-22,8334,9460,0.2639788816894648,0.0,-0.2639788816894648
043,EL AGUILA,76243,ABELARDO DE LA ESPRIELLA,1927,3096,1169,3688,4089,52.25054229934925,75.71533382245048,23.464791523101226
043,EL AGUILA,76243,CLAUDIA LÓPEZ,23,0,-23,3688,4089,0.6236442516268981,0.0,-0.6236442516268981
043,EL AGUILA,76243,GUSTAVO MATAMOROS CAMACHO,2,0,-2,3688,4089,0.05422993492407809,0.0,-0.05422993492407809
043,EL AGUILA,76243,IVÁN CEPEDA CASTRO,717,915,198,3688,4089,19.441431670281993,22.377109317681583,2.93567764739959
043,EL AGUILA,76243,MIGUEL URIBE LONDOÑO,17,0,-17,3688,4089,0.46095444685466375,0.0,-0.46095444685466375
043,EL AGUILA,76243,PALOMA VALENCIA LASERNA,762,0,-762,3688,4089,20.66160520607375,0.0,-20.66160520607375
043,EL AGUILA,76243,RAÚL SANTIAGO BOTERO JARAMILLO,70,0,-70,3688,4089,1.8980477223427332,0.0,-1.8980477223427332
043,EL AGUILA,76243,ROY LEONARDO BARRERAS MONTEALEGRE,2,0,-2,3688,4089,0.05422993492407809,0.0,-0.05422993492407809
043,EL AGUILA,76243,SERGIO FAJARDO VALDERRAMA,73,0,-73,3688,4089,1.9793926247288502,0.0,-1.9793926247288502
043,EL AGUILA,76243,SONDRA MACOLLINS GARVIN PINTO,6,0,-6,3688,4089,0.16268980477223427,0.0,-0.16268980477223427
043,EL AGUILA,76243,VOTO EN BLANCO,82,78,-4,3688,4089,2.2234273318872018,1.9075568598679384,-0.3158704720192633
043,EL AGUILA,76243,ÓSCAR MAURICIO LIZCANO ARANGO,7,0,-7,3688,4089,0.1898047722342733,0.0,-0.1898047722342733
046,EL CAIRO,76246,ABELARDO DE LA ESPRIELLA,1311,2139,828,2781,3152,47.14131607335491,67.86167512690355,20.72035905354864
046,EL CAIRO,76246,CLAUDIA LÓPEZ,15,0,-15,2781,3152,0.5393743257820928,0.0,-0.5393743257820928
046,EL CAIRO,76246,GUSTAVO MATAMOROS CAMACHO,1,0,-1,2781,3152,0.03595828838547285,0.0,-0.03595828838547285
046,EL CAIRO,76246,IVÁN CEPEDA CASTRO,739,954,215,2781,3152,26.57317511686444,30.26649746192893,3.693322345064491
046,EL CAIRO,76246,MIGUEL URIBE LONDOÑO,11,0,-11,2781,3152,0.3955411722402014,0.0,-0.3955411722402014
046,EL CAIRO,76246,PALOMA VALENCIA LASERNA,512,0,-512,2781,3152,18.4106436533621,0.0,-18.4106436533621
046,EL CAIRO,76246,RAÚL SANTIAGO BOTERO JARAMILLO,46,0,-46,2781,3152,1.6540812657317512,0.0,-1.6540812657317512
046,EL CAIRO,76246,ROY LEONARDO BARRERAS MONTEALEGRE,10,0,-10,2781,3152,0.35958288385472853,0.0,-0.35958288385472853
046,EL CAIRO,76246,SERGIO FAJARDO VALDERRAMA,67,0,-67,2781,3152,2.409205321826681,0.0,-2.409205321826681
046,EL CAIRO,76246,SONDRA MACOLLINS GARVIN PINTO,8,0,-8,2781,3152,0.2876663070837828,0.0,-0.2876663070837828
046,EL CAIRO,76246,VOTO EN BLANCO,55,59,4,2781,3152,1.9777058612010068,1.8718274111675128,-0.10587845003349394
046,EL CAIRO,76246,ÓSCAR MAURICIO LIZCANO ARANGO,6,0,-6,2781,3152,0.2157497303128371,0.0,-0.2157497303128371
049,EL CERRITO,76248,ABELARDO DE LA ESPRIELLA,7562,9325,1763,31129,34637,24.292460406694723,26.92207754713168,2.629617140436956
049,EL CERRITO,76248,CLAUDIA LÓPEZ,118,0,-118,31129,34637,0.379067750329275,0.0,-0.379067750329275
049,EL CERRITO,76248,GUSTAVO MATAMOROS CAMACHO,9,0,-9,31129,34637,0.028911947059012497,0.0,-0.028911947059012497
049,EL CERRITO,76248,IVÁN CEPEDA CASTRO,20795,24977,4182,31129,34637,66.80265989912942,72.1107486214164,5.308088722286982
049,EL CERRITO,76248,MIGUEL URIBE LONDOÑO,23,0,-23,31129,34637,0.07388608692858749,0.0,-0.07388608692858749
049,EL CERRITO,76248,PALOMA VALENCIA LASERNA,1182,0,-1182,31129,34637,3.7971023804169746,0.0,-3.7971023804169746
049,EL CERRITO,76248,RAÚL SANTIAGO BOTERO JARAMILLO,217,0,-217,31129,34637,0.6970991679784124,0.0,-0.6970991679784124
049,EL CERRITO,76248,ROY LEONARDO BARRERAS MONTEALEGRE,11,0,-11,31129,34637,0.03533682418323749,0.0,-0.03533682418323749
049,EL CERRITO,76248,SERGIO FAJARDO VALDERRAMA,666,0,-666,31129,34637,2.1394840823669248,0.0,-2.1394840823669248
049,EL CERRITO,76248,SONDRA MACOLLINS GARVIN PINTO,13,0,-13,31129,34637,0.04176170130746249,0.0,-0.04176170130746249
049,EL CERRITO,76248,VOTO EN BLANCO,500,335,-165,31129,34637,1.60621928105625,0.9671738314519156,-0.6390454496043343
049,EL CERRITO,76248,ÓSCAR MAURICIO LIZCANO ARANGO,33,0,-33,31129,34637,0.10601047254971249,0.0,-0.10601047254971249
052,EL DOVIO,76250,ABELARDO DE LA ESPRIELLA,2646,3462,816,5150,5765,51.37864077669902,60.0520381613183,8.673397384619278
052,EL DOVIO,76250,CLAUDIA LÓPEZ,27,0,-27,5150,5765,0.5242718446601942,0.0,-0.5242718446601942
052,EL DOVIO,76250,IVÁN CEPEDA CASTRO,1627,2207,580,5150,5765,31.592233009708735,38.2827406764961,6.6905076667873615
052,EL DOVIO,76250,MIGUEL URIBE LONDOÑO,16,0,-16,5150,5765,0.31067961165048547,0.0,-0.31067961165048547
052,EL DOVIO,76250,PALOMA VALENCIA LASERNA,380,0,-380,5150,5765,7.3786407766990285,0.0,-7.3786407766990285
052,EL DOVIO,76250,RAÚL SANTIAGO BOTERO JARAMILLO,150,0,-150,5150,5765,2.912621359223301,0.0,-2.912621359223301
052,EL DOVIO,76250,ROY LEONARDO BARRERAS MONTEALEGRE,13,0,-13,5150,5765,0.2524271844660194,0.0,-0.2524271844660194
052,EL DOVIO,76250,SERGIO FAJARDO VALDERRAMA,130,0,-130,5150,5765,2.524271844660194,0.0,-2.524271844660194
052,EL DOVIO,76250,SONDRA MACOLLINS GARVIN PINTO,14,0,-14,5150,5765,0.27184466019417475,0.0,-0.27184466019417475
052,EL DOVIO,76250,VOTO EN BLANCO,130,96,-34,5150,5765,2.524271844660194,1.6652211621856028,-0.8590506824745912
052,EL DOVIO,76250,ÓSCAR MAURICIO LIZCANO ARANGO,17,0,-17,5150,5765,0.33009708737864074,0.0,-0.33009708737864074
055,FLORIDA,76275,ABELARDO DE LA ESPRIELLA,5795,7464,1669,31456,35004,18.422558494404882,21.323277339732602,2.90071884532772
055,FLORIDA,76275,CLAUDIA LÓPEZ,125,0,-125,31456,35004,0.39738046795523907,0.0,-0.39738046795523907
055,FLORIDA,76275,GUSTAVO MATAMOROS CAMACHO,1,0,-1,31456,35004,0.0031790437436419123,0.0,-0.0031790437436419123
055,FLORIDA,76275,IVÁN CEPEDA CASTRO,22728,27181,4453,31456,35004,72.25330620549339,77.65112558564735,5.397819380153962
055,FLORIDA,76275,MIGUEL URIBE LONDOÑO,19,0,-19,31456,35004,0.06040183112919634,0.0,-0.06040183112919634
055,FLORIDA,76275,PALOMA VALENCIA LASERNA,1433,0,-1433,31456,35004,4.5555696846388605,0.0,-4.5555696846388605
055,FLORIDA,76275,RAÚL SANTIAGO BOTERO JARAMILLO,167,0,-167,31456,35004,0.5309003051881994,0.0,-0.5309003051881994
055,FLORIDA,76275,ROY LEONARDO BARRERAS MONTEALEGRE,16,0,-16,31456,35004,0.050864699898270596,0.0,-0.050864699898270596
055,FLORIDA,76275,SERGIO FAJARDO VALDERRAMA,649,0,-649,31456,35004,2.0631993896236014,0.0,-2.0631993896236014
055,FLORIDA,76275,SONDRA MACOLLINS GARVIN PINTO,10,0,-10,31456,35004,0.03179043743641913,0.0,-0.03179043743641913
055,FLORIDA,76275,VOTO EN BLANCO,475,359,-116,31456,35004,1.5100457782299084,1.0255970746200433,-0.48444870360986503
055,FLORIDA,76275,ÓSCAR MAURICIO LIZCANO ARANGO,38,0,-38,31456,35004,0.12080366225839267,0.0,-0.12080366225839267
058,GINEBRA,76306,ABELARDO DE LA ESPRIELLA,3920,5025,1105,11026,12114,35.55233085434428,41.480931154036654,5.928600299692377
058,GINEBRA,76306,CLAUDIA LÓPEZ,54,0,-54,11026,12114,0.48975149646290583,0.0,-0.48975149646290583
058,GINEBRA,76306,GUSTAVO MATAMOROS CAMACHO,2,0,-2,11026,12114,0.018138944313440958,0.0,-0.018138944313440958
058,GINEBRA,76306,IVÁN CEPEDA CASTRO,5641,6932,1291,11026,12114,51.16089243606022,57.22304771338946,6.062155277329239
058,GINEBRA,76306,MIGUEL URIBE LONDOÑO,19,0,-19,11026,12114,0.1723199709776891,0.0,-0.1723199709776891
058,GINEBRA,76306,PALOMA VALENCIA LASERNA,774,0,-774,11026,12114,7.019771449301651,0.0,-7.019771449301651
058,GINEBRA,76306,RAÚL SANTIAGO BOTERO JARAMILLO,116,0,-116,11026,12114,1.0520587701795754,0.0,-1.0520587701795754
058,GINEBRA,76306,ROY LEONARDO BARRERAS MONTEALEGRE,7,0,-7,11026,12114,0.06348630509704335,0.0,-0.06348630509704335
058,GINEBRA,76306,SERGIO FAJARDO VALDERRAMA,249,0,-249,11026,12114,2.2582985670233993,0.0,-2.2582985670233993
058,GINEBRA,76306,SONDRA MACOLLINS GARVIN PINTO,10,0,-10,11026,12114,0.09069472156720479,0.0,-0.09069472156720479
058,GINEBRA,76306,VOTO EN BLANCO,220,157,-63,11026,12114,1.9952838744785053,1.2960211325738815,-0.6992627419046238
058,GINEBRA,76306,ÓSCAR MAURICIO LIZCANO ARANGO,14,0,-14,11026,12114,0.1269726101940867,0.0,-0.1269726101940867
061,GUACARI,76318,ABELARDO DE LA ESPRIELLA,3867,5129,1262,17660,20145,21.896942242355603,25.46041201290643,3.563469770550828
061,GUACARI,76318,CLAUDIA LÓPEZ,58,0,-58,17660,20145,0.32842582106455265,0.0,-0.32842582106455265
061,GUACARI,76318,GUSTAVO MATAMOROS CAMACHO,3,0,-3,17660,20145,0.01698754246885617,0.0,-0.01698754246885617
061,GUACARI,76318,IVÁN CEPEDA CASTRO,12044,14854,2810,17660,20145,68.19932049830125,73.73541821792008,5.536097719618837
061,GUACARI,76318,MIGUEL URIBE LONDOÑO,15,0,-15,17660,20145,0.08493771234428087,0.0,-0.08493771234428087
061,GUACARI,76318,PALOMA VALENCIA LASERNA,868,0,-868,17660,20145,4.9150622876557195,0.0,-4.9150622876557195
061,GUACARI,76318,RAÚL SANTIAGO BOTERO JARAMILLO,121,0,-121,17660,20145,0.6851642129105323,0.0,-0.6851642129105323
061,GUACARI,76318,ROY LEONARDO BARRERAS MONTEALEGRE,13,0,-13,17660,20145,0.07361268403171008,0.0,-0.07361268403171008
061,GUACARI,76318,SERGIO FAJARDO VALDERRAMA,360,0,-360,17660,20145,2.0385050962627407,0.0,-2.0385050962627407
061,GUACARI,76318,SONDRA MACOLLINS GARVIN PINTO,9,0,-9,17660,20145,0.05096262740656852,0.0,-0.05096262740656852
061,GUACARI,76318,VOTO EN BLANCO,284,162,-122,17660,20145,1.608154020385051,0.8041697691734921,-0.8039842512115589
061,GUACARI,76318,ÓSCAR MAURICIO LIZCANO ARANGO,18,0,-18,17660,20145,0.10192525481313704,0.0,-0.10192525481313704
064,JAMUNDI,76364,ABELARDO DE LA ESPRIELLA,25902,30710,4808,80551,87828,32.15602537522811,34.966070045999,2.8100446707708855
064,JAMUNDI,76364,CLAUDIA LÓPEZ,504,0,-504,80551,87828,0.6256905562935283,0.0,-0.6256905562935283
064,JAMUNDI,76364,GUSTAVO MATAMOROS CAMACHO,18,0,-18,80551,87828,0.02234609129619744,0.0,-0.02234609129619744
064,JAMUNDI,76364,IVÁN CEPEDA CASTRO,44872,55763,10891,80551,87828,55.70632270238731,63.4911417771098,7.784819074722492
064,JAMUNDI,76364,MIGUEL URIBE LONDOÑO,93,0,-93,80551,87828,0.11545480503035344,0.0,-0.11545480503035344
064,JAMUNDI,76364,PALOMA VALENCIA LASERNA,3686,0,-3686,80551,87828,4.575982917654653,0.0,-4.575982917654653
064,JAMUNDI,76364,RAÚL SANTIAGO BOTERO JARAMILLO,600,0,-600,80551,87828,0.7448697098732481,0.0,-0.7448697098732481
064,JAMUNDI,76364,ROY LEONARDO BARRERAS MONTEALEGRE,50,0,-50,80551,87828,0.062072475822770666,0.0,-0.062072475822770666
064,JAMUNDI,76364,SERGIO FAJARDO VALDERRAMA,2833,0,-2833,80551,87828,3.5170264801181856,0.0,-3.5170264801181856
064,JAMUNDI,76364,SONDRA MACOLLINS GARVIN PINTO,79,0,-79,80551,87828,0.09807451179997764,0.0,-0.09807451179997764
064,JAMUNDI,76364,VOTO EN BLANCO,1789,1355,-434,80551,87828,2.2209531849387347,1.5427881768911964,-0.6781650080475383
064,JAMUNDI,76364,ÓSCAR MAURICIO LIZCANO ARANGO,125,0,-125,80551,87828,0.15518118955692667,0.0,-0.15518118955692667
067,LA CUMBRE,76377,ABELARDO DE LA ESPRIELLA,2973,3952,979,7982,8856,37.24630418441494,44.625112917795846,7.378808733380907
067,LA CUMBRE,76377,CLAUDIA LÓPEZ,44,0,-44,7982,8856,0.5512402906539714,0.0,-0.5512402906539714
067,LA CUMBRE,76377,GUSTAVO MATAMOROS CAMACHO,3,0,-3,7982,8856,0.037584565271861686,0.0,-0.037584565271861686
067,LA CUMBRE,76377,IVÁN CEPEDA CASTRO,3864,4792,928,7982,8856,48.408920070157855,54.11020776874436,5.701287698586505
067,LA CUMBRE,76377,MIGUEL URIBE LONDOÑO,15,0,-15,7982,8856,0.18792282635930843,0.0,-0.18792282635930843
067,LA CUMBRE,76377,PALOMA VALENCIA LASERNA,663,0,-663,7982,8856,8.306188925081432,0.0,-8.306188925081432
067,LA CUMBRE,76377,RAÚL SANTIAGO BOTERO JARAMILLO,65,0,-65,7982,8856,0.8143322475570033,0.0,-0.8143322475570033
067,LA CUMBRE,76377,ROY LEONARDO BARRERAS MONTEALEGRE,12,0,-12,7982,8856,0.15033826108744675,0.0,-0.15033826108744675
067,LA CUMBRE,76377,SERGIO FAJARDO VALDERRAMA,145,0,-145,7982,8856,1.816587321473315,0.0,-1.816587321473315
067,LA CUMBRE,76377,SONDRA MACOLLINS GARVIN PINTO,9,0,-9,7982,8856,0.11275369581558506,0.0,-0.11275369581558506
067,LA CUMBRE,76377,VOTO EN BLANCO,160,112,-48,7982,8856,2.0045101478326237,1.2646793134598013,-0.7398308343728224
067,LA CUMBRE,76377,ÓSCAR MAURICIO LIZCANO ARANGO,29,0,-29,7982,8856,0.363317464294663,0.0,-0.363317464294663
070,LA UNION,76400,ABELARDO DE LA ESPRIELLA,9439,11569,2130,16196,17098,58.279822178315634,67.66288454790033,9.3830623695847
070,LA UNION,76400,CLAUDIA LÓPEZ,123,0,-123,16196,17098,0.7594467769819708,0.0,-0.7594467769819708
070,LA UNION,76400,GUSTAVO MATAMOROS CAMACHO,5,0,-5,16196,17098,0.03087182020251914,0.0,-0.03087182020251914
070,LA UNION,76400,IVÁN CEPEDA CASTRO,3996,5213,1217,16196,17098,24.672758705853298,30.488946075564392,5.816187369711095
070,LA UNION,76400,MIGUEL URIBE LONDOÑO,36,0,-36,16196,17098,0.2222771054581378,0.0,-0.2222771054581378
070,LA UNION,76400,PALOMA VALENCIA LASERNA,1250,0,-1250,16196,17098,7.717955050629785,0.0,-7.717955050629785
070,LA UNION,76400,RAÚL SANTIAGO BOTERO JARAMILLO,347,0,-347,16196,17098,2.1425043220548283,0.0,-2.1425043220548283
070,LA UNION,76400,ROY LEONARDO BARRERAS MONTEALEGRE,16,0,-16,16196,17098,0.09878982464806124,0.0,-0.09878982464806124
070,LA UNION,76400,SERGIO FAJARDO VALDERRAMA,592,0,-592,16196,17098,3.6552235119782663,0.0,-3.6552235119782663
070,LA UNION,76400,SONDRA MACOLLINS GARVIN PINTO,19,0,-19,16196,17098,0.11731291676957273,0.0,-0.11731291676957273
070,LA UNION,76400,VOTO EN BLANCO,337,316,-21,16196,17098,2.08076068164979,1.8481693765352674,-0.23259130511452275
070,LA UNION,76400,ÓSCAR MAURICIO LIZCANO ARANGO,36,0,-36,16196,17098,0.2222771054581378,0.0,-0.2222771054581378
073,LA VICTORIA,76403,ABELARDO DE LA ESPRIELLA,3343,4258,915,6136,6600,54.48174706649282,64.51515151515152,10.033404448658693
073,LA VICTORIA,76403,CLAUDIA LÓPEZ,34,0,-34,6136,6600,0.5541069100391135,0.0,-0.5541069100391135
073,LA VICTORIA,76403,GUSTAVO MATAMOROS CAMACHO,1,0,-1,6136,6600,0.016297262059973925,0.0,-0.016297262059973925
073,LA VICTORIA,76403,IVÁN CEPEDA CASTRO,1826,2252,426,6136,6600,29.758800521512384,34.12121212121212,4.362411599699733
073,LA VICTORIA,76403,MIGUEL URIBE LONDOÑO,8,0,-8,6136,6600,0.1303780964797914,0.0,-0.1303780964797914
073,LA VICTORIA,76403,PALOMA VALENCIA LASERNA,550,0,-550,6136,6600,8.963494132985659,0.0,-8.963494132985659
073,LA VICTORIA,76403,RAÚL SANTIAGO BOTERO JARAMILLO,99,0,-99,6136,6600,1.6134289439374185,0.0,-1.6134289439374185
073,LA VICTORIA,76403,ROY LEONARDO BARRERAS MONTEALEGRE,8,0,-8,6136,6600,0.1303780964797914,0.0,-0.1303780964797914
073,LA VICTORIA,76403,SERGIO FAJARDO VALDERRAMA,122,0,-122,6136,6600,1.9882659713168187,0.0,-1.9882659713168187
073,LA VICTORIA,76403,SONDRA MACOLLINS GARVIN PINTO,6,0,-6,6136,6600,0.09778357235984356,0.0,-0.09778357235984356
073,LA VICTORIA,76403,VOTO EN BLANCO,130,90,-40,6136,6600,2.11864406779661,1.3636363636363635,-0.7550077041602463
073,LA VICTORIA,76403,ÓSCAR MAURICIO LIZCANO ARANGO,9,0,-9,6136,6600,0.14667535853976532,0.0,-0.14667535853976532
076,OBANDO,76497,ABELARDO DE LA ESPRIELLA,1783,2439,656,5261,5928,33.8908952670595,41.14372469635627,7.252829429296774
076,OBANDO,76497,CLAUDIA LÓPEZ,18,0,-18,5261,5928,0.3421402775137806,0.0,-0.3421402775137806
076,OBANDO,76497,IVÁN CEPEDA CASTRO,2772,3410,638,5261,5928,52.68960273712222,57.52361673414305,4.834013997020826
076,OBANDO,76497,MIGUEL URIBE LONDOÑO,9,0,-9,5261,5928,0.1710701387568903,0.0,-0.1710701387568903
076,OBANDO,76497,PALOMA VALENCIA LASERNA,370,0,-370,5261,5928,7.032883482227713,0.0,-7.032883482227713
076,OBANDO,76497,RAÚL SANTIAGO BOTERO JARAMILLO,122,0,-122,5261,5928,2.318950769815624,0.0,-2.318950769815624
076,OBANDO,76497,ROY LEONARDO BARRERAS MONTEALEGRE,5,0,-5,5261,5928,0.09503896597605019,0.0,-0.09503896597605019
076,OBANDO,76497,SERGIO FAJARDO VALDERRAMA,90,0,-90,5261,5928,1.7107013875689032,0.0,-1.7107013875689032
076,OBANDO,76497,SONDRA MACOLLINS GARVIN PINTO,5,0,-5,5261,5928,0.09503896597605019,0.0,-0.09503896597605019
076,OBANDO,76497,VOTO EN BLANCO,79,79,0,5261,5928,1.5016156624215928,1.332658569500675,-0.16895709292091787
076,OBANDO,76497,ÓSCAR MAURICIO LIZCANO ARANGO,8,0,-8,5261,5928,0.1520623455616803,0.0,-0.1520623455616803
079,PALMIRA,76520,ABELARDO DE LA ESPRIELLA,52499,62677,10178,164014,176562,32.00885290280098,35.498578403053884,3.489725500252902
079,PALMIRA,76520,CLAUDIA LÓPEZ,1079,0,-1079,164014,176562,0.6578706695769874,0.0,-0.6578706695769874
079,PALMIRA,76520,GUSTAVO MATAMOROS CAMACHO,37,0,-37,164014,176562,0.02255904983720902,0.0,-0.02255904983720902
079,PALMIRA,76520,IVÁN CEPEDA CASTRO,90506,111026,20520,164014,176562,55.18187471801188,62.88216037425946,7.70028565624758
079,PALMIRA,76520,MIGUEL URIBE LONDOÑO,156,0,-156,164014,176562,0.09511383174607045,0.0,-0.09511383174607045
079,PALMIRA,76520,PALOMA VALENCIA LASERNA,8077,0,-8077,164014,176562,4.924579609057764,0.0,-4.924579609057764
079,PALMIRA,76520,RAÚL SANTIAGO BOTERO JARAMILLO,1137,0,-1137,164014,176562,0.6932335044569365,0.0,-0.6932335044569365
079,PALMIRA,76520,ROY LEONARDO BARRERAS MONTEALEGRE,90,0,-90,164014,176562,0.0548733644688868,0.0,-0.0548733644688868
079,PALMIRA,76520,SERGIO FAJARDO VALDERRAMA,6509,0,-6509,164014,176562,3.9685636591998246,0.0,-3.9685636591998246
079,PALMIRA,76520,SONDRA MACOLLINS GARVIN PINTO,199,0,-199,164014,176562,0.12133110588120526,0.0,-0.12133110588120526
079,PALMIRA,76520,VOTO EN BLANCO,3445,2859,-586,164014,176562,2.100430451059056,1.6192612226866483,-0.48116922837240783
079,PALMIRA,76520,ÓSCAR MAURICIO LIZCANO ARANGO,280,0,-280,164014,176562,0.1707171339032034,0.0,-0.1707171339032034
082,PRADERA,76563,ABELARDO DE LA ESPRIELLA,4855,6129,1274,23128,25876,20.991871324801107,23.6860411191838,2.6941697943826917
082,PRADERA,76563,CLAUDIA LÓPEZ,101,0,-101,23128,25876,0.4367001037703217,0.0,-0.4367001037703217
082,PRADERA,76563,GUSTAVO MATAMOROS CAMACHO,5,0,-5,23128,25876,0.021618817018332757,0.0,-0.021618817018332757
082,PRADERA,76563,IVÁN CEPEDA CASTRO,16082,19477,3395,23128,25876,69.53476305776547,75.2705209460504,5.7357578882849225
082,PRADERA,76563,MIGUEL URIBE LONDOÑO,19,0,-19,23128,25876,0.08215150466966448,0.0,-0.08215150466966448
082,PRADERA,76563,PALOMA VALENCIA LASERNA,911,0,-911,23128,25876,3.9389484607402285,0.0,-3.9389484607402285
082,PRADERA,76563,RAÚL SANTIAGO BOTERO JARAMILLO,164,0,-164,23128,25876,0.7090971982013144,0.0,-0.7090971982013144
082,PRADERA,76563,ROY LEONARDO BARRERAS MONTEALEGRE,24,0,-24,23128,25876,0.10377032168799724,0.0,-0.10377032168799724
082,PRADERA,76563,SERGIO FAJARDO VALDERRAMA,494,0,-494,23128,25876,2.1359391214112766,0.0,-2.1359391214112766
082,PRADERA,76563,SONDRA MACOLLINS GARVIN PINTO,9,0,-9,23128,25876,0.03891387063299896,0.0,-0.03891387063299896
082,PRADERA,76563,VOTO EN BLANCO,430,270,-160,23128,25876,1.859218263576617,1.043437934765806,-0.815780328810811
082,PRADERA,76563,ÓSCAR MAURICIO LIZCANO ARANGO,34,0,-34,23128,25876,0.14700795572466274,0.0,-0.14700795572466274
085,RESTREPO,76606,ABELARDO DE LA ESPRIELLA,3543,4449,906,7876,9077,44.98476383951244,49.01399140685248,4.029227567340044
085,RESTREPO,76606,CLAUDIA LÓPEZ,29,0,-29,7876,9077,0.36820721178263077,0.0,-0.36820721178263077
085,RESTREPO,76606,GUSTAVO MATAMOROS CAMACHO,1,0,-1,7876,9077,0.012696800406297611,0.0,-0.012696800406297611
085,RESTREPO,76606,IVÁN CEPEDA CASTRO,3354,4512,1158,7876,9077,42.58506856272219,49.70805332158202,7.122984758859829
085,RESTREPO,76606,MIGUEL URIBE LONDOÑO,10,0,-10,7876,9077,0.12696800406297612,0.0,-0.12696800406297612
085,RESTREPO,76606,PALOMA VALENCIA LASERNA,480,0,-480,7876,9077,6.094464195022854,0.0,-6.094464195022854
085,RESTREPO,76606,RAÚL SANTIAGO BOTERO JARAMILLO,127,0,-127,7876,9077,1.612493651599797,0.0,-1.612493651599797
085,RESTREPO,76606,ROY LEONARDO BARRERAS MONTEALEGRE,6,0,-6,7876,9077,0.07618080243778569,0.0,-0.07618080243778569
085,RESTREPO,76606,SERGIO FAJARDO VALDERRAMA,160,0,-160,7876,9077,2.031488065007618,0.0,-2.031488065007618
085,RESTREPO,76606,SONDRA MACOLLINS GARVIN PINTO,3,0,-3,7876,9077,0.038090401218892844,0.0,-0.038090401218892844
085,RESTREPO,76606,VOTO EN BLANCO,149,116,-33,7876,9077,1.8918232605383445,1.2779552715654952,-0.6138679889728493
085,RESTREPO,76606,ÓSCAR MAURICIO LIZCANO ARANGO,14,0,-14,7876,9077,0.17775520568816658,0.0,-0.17775520568816658
088,RIOFRIO,76616,ABELARDO DE LA ESPRIELLA,3460,4718,1258,8252,9018,41.92922927775085,52.31758704812597,10.388357770375123
088,RIOFRIO,76616,CLAUDIA LÓPEZ,44,0,-44,8252,9018,0.5332040717401841,0.0,-0.5332040717401841
088,RIOFRIO,76616,GUSTAVO MATAMOROS CAMACHO,2,0,-2,8252,9018,0.024236548715462918,0.0,-0.024236548715462918
088,RIOFRIO,76616,IVÁN CEPEDA CASTRO,3432,4175,743,8252,9018,41.58991759573436,46.2962962962963,4.706378700561935
088,RIOFRIO,76616,MIGUEL URIBE LONDOÑO,20,0,-20,8252,9018,0.24236548715462916,0.0,-0.24236548715462916
088,RIOFRIO,76616,PALOMA VALENCIA LASERNA,831,0,-831,8252,9018,10.070285991274842,0.0,-10.070285991274842
088,RIOFRIO,76616,RAÚL SANTIAGO BOTERO JARAMILLO,135,0,-135,8252,9018,1.635967038293747,0.0,-1.635967038293747
088,RIOFRIO,76616,ROY LEONARDO BARRERAS MONTEALEGRE,8,0,-8,8252,9018,0.09694619486185167,0.0,-0.09694619486185167
088,RIOFRIO,76616,SERGIO FAJARDO VALDERRAMA,176,0,-176,8252,9018,2.1328162869607366,0.0,-2.1328162869607366
088,RIOFRIO,76616,SONDRA MACOLLINS GARVIN PINTO,14,0,-14,8252,9018,0.16965584100824044,0.0,-0.16965584100824044
088,RIOFRIO,76616,VOTO EN BLANCO,114,125,11,8252,9018,1.3814832767813863,1.3861166555777336,0.004633378796347287
088,RIOFRIO,76616,ÓSCAR MAURICIO LIZCANO ARANGO,16,0,-16,8252,9018,0.19389238972370335,0.0,-0.19389238972370335
091,ROLDANILLO,76622,ABELARDO DE LA ESPRIELLA,8798,11290,2492,19179,20571,45.873090359247094,54.88308784210783,9.009997482860733
091,ROLDANILLO,76622,CLAUDIA LÓPEZ,97,0,-97,19179,20571,0.5057615099848793,0.0,-0.5057615099848793
091,ROLDANILLO,76622,GUSTAVO MATAMOROS CAMACHO,1,0,-1,19179,20571,0.005214036185411127,0.0,-0.005214036185411127
091,ROLDANILLO,76622,IVÁN CEPEDA CASTRO,7303,8989,1686,19179,20571,38.07810626205746,43.69743814107238,5.619331879014922
091,ROLDANILLO,76622,MIGUEL URIBE LONDOÑO,18,0,-18,19179,20571,0.09385265133740028,0.0,-0.09385265133740028
091,ROLDANILLO,76622,PALOMA VALENCIA LASERNA,1518,0,-1518,19179,20571,7.914906929454091,0.0,-7.914906929454091
091,ROLDANILLO,76622,RAÚL SANTIAGO BOTERO JARAMILLO,276,0,-276,19179,20571,1.439073987173471,0.0,-1.439073987173471
091,ROLDANILLO,76622,ROY LEONARDO BARRERAS MONTEALEGRE,9,0,-9,19179,20571,0.04692632566870014,0.0,-0.04692632566870014
091,ROLDANILLO,76622,SERGIO FAJARDO VALDERRAMA,783,0,-783,19179,20571,4.0825903331769124,0.0,-4.0825903331769124
091,ROLDANILLO,76622,SONDRA MACOLLINS GARVIN PINTO,10,0,-10,19179,20571,0.05214036185411127,0.0,-0.05214036185411127
091,ROLDANILLO,76622,VOTO EN BLANCO,332,292,-40,19179,20571,1.731060013556494,1.4194740168197948,-0.3115859967366992
091,ROLDANILLO,76622,ÓSCAR MAURICIO LIZCANO ARANGO,34,0,-34,19179,20571,0.1772772303039783,0.0,-0.1772772303039783
094,SAN PEDRO,76670,ABELARDO DE LA ESPRIELLA,2917,3660,743,8233,9191,35.43058423417953,39.82156457403982,4.390980339860292
094,SAN PEDRO,76670,CLAUDIA LÓPEZ,26,0,-26,8233,9191,0.31580225920077737,0.0,-0.31580225920077737
094,SAN PEDRO,76670,GUSTAVO MATAMOROS CAMACHO,4,0,-4,8233,9191,0.04858496295396575,0.0,-0.04858496295396575
094,SAN PEDRO,76670,IVÁN CEPEDA CASTRO,4290,5420,1130,8233,9191,52.10737276812827,58.97073223805898,6.863359469930707
094,SAN PEDRO,76670,MIGUEL URIBE LONDOÑO,7,0,-7,8233,9191,0.08502368516944005,0.0,-0.08502368516944005
094,SAN PEDRO,76670,PALOMA VALENCIA LASERNA,545,0,-545,8233,9191,6.619701202477833,0.0,-6.619701202477833
094,SAN PEDRO,76670,RAÚL SANTIAGO BOTERO JARAMILLO,127,0,-127,8233,9191,1.5425725737884124,0.0,-1.5425725737884124
094,SAN PEDRO,76670,ROY LEONARDO BARRERAS MONTEALEGRE,1,0,-1,8233,9191,0.012146240738491437,0.0,-0.012146240738491437
094,SAN PEDRO,76670,SERGIO FAJARDO VALDERRAMA,156,0,-156,8233,9191,1.8948135552046643,0.0,-1.8948135552046643
094,SAN PEDRO,76670,SONDRA MACOLLINS GARVIN PINTO,8,0,-8,8233,9191,0.0971699259079315,0.0,-0.0971699259079315
094,SAN PEDRO,76670,VOTO EN BLANCO,140,111,-29,8233,9191,1.7004737033888013,1.2077031879012077,-0.49277051548759365
094,SAN PEDRO,76670,ÓSCAR MAURICIO LIZCANO ARANGO,12,0,-12,8233,9191,0.14575488886189725,0.0,-0.14575488886189725
097,SEVILLA,76736,ABELARDO DE LA ESPRIELLA,7471,10399,2928,18737,20496,39.87297859849496,50.736729117876656,10.863750519381696
097,SEVILLA,76736,CLAUDIA LÓPEZ,141,0,-141,18737,20496,0.7525217484122324,0.0,-0.7525217484122324
097,SEVILLA,76736,GUSTAVO MATAMOROS CAMACHO,5,0,-5,18737,20496,0.0266851683834125,0.0,-0.0266851683834125
097,SEVILLA,76736,IVÁN CEPEDA CASTRO,7715,9715,2000,18737,20496,41.175214815605486,47.399492583918814,6.224277768313328
097,SEVILLA,76736,MIGUEL URIBE LONDOÑO,41,0,-41,18737,20496,0.2188183807439825,0.0,-0.2188183807439825
097,SEVILLA,76736,PALOMA VALENCIA LASERNA,2126,0,-2126,18737,20496,11.346533596626996,0.0,-11.346533596626996
097,SEVILLA,76736,RAÚL SANTIAGO BOTERO JARAMILLO,227,0,-227,18737,20496,1.2115066446069274,0.0,-1.2115066446069274
097,SEVILLA,76736,ROY LEONARDO BARRERAS MONTEALEGRE,19,0,-19,18737,20496,0.10140363985696749,0.0,-0.10140363985696749
097,SEVILLA,76736,SERGIO FAJARDO VALDERRAMA,565,0,-565,18737,20496,3.0154240273256123,0.0,-3.0154240273256123
097,SEVILLA,76736,SONDRA MACOLLINS GARVIN PINTO,28,0,-28,18737,20496,0.14943694294711,0.0,-0.14943694294711
097,SEVILLA,76736,VOTO EN BLANCO,362,382,20,18737,20496,1.932006190959065,1.8637782982045277,-0.06822789275453722
097,SEVILLA,76736,ÓSCAR MAURICIO LIZCANO ARANGO,37,0,-37,18737,20496,0.1974702460372525,0.0,-0.1974702460372525
100,TORO,76823,ABELARDO DE LA ESPRIELLA,3142,4642,1500,6199,6827,50.68559445071785,67.99472681997949,17.30913236926164
100,TORO,76823,CLAUDIA LÓPEZ,30,0,-30,6199,6827,0.4839490240361349,0.0,-0.4839490240361349
100,TORO,76823,GUSTAVO MATAMOROS CAMACHO,2,0,-2,6199,6827,0.032263268269075655,0.0,-0.032263268269075655
100,TORO,76823,IVÁN CEPEDA CASTRO,1608,2088,480,6199,6827,25.939667688336826,30.5844441189395,4.6447764306026755
100,TORO,76823,MIGUEL URIBE LONDOÑO,15,0,-15,6199,6827,0.24197451201806744,0.0,-0.24197451201806744
100,TORO,76823,PALOMA VALENCIA LASERNA,945,0,-945,6199,6827,15.244394257138246,0.0,-15.244394257138246
100,TORO,76823,RAÚL SANTIAGO BOTERO JARAMILLO,164,0,-164,6199,6827,2.6455879980642036,0.0,-2.6455879980642036
100,TORO,76823,ROY LEONARDO BARRERAS MONTEALEGRE,7,0,-7,6199,6827,0.1129214389417648,0.0,-0.1129214389417648
100,TORO,76823,SERGIO FAJARDO VALDERRAMA,142,0,-142,6199,6827,2.2906920471043715,0.0,-2.2906920471043715
100,TORO,76823,SONDRA MACOLLINS GARVIN PINTO,13,0,-13,6199,6827,0.2097112437489918,0.0,-0.2097112437489918
100,TORO,76823,VOTO EN BLANCO,118,97,-21,6199,6827,1.9035328278754637,1.420829061081002,-0.4827037667944618
100,TORO,76823,ÓSCAR MAURICIO LIZCANO ARANGO,13,0,-13,6199,6827,0.2097112437489918,0.0,-0.2097112437489918
103,TRUJILLO,76828,ABELARDO DE LA ESPRIELLA,4086,5745,1659,8635,9485,47.319050376375216,60.56931997891407,13.250269602538857
103,TRUJILLO,76828,CLAUDIA LÓPEZ,43,0,-43,8635,9485,0.49797336421540245,0.0,-0.49797336421540245
103,TRUJILLO,76828,GUSTAVO MATAMOROS CAMACHO,5,0,-5,8635,9485,0.05790387955993051,0.0,-0.05790387955993051
103,TRUJILLO,76828,IVÁN CEPEDA CASTRO,2862,3578,716,8635,9485,33.144180660104226,37.722720084343706,4.57853942423948
103,TRUJILLO,76828,MIGUEL URIBE LONDOÑO,17,0,-17,8635,9485,0.19687319050376373,0.0,-0.19687319050376373
103,TRUJILLO,76828,PALOMA VALENCIA LASERNA,1059,0,-1059,8635,9485,12.264041690793283,0.0,-12.264041690793283
103,TRUJILLO,76828,RAÚL SANTIAGO BOTERO JARAMILLO,164,0,-164,8635,9485,1.8992472495657209,0.0,-1.8992472495657209
103,TRUJILLO,76828,ROY LEONARDO BARRERAS MONTEALEGRE,17,0,-17,8635,9485,0.19687319050376373,0.0,-0.19687319050376373
103,TRUJILLO,76828,SERGIO FAJARDO VALDERRAMA,200,0,-200,8635,9485,2.3161551823972206,0.0,-2.3161551823972206
103,TRUJILLO,76828,SONDRA MACOLLINS GARVIN PINTO,16,0,-16,8635,9485,0.18529241459177764,0.0,-0.18529241459177764
103,TRUJILLO,76828,VOTO EN BLANCO,151,162,11,8635,9485,1.7486971627099015,1.7079599367422247,-0.040737225967676816
103,TRUJILLO,76828,ÓSCAR MAURICIO LIZCANO ARANGO,15,0,-15,8635,9485,0.17371163867979156,0.0,-0.17371163867979156
106,TULUA,76834,ABELARDO DE LA ESPRIELLA,41364,49177,7813,98002,104809,42.207301891798124,46.920588880725894,4.71328698892777
106,TULUA,76834,CLAUDIA LÓPEZ,577,0,-577,98002,104809,0.5887634946225587,0.0,-0.5887634946225587
106,TULUA,76834,GUSTAVO MATAMOROS CAMACHO,21,0,-21,98002,104809,0.021428134119711843,0.0,-0.021428134119711843
106,TULUA,76834,IVÁN CEPEDA CASTRO,43206,53886,10680,98002,104809,44.086855370298565,51.413523647778334,7.326668277479769
106,TULUA,76834,MIGUEL URIBE LONDOÑO,115,0,-115,98002,104809,0.11734454398889818,0.0,-0.11734454398889818
106,TULUA,76834,PALOMA VALENCIA LASERNA,5370,0,-5370,98002,104809,5.479480010612028,0.0,-5.479480010612028
106,TULUA,76834,RAÚL SANTIAGO BOTERO JARAMILLO,1063,0,-1063,98002,104809,1.084671741393033,0.0,-1.084671741393033
106,TULUA,76834,ROY LEONARDO BARRERAS MONTEALEGRE,78,0,-78,98002,104809,0.07959021244464398,0.0,-0.07959021244464398
106,TULUA,76834,SERGIO FAJARDO VALDERRAMA,4061,0,-4061,98002,104809,4.143792983816657,0.0,-4.143792983816657
106,TULUA,76834,SONDRA MACOLLINS GARVIN PINTO,73,0,-73,98002,104809,0.0744882757494745,0.0,-0.0744882757494745
106,TULUA,76834,VOTO EN BLANCO,1956,1746,-210,98002,104809,1.995877635150303,1.6658874714957683,-0.3299901636545346
106,TULUA,76834,ÓSCAR MAURICIO LIZCANO ARANGO,118,0,-118,98002,104809,0.12040570600599988,0.0,-0.12040570600599988
109,ULLOA,76845,ABELARDO DE LA ESPRIELLA,992,1475,483,2554,2866,38.84103367267032,51.465457083042566,12.624423410372245
109,ULLOA,76845,CLAUDIA LÓPEZ,14,0,-14,2554,2866,0.548159749412686,0.0,-0.548159749412686
109,ULLOA,76845,IVÁN CEPEDA CASTRO,1081,1359,278,2554,2866,42.325763508222394,47.41800418702024,5.092240678797843
109,ULLOA,76845,MIGUEL URIBE LONDOÑO,11,0,-11,2554,2866,0.4306969459671104,0.0,-0.4306969459671104
109,ULLOA,76845,PALOMA VALENCIA LASERNA,302,0,-302,2554,2866,11.82458888018794,0.0,-11.82458888018794
109,ULLOA,76845,RAÚL SANTIAGO BOTERO JARAMILLO,65,0,-65,2554,2866,2.5450274079874706,0.0,-2.5450274079874706
109,ULLOA,76845,ROY LEONARDO BARRERAS MONTEALEGRE,2,0,-2,2554,2866,0.07830853563038372,0.0,-0.07830853563038372
109,ULLOA,76845,SERGIO FAJARDO VALDERRAMA,38,0,-38,2554,2866,1.4878621769772904,0.0,-1.4878621769772904
109,ULLOA,76845,SONDRA MACOLLINS GARVIN PINTO,1,0,-1,2554,2866,0.03915426781519186,0.0,-0.03915426781519186
109,ULLOA,76845,VOTO EN BLANCO,44,32,-12,2554,2866,1.7227877838684416,1.1165387299371947,-0.6062490539312468
109,ULLOA,76845,ÓSCAR MAURICIO LIZCANO ARANGO,4,0,-4,2554,2866,0.15661707126076743,0.0,-0.15661707126076743
112,VERSALLES,76863,ABELARDO DE LA ESPRIELLA,2086,2994,908,3733,4102,55.87998928475757,72.98878595806923,17.10879667331166
112,VERSALLES,76863,CLAUDIA LÓPEZ,19,0,-19,3733,4102,0.5089740155371015,0.0,-0.5089740155371015
112,VERSALLES,76863,GUSTAVO MATAMOROS CAMACHO,2,0,-2,3733,4102,0.05357621216180017,0.0,-0.05357621216180017
112,VERSALLES,76863,IVÁN CEPEDA CASTRO,788,1037,249,3733,4102,21.109027591749264,25.28035104826914,4.171323456519875
112,VERSALLES,76863,MIGUEL URIBE LONDOÑO,6,0,-6,3733,4102,0.16072863648540048,0.0,-0.16072863648540048
112,VERSALLES,76863,PALOMA VALENCIA LASERNA,603,0,-603,3733,4102,16.153227966782747,0.0,-16.153227966782747
112,VERSALLES,76863,RAÚL SANTIAGO BOTERO JARAMILLO,69,0,-69,3733,4102,1.8483793195821057,0.0,-1.8483793195821057
112,VERSALLES,76863,ROY LEONARDO BARRERAS MONTEALEGRE,6,0,-6,3733,4102,0.16072863648540048,0.0,-0.16072863648540048
112,VERSALLES,76863,SERGIO FAJARDO VALDERRAMA,77,0,-77,3733,4102,2.062684168229306,0.0,-2.062684168229306
112,VERSALLES,76863,SONDRA MACOLLINS GARVIN PINTO,7,0,-7,3733,4102,0.18751674256630055,0.0,-0.18751674256630055
112,VERSALLES,76863,VOTO EN BLANCO,61,71,10,3733,4102,1.6340744709349049,1.7308629936616284,0.09678852272672356
112,VERSALLES,76863,ÓSCAR MAURICIO LIZCANO ARANGO,9,0,-9,3733,4102,0.24109295472810074,0.0,-0.24109295472810074
115,VIJES,76869,ABELARDO DE LA ESPRIELLA,1589,2619,1030,6410,7318,24.78939157566303,35.78846679420607,10.999075218543044
115,VIJES,76869,CLAUDIA LÓPEZ,27,0,-27,6410,7318,0.42121684867394693,0.0,-0.42121684867394693
115,VIJES,76869,IVÁN CEPEDA CASTRO,3828,4633,805,6410,7318,59.719188767550705,63.30964744465702,3.5904586771063123
115,VIJES,76869,MIGUEL URIBE LONDOÑO,9,0,-9,6410,7318,0.14040561622464898,0.0,-0.14040561622464898
115,VIJES,76869,PALOMA VALENCIA LASERNA,689,0,-689,6410,7318,10.748829953198127,0.0,-10.748829953198127
115,VIJES,76869,RAÚL SANTIAGO BOTERO JARAMILLO,51,0,-51,6410,7318,0.795631825273011,0.0,-0.795631825273011
115,VIJES,76869,ROY LEONARDO BARRERAS MONTEALEGRE,3,0,-3,6410,7318,0.046801872074883,0.0,-0.046801872074883
115,VIJES,76869,SERGIO FAJARDO VALDERRAMA,106,0,-106,6410,7318,1.6536661466458658,0.0,-1.6536661466458658
115,VIJES,76869,SONDRA MACOLLINS GARVIN PINTO,4,0,-4,6410,7318,0.062402496099843996,0.0,-0.062402496099843996
115,VIJES,76869,VOTO EN BLANCO,98,66,-32,6410,7318,1.5288611544461779,0.9018857611369226,-0.6269753933092552
115,VIJES,76869,ÓSCAR MAURICIO LIZCANO ARANGO,6,0,-6,6410,7318,0.093603744149766,0.0,-0.093603744149766
118,YOTOCO,76890,ABELARDO DE LA ESPRIELLA,2679,3502,823,8320,9433,32.19951923076923,37.12498674864836,4.925467517879127
118,YOTOCO,76890,CLAUDIA LÓPEZ,38,0,-38,8320,9433,0.4567307692307693,0.0,-0.4567307692307693
118,YOTOCO,76890,GUSTAVO MATAMOROS CAMACHO,2,0,-2,8320,9433,0.02403846153846154,0.0,-0.02403846153846154
118,YOTOCO,76890,IVÁN CEPEDA CASTRO,4636,5807,1171,8320,9433,55.72115384615385,61.560479168875226,5.839325322721379
118,YOTOCO,76890,MIGUEL URIBE LONDOÑO,16,0,-16,8320,9433,0.19230769230769232,0.0,-0.19230769230769232
118,YOTOCO,76890,PALOMA VALENCIA LASERNA,505,0,-505,8320,9433,6.069711538461538,0.0,-6.069711538461538
118,YOTOCO,76890,RAÚL SANTIAGO BOTERO JARAMILLO,74,0,-74,8320,9433,0.8894230769230769,0.0,-0.8894230769230769
118,YOTOCO,76890,ROY LEONARDO BARRERAS MONTEALEGRE,12,0,-12,8320,9433,0.14423076923076925,0.0,-0.14423076923076925
118,YOTOCO,76890,SERGIO FAJARDO VALDERRAMA,184,0,-184,8320,9433,2.2115384615384617,0.0,-2.2115384615384617
118,YOTOCO,76890,SONDRA MACOLLINS GARVIN PINTO,4,0,-4,8320,9433,0.04807692307692308,0.0,-0.04807692307692308
118,YOTOCO,76890,VOTO EN BLANCO,156,124,-32,8320,9433,1.875,1.3145340824764125,-0.5604659175235875
118,YOTOCO,76890,ÓSCAR MAURICIO LIZCANO ARANGO,14,0,-14,8320,9433,0.16826923076923078,0.0,-0.16826923076923078
121,YUMBO,76892,ABELARDO DE LA ESPRIELLA,14163,17647,3484,65335,71312,21.67750822683095,24.746185775185104,3.068677548354156
121,YUMBO,76892,CLAUDIA LÓPEZ,288,0,-288,65335,71312,0.44080508150302294,0.0,-0.44080508150302294
121,YUMBO,76892,GUSTAVO MATAMOROS CAMACHO,20,0,-20,65335,71312,0.03061146399326548,0.0,-0.03061146399326548
121,YUMBO,76892,IVÁN CEPEDA CASTRO,44715,52878,8163,65335,71312,68.4395806229433,74.1502131478573,5.710632524914004
121,YUMBO,76892,MIGUEL URIBE LONDOÑO,42,0,-42,65335,71312,0.0642840743858575,0.0,-0.0642840743858575
121,YUMBO,76892,PALOMA VALENCIA LASERNA,2980,0,-2980,65335,71312,4.561108134996556,0.0,-4.561108134996556
121,YUMBO,76892,RAÚL SANTIAGO BOTERO JARAMILLO,437,0,-437,65335,71312,0.6688604882528507,0.0,-0.6688604882528507
121,YUMBO,76892,ROY LEONARDO BARRERAS MONTEALEGRE,35,0,-35,65335,71312,0.05357006198821459,0.0,-0.05357006198821459
121,YUMBO,76892,SERGIO FAJARDO VALDERRAMA,1511,0,-1511,65335,71312,2.312696104691207,0.0,-2.312696104691207
121,YUMBO,76892,SONDRA MACOLLINS GARVIN PINTO,31,0,-31,65335,71312,0.04744776918956149,0.0,-0.04744776918956149
121,YUMBO,76892,VOTO EN BLANCO,1036,787,-249,65335,71312,1.5856738348511517,1.1036010769575948,-0.48207275789355686
121,YUMBO,76892,ÓSCAR MAURICIO LIZCANO ARANGO,77,0,-77,65335,71312,0.11785413637407209,0.0,-0.11785413637407209
124,ZARZAL,76895,ABELARDO DE LA ESPRIELLA,6357,7815,1458,22390,24273,28.39213934792318,32.196267457669016,3.804128109745836
124,ZARZAL,76895,CLAUDIA LÓPEZ,84,0,-84,22390,24273,0.37516748548459133,0.0,-0.37516748548459133
124,ZARZAL,76895,GUSTAVO MATAMOROS CAMACHO,2,0,-2,22390,24273,0.008932559178204555,0.0,-0.008932559178204555
124,ZARZAL,76895,IVÁN CEPEDA CASTRO,13557,16179,2622,22390,24273,60.54935238945958,66.65430725497467,6.10495486551509
124,ZARZAL,76895,MIGUEL URIBE LONDOÑO,17,0,-17,22390,24273,0.07592675301473872,0.0,-0.07592675301473872
124,ZARZAL,76895,PALOMA VALENCIA LASERNA,1186,0,-1186,22390,24273,5.2970075926753015,0.0,-5.2970075926753015
124,ZARZAL,76895,RAÚL SANTIAGO BOTERO JARAMILLO,229,0,-229,22390,24273,1.0227780259044215,0.0,-1.0227780259044215
124,ZARZAL,76895,ROY LEONARDO BARRERAS MONTEALEGRE,20,0,-20,22390,24273,0.08932559178204555,0.0,-0.08932559178204555
124,ZARZAL,76895,SERGIO FAJARDO VALDERRAMA,567,0,-567,22390,24273,2.5323805270209916,0.0,-2.5323805270209916
124,ZARZAL,76895,SONDRA MACOLLINS GARVIN PINTO,9,0,-9,22390,24273,0.040196516301920504,0.0,-0.040196516301920504
124,ZARZAL,76895,VOTO EN BLANCO,337,279,-58,22390,24273,1.5051362215274677,1.1494252873563218,-0.35571093417114596
124,ZARZAL,76895,ÓSCAR MAURICIO LIZCANO ARANGO,25,0,-25,22390,24273,0.11165698972755694,0.0,-0.11165698972755694
