territorio_nombre,unidad,votos_1v,votos_2v,delta_abs,val_1V,val_2V,pp_1v,pp_2v,delta_pp
Comuna 1,ABELARDO DE LA ESPRIELLA,6037,7425,1388,23202,26011,26.01930868028618,28.545615316596823,2.5263066363106432
Comuna 1,CLAUDIA LÓPEZ,148,0,-148,23202,26011,0.6378760451685199,0.0,-0.6378760451685199
Comuna 1,GUSTAVO MATAMOROS CAMACHO,5,0,-5,23202,26011,0.021549866390828377,0.0,-0.021549866390828377
Comuna 1,IVÁN CEPEDA CASTRO,14283,18180,3897,23202,26011,61.559348332040344,69.89350659336434,8.334158261323992
Comuna 1,MIGUEL URIBE LONDOÑO,22,0,-22,23202,26011,0.09481941211964486,0.0,-0.09481941211964486
Comuna 1,PALOMA VALENCIA LASERNA,1120,0,-1120,23202,26011,4.827170071545557,0.0,-4.827170071545557
Comuna 1,RAÚL SANTIAGO BOTERO JARAMILLO,133,0,-133,23202,26011,0.5732264459960348,0.0,-0.5732264459960348
Comuna 1,ROY LEONARDO BARRERAS MONTEALEGRE,17,0,-17,23202,26011,0.07326954572881648,0.0,-0.07326954572881648
Comuna 1,SERGIO FAJARDO VALDERRAMA,845,0,-845,23202,26011,3.641927420049996,0.0,-3.641927420049996
Comuna 1,SONDRA MACOLLINS GARVIN PINTO,23,0,-23,23202,26011,0.09912938539781053,0.0,-0.09912938539781053
Comuna 1,VOTO EN BLANCO,533,406,-127,23202,26011,2.297215757262305,1.5608780900388297,-0.7363376672234752
Comuna 1,ÓSCAR MAURICIO LIZCANO ARANGO,36,0,-36,23202,26011,0.1551590380139643,0.0,-0.1551590380139643
Comuna 10,ABELARDO DE LA ESPRIELLA,20298,24023,3725,52822,55516,38.42717049714135,43.27220981338713,4.845039316245781
Comuna 10,CLAUDIA LÓPEZ,386,0,-386,52822,55516,0.7307561243421302,0.0,-0.7307561243421302
Comuna 10,GUSTAVO MATAMOROS CAMACHO,9,0,-9,52822,55516,0.017038355230775057,0.0,-0.017038355230775057
Comuna 10,IVÁN CEPEDA CASTRO,25001,30461,5460,52822,55516,47.330657680511905,54.86886663304272,7.538208952530816
Comuna 10,MIGUEL URIBE LONDOÑO,31,0,-31,52822,55516,0.058687668017114086,0.0,-0.058687668017114086
Comuna 10,PALOMA VALENCIA LASERNA,3037,0,-3037,52822,55516,5.749498315095983,0.0,-5.749498315095983
Comuna 10,RAÚL SANTIAGO BOTERO JARAMILLO,203,0,-203,52822,55516,0.3843095679830374,0.0,-0.3843095679830374
Comuna 10,ROY LEONARDO BARRERAS MONTEALEGRE,36,0,-36,52822,55516,0.06815342092310023,0.0,-0.06815342092310023
Comuna 10,SERGIO FAJARDO VALDERRAMA,2652,0,-2652,52822,55516,5.0206353413350495,0.0,-5.0206353413350495
Comuna 10,SONDRA MACOLLINS GARVIN PINTO,38,0,-38,52822,55516,0.07193972208549468,0.0,-0.07193972208549468
Comuna 10,VOTO EN BLANCO,1054,1032,-22,52822,55516,1.9953807125818785,1.858923553570142,-0.1364571590117365
Comuna 10,ÓSCAR MAURICIO LIZCANO ARANGO,77,0,-77,52822,55516,0.1457725947521866,0.0,-0.1457725947521866
Comuna 11,ABELARDO DE LA ESPRIELLA,14331,17078,2747,44819,48648,31.975278341774693,35.105245847722415,3.1299675059477217
Comuna 11,CLAUDIA LÓPEZ,276,0,-276,44819,48648,0.6158102590419242,0.0,-0.6158102590419242
Comuna 11,GUSTAVO MATAMOROS CAMACHO,14,0,-14,44819,48648,0.031236752270242533,0.0,-0.031236752270242533
Comuna 11,IVÁN CEPEDA CASTRO,24954,30783,5829,44819,48648,55.67727972511658,63.27701036013813,7.599730635021551
Comuna 11,MIGUEL URIBE LONDOÑO,36,0,-36,44819,48648,0.08032307726633794,0.0,-0.08032307726633794
Comuna 11,PALOMA VALENCIA LASERNA,2162,0,-2162,44819,48648,4.8238470291617395,0.0,-4.8238470291617395
Comuna 11,RAÚL SANTIAGO BOTERO JARAMILLO,222,0,-222,44819,48648,0.4953256431424173,0.0,-0.4953256431424173
Comuna 11,ROY LEONARDO BARRERAS MONTEALEGRE,35,0,-35,44819,48648,0.07809188067560632,0.0,-0.07809188067560632
Comuna 11,SERGIO FAJARDO VALDERRAMA,1762,0,-1762,44819,48648,3.931368392869096,0.0,-3.931368392869096
Comuna 11,SONDRA MACOLLINS GARVIN PINTO,31,0,-31,44819,48648,0.0691670943126799,0.0,-0.0691670943126799
Comuna 11,VOTO EN BLANCO,929,787,-142,44819,48648,2.072781632789665,1.6177437921394509,-0.45503784065021424
Comuna 11,ÓSCAR MAURICIO LIZCANO ARANGO,67,0,-67,44819,48648,0.14949017157901784,0.0,-0.14949017157901784
Comuna 12,ABELARDO DE LA ESPRIELLA,9577,11241,1664,31467,34203,30.43505895064671,32.86553811069204,2.4304791600453335
Comuna 12,CLAUDIA LÓPEZ,187,0,-187,31467,34203,0.5942733657482442,0.0,-0.5942733657482442
Comuna 12,GUSTAVO MATAMOROS CAMACHO,5,0,-5,31467,34203,0.01588966218578193,0.0,-0.01588966218578193
Comuna 12,IVÁN CEPEDA CASTRO,18453,22446,3993,31467,34203,58.642387262846796,65.6258222962898,6.983435033443001
Comuna 12,MIGUEL URIBE LONDOÑO,30,0,-30,31467,34203,0.09533797311469158,0.0,-0.09533797311469158
Comuna 12,PALOMA VALENCIA LASERNA,1364,0,-1364,31467,34203,4.33469984428131,0.0,-4.33469984428131
Comuna 12,RAÚL SANTIAGO BOTERO JARAMILLO,163,0,-163,31467,34203,0.518002987256491,0.0,-0.518002987256491
Comuna 12,ROY LEONARDO BARRERAS MONTEALEGRE,23,0,-23,31467,34203,0.07309244605459687,0.0,-0.07309244605459687
Comuna 12,SERGIO FAJARDO VALDERRAMA,1031,0,-1031,31467,34203,3.276448342708234,0.0,-3.276448342708234
Comuna 12,SONDRA MACOLLINS GARVIN PINTO,18,0,-18,31467,34203,0.057202783868814944,0.0,-0.057202783868814944
Comuna 12,VOTO EN BLANCO,580,516,-64,31467,34203,1.8432008135507039,1.5086395930181562,-0.33456122053254767
Comuna 12,ÓSCAR MAURICIO LIZCANO ARANGO,36,0,-36,31467,34203,0.11440556773762989,0.0,-0.11440556773762989
Comuna 13,ABELARDO DE LA ESPRIELLA,14071,17497,3426,60195,67956,23.375695655785364,25.74754252751781,2.371846871732444
Comuna 13,CLAUDIA LÓPEZ,412,0,-412,60195,67956,0.6844422294210483,0.0,-0.6844422294210483
Comuna 13,GUSTAVO MATAMOROS CAMACHO,18,0,-18,60195,67956,0.029902815848492397,0.0,-0.029902815848492397
Comuna 13,IVÁN CEPEDA CASTRO,39069,49514,10445,60195,67956,64.90406179915276,72.86185178645006,7.9577899872973035
Comuna 13,MIGUEL URIBE LONDOÑO,76,0,-76,60195,67956,0.12625633358252344,0.0,-0.12625633358252344
Comuna 13,PALOMA VALENCIA LASERNA,2874,0,-2874,60195,67956,4.774482930475953,0.0,-4.774482930475953
Comuna 13,RAÚL SANTIAGO BOTERO JARAMILLO,400,0,-400,60195,67956,0.6645070188553867,0.0,-0.6645070188553867
Comuna 13,ROY LEONARDO BARRERAS MONTEALEGRE,35,0,-35,60195,67956,0.058144364149846334,0.0,-0.058144364149846334
Comuna 13,SERGIO FAJARDO VALDERRAMA,1665,0,-1665,60195,67956,2.766010465985547,0.0,-2.766010465985547
Comuna 13,SONDRA MACOLLINS GARVIN PINTO,56,0,-56,60195,67956,0.09303098263975414,0.0,-0.09303098263975414
Comuna 13,VOTO EN BLANCO,1385,945,-440,60195,67956,2.3008555527867762,1.3906056860321385,-0.9102498667546377
Comuna 13,ÓSCAR MAURICIO LIZCANO ARANGO,134,0,-134,60195,67956,0.22260985131655453,0.0,-0.22260985131655453
Comuna 14,ABELARDO DE LA ESPRIELLA,12214,15329,3115,60606,70494,20.153120153120152,21.745113059267453,1.5919929061473006
Comuna 14,CLAUDIA LÓPEZ,350,0,-350,60606,70494,0.5775005775005776,0.0,-0.5775005775005776
Comuna 14,GUSTAVO MATAMOROS CAMACHO,15,0,-15,60606,70494,0.02475002475002475,0.0,-0.02475002475002475
Comuna 14,IVÁN CEPEDA CASTRO,41992,54217,12225,60606,70494,69.28686928686929,76.91009163900475,7.623222352135457
Comuna 14,MIGUEL URIBE LONDOÑO,77,0,-77,60606,70494,0.12705012705012705,0.0,-0.12705012705012705
Comuna 14,PALOMA VALENCIA LASERNA,2446,0,-2446,60606,70494,4.035904035904036,0.0,-4.035904035904036
Comuna 14,RAÚL SANTIAGO BOTERO JARAMILLO,441,0,-441,60606,70494,0.7276507276507277,0.0,-0.7276507276507277
Comuna 14,ROY LEONARDO BARRERAS MONTEALEGRE,55,0,-55,60606,70494,0.09075009075009076,0.0,-0.09075009075009076
Comuna 14,SERGIO FAJARDO VALDERRAMA,1289,0,-1289,60606,70494,2.126852126852127,0.0,-2.126852126852127
Comuna 14,SONDRA MACOLLINS GARVIN PINTO,66,0,-66,60606,70494,0.10890010890010891,0.0,-0.10890010890010891
Comuna 14,VOTO EN BLANCO,1545,948,-597,60606,70494,2.5492525492525493,1.3447953017278067,-1.2044572475247426
Comuna 14,ÓSCAR MAURICIO LIZCANO ARANGO,116,0,-116,60606,70494,0.19140019140019138,0.0,-0.19140019140019138
Comuna 15,ABELARDO DE LA ESPRIELLA,10133,12453,2320,45640,52429,22.20201577563541,23.752121917259533,1.5501061416241235
Comuna 15,CLAUDIA LÓPEZ,287,0,-287,45640,52429,0.6288343558282209,0.0,-0.6288343558282209
Comuna 15,GUSTAVO MATAMOROS CAMACHO,14,0,-14,45640,52429,0.030674846625766874,0.0,-0.030674846625766874
Comuna 15,IVÁN CEPEDA CASTRO,30421,39261,8840,45640,52429,66.65425065731813,74.88412901256937,8.229878355251245
Comuna 15,MIGUEL URIBE LONDOÑO,63,0,-63,45640,52429,0.13803680981595093,0.0,-0.13803680981595093
Comuna 15,PALOMA VALENCIA LASERNA,1949,0,-1949,45640,52429,4.2703768624014025,0.0,-4.2703768624014025
Comuna 15,RAÚL SANTIAGO BOTERO JARAMILLO,277,0,-277,45640,52429,0.6069237510955302,0.0,-0.6069237510955302
Comuna 15,ROY LEONARDO BARRERAS MONTEALEGRE,23,0,-23,45640,52429,0.050394390885188434,0.0,-0.050394390885188434
Comuna 15,SERGIO FAJARDO VALDERRAMA,1246,0,-1246,45640,52429,2.7300613496932513,0.0,-2.7300613496932513
Comuna 15,SONDRA MACOLLINS GARVIN PINTO,50,0,-50,45640,52429,0.10955302366345311,0.0,-0.10955302366345311
Comuna 15,VOTO EN BLANCO,1098,715,-383,45640,52429,2.40578439964943,1.3637490701710886,-1.0420353294783415
Comuna 15,ÓSCAR MAURICIO LIZCANO ARANGO,79,0,-79,45640,52429,0.17309377738825593,0.0,-0.17309377738825593
Comuna 16,ABELARDO DE LA ESPRIELLA,13777,16254,2477,45013,49045,30.60671361606647,33.1409929656438,2.534279349577325
Comuna 16,CLAUDIA LÓPEZ,329,0,-329,45013,49045,0.7308999622331326,0.0,-0.7308999622331326
Comuna 16,GUSTAVO MATAMOROS CAMACHO,20,0,-20,45013,49045,0.04443160864639104,0.0,-0.04443160864639104
Comuna 16,IVÁN CEPEDA CASTRO,25815,32022,6207,45013,49045,57.35009886032923,65.29105923131819,7.940960370988954
Comuna 16,MIGUEL URIBE LONDOÑO,40,0,-40,45013,49045,0.08886321729278208,0.0,-0.08886321729278208
Comuna 16,PALOMA VALENCIA LASERNA,2005,0,-2005,45013,49045,4.454268766800702,0.0,-4.454268766800702
Comuna 16,RAÚL SANTIAGO BOTERO JARAMILLO,220,0,-220,45013,49045,0.48874769511030147,0.0,-0.48874769511030147
Comuna 16,ROY LEONARDO BARRERAS MONTEALEGRE,38,0,-38,45013,49045,0.08442005642814297,0.0,-0.08442005642814297
Comuna 16,SERGIO FAJARDO VALDERRAMA,1667,0,-1667,45013,49045,3.703374580676693,0.0,-3.703374580676693
Comuna 16,SONDRA MACOLLINS GARVIN PINTO,39,0,-39,45013,49045,0.08664163686046253,0.0,-0.08664163686046253
Comuna 16,VOTO EN BLANCO,970,769,-201,45013,49045,2.1549330193499654,1.5679478030380265,-0.5869852163119389
Comuna 16,ÓSCAR MAURICIO LIZCANO ARANGO,93,0,-93,45013,49045,0.20660698020571835,0.0,-0.20660698020571835
Comuna 17,ABELARDO DE LA ESPRIELLA,42463,49702,7239,83866,85659,50.63196050843012,58.02309156072333,7.391131052293211
Comuna 17,CLAUDIA LÓPEZ,586,0,-586,83866,85659,0.6987336942265042,0.0,-0.6987336942265042
Comuna 17,GUSTAVO MATAMOROS CAMACHO,10,0,-10,83866,85659,0.011923783177926693,0.0,-0.011923783177926693
Comuna 17,IVÁN CEPEDA CASTRO,26897,34205,7308,83866,85659,32.07139961366943,39.931589208372735,7.860189594703307
Comuna 17,MIGUEL URIBE LONDOÑO,14,0,-14,83866,85659,0.01669329644909737,0.0,-0.01669329644909737
Comuna 17,PALOMA VALENCIA LASERNA,5942,0,-5942,83866,85659,7.085111964324041,0.0,-7.085111964324041
Comuna 17,RAÚL SANTIAGO BOTERO JARAMILLO,162,0,-162,83866,85659,0.19316528748241243,0.0,-0.19316528748241243
Comuna 17,ROY LEONARDO BARRERAS MONTEALEGRE,58,0,-58,83866,85659,0.06915794243197482,0.0,-0.06915794243197482
Comuna 17,SERGIO FAJARDO VALDERRAMA,6415,0,-6415,83866,85659,7.649106908639973,0.0,-7.649106908639973
Comuna 17,SONDRA MACOLLINS GARVIN PINTO,49,0,-49,83866,85659,0.05842653757184079,0.0,-0.05842653757184079
Comuna 17,VOTO EN BLANCO,1214,1752,538,83866,85659,1.4475472778003005,2.045319230903933,0.5977719531036325
Comuna 17,ÓSCAR MAURICIO LIZCANO ARANGO,56,0,-56,83866,85659,0.06677318579638948,0.0,-0.06677318579638948
Comuna 18,ABELARDO DE LA ESPRIELLA,17001,20296,3295,53333,57695,31.877074231713948,35.17809168905451,3.3010174573405635
Comuna 18,CLAUDIA LÓPEZ,343,0,-343,53333,57695,0.6431290195563723,0.0,-0.6431290195563723
Comuna 18,GUSTAVO MATAMOROS CAMACHO,14,0,-14,53333,57695,0.0262501640635254,0.0,-0.0262501640635254
Comuna 18,IVÁN CEPEDA CASTRO,29561,36478,6917,53333,57695,55.427221420133876,63.22558280613572,7.798361386001844
Comuna 18,MIGUEL URIBE LONDOÑO,44,0,-44,53333,57695,0.08250051562822268,0.0,-0.08250051562822268
Comuna 18,PALOMA VALENCIA LASERNA,2634,0,-2634,53333,57695,4.938780867380421,0.0,-4.938780867380421
Comuna 18,RAÚL SANTIAGO BOTERO JARAMILLO,279,0,-279,53333,57695,0.5231282695516847,0.0,-0.5231282695516847
Comuna 18,ROY LEONARDO BARRERAS MONTEALEGRE,38,0,-38,53333,57695,0.07125044531528321,0.0,-0.07125044531528321
Comuna 18,SERGIO FAJARDO VALDERRAMA,2213,0,-2213,53333,57695,4.149400933755836,0.0,-4.149400933755836
Comuna 18,SONDRA MACOLLINS GARVIN PINTO,37,0,-37,53333,57695,0.06937543359645998,0.0,-0.06937543359645998
Comuna 18,VOTO EN BLANCO,1106,921,-185,53333,57695,2.0737629610185064,1.5963255048097753,-0.4774374562087311
Comuna 18,ÓSCAR MAURICIO LIZCANO ARANGO,63,0,-63,53333,57695,0.11812573828586428,0.0,-0.11812573828586428
Comuna 19,ABELARDO DE LA ESPRIELLA,30736,36187,5451,63064,65161,48.73779018140302,55.534752382560114,6.796962201157093
Comuna 19,CLAUDIA LÓPEZ,417,0,-417,63064,65161,0.6612330331092223,0.0,-0.6612330331092223
Comuna 19,GUSTAVO MATAMOROS CAMACHO,14,0,-14,63064,65161,0.02219967017632881,0.0,-0.02219967017632881
Comuna 19,IVÁN CEPEDA CASTRO,22435,27775,5340,63064,65161,35.57497145756692,42.62518991421249,7.050218456645574
Comuna 19,MIGUEL URIBE LONDOÑO,27,0,-27,63064,65161,0.04281364962577699,0.0,-0.04281364962577699
Comuna 19,PALOMA VALENCIA LASERNA,4422,0,-4422,63064,65161,7.011924394266142,0.0,-7.011924394266142
Comuna 19,RAÚL SANTIAGO BOTERO JARAMILLO,172,0,-172,63064,65161,0.2727388050234682,0.0,-0.2727388050234682
Comuna 19,ROY LEONARDO BARRERAS MONTEALEGRE,35,0,-35,63064,65161,0.05549917544082203,0.0,-0.05549917544082203
Comuna 19,SERGIO FAJARDO VALDERRAMA,3904,0,-3904,63064,65161,6.190536597741977,0.0,-6.190536597741977
Comuna 19,SONDRA MACOLLINS GARVIN PINTO,34,0,-34,63064,65161,0.05391348471394139,0.0,-0.05391348471394139
Comuna 19,VOTO EN BLANCO,821,1199,378,63064,65161,1.3018520867689964,1.8400577032273908,0.5382056164583944
Comuna 19,ÓSCAR MAURICIO LIZCANO ARANGO,47,0,-47,63064,65161,0.07452746416338957,0.0,-0.07452746416338957
Comuna 2,ABELARDO DE LA ESPRIELLA,38837,45149,6312,75592,80220,51.37712985501112,56.28147594116181,4.904346086150689
Comuna 2,CLAUDIA LÓPEZ,415,0,-415,75592,80220,0.5489998941686951,0.0,-0.5489998941686951
Comuna 2,GUSTAVO MATAMOROS CAMACHO,5,0,-5,75592,80220,0.006614456556249339,0.0,-0.006614456556249339
Comuna 2,IVÁN CEPEDA CASTRO,25620,33702,8082,75592,80220,33.89247539422161,42.01196709050112,8.11949169627951
Comuna 2,MIGUEL URIBE LONDOÑO,19,0,-19,75592,80220,0.025134934913747485,0.0,-0.025134934913747485
Comuna 2,PALOMA VALENCIA LASERNA,4896,0,-4896,75592,80220,6.476875859879352,0.0,-6.476875859879352
Comuna 2,RAÚL SANTIAGO BOTERO JARAMILLO,230,0,-230,75592,80220,0.30426500158746955,0.0,-0.30426500158746955
Comuna 2,ROY LEONARDO BARRERAS MONTEALEGRE,64,0,-64,75592,80220,0.08466504391999154,0.0,-0.08466504391999154
Comuna 2,SERGIO FAJARDO VALDERRAMA,4357,0,-4357,75592,80220,5.763837443115674,0.0,-5.763837443115674
Comuna 2,SONDRA MACOLLINS GARVIN PINTO,29,0,-29,75592,80220,0.038363848026246164,0.0,-0.038363848026246164
Comuna 2,VOTO EN BLANCO,1059,1369,310,75592,80220,1.40094189861361,1.7065569683370732,0.3056150697234632
Comuna 2,ÓSCAR MAURICIO LIZCANO ARANGO,61,0,-61,75592,80220,0.08069636998624193,0.0,-0.08069636998624193
Comuna 20,ABELARDO DE LA ESPRIELLA,6163,7628,1465,25957,29597,23.743113610971992,25.772882386728384,2.0297687757563914
Comuna 20,CLAUDIA LÓPEZ,147,0,-147,25957,29597,0.566321223562045,0.0,-0.566321223562045
Comuna 20,GUSTAVO MATAMOROS CAMACHO,4,0,-4,25957,29597,0.015410101321416188,0.0,-0.015410101321416188
Comuna 20,IVÁN CEPEDA CASTRO,16910,21556,4646,25957,29597,65.14620333628693,72.83170591614015,7.685502579853221
Comuna 20,MIGUEL URIBE LONDOÑO,31,0,-31,25957,29597,0.11942828524097546,0.0,-0.11942828524097546
Comuna 20,PALOMA VALENCIA LASERNA,1198,0,-1198,25957,29597,4.615325345764148,0.0,-4.615325345764148
Comuna 20,RAÚL SANTIAGO BOTERO JARAMILLO,176,0,-176,25957,29597,0.6780444581423123,0.0,-0.6780444581423123
Comuna 20,ROY LEONARDO BARRERAS MONTEALEGRE,15,0,-15,25957,29597,0.057787879955310706,0.0,-0.057787879955310706
Comuna 20,SERGIO FAJARDO VALDERRAMA,675,0,-675,25957,29597,2.600454597988982,0.0,-2.600454597988982
Comuna 20,SONDRA MACOLLINS GARVIN PINTO,19,0,-19,25957,29597,0.0731979812767269,0.0,-0.0731979812767269
Comuna 20,VOTO EN BLANCO,568,413,-155,25957,29597,2.188234387641099,1.395411697131466,-0.7928226905096327
Comuna 20,ÓSCAR MAURICIO LIZCANO ARANGO,51,0,-51,25957,29597,0.19647879184805642,0.0,-0.19647879184805642
Comuna 21,ABELARDO DE LA ESPRIELLA,8649,10442,1793,44090,50476,19.616693127693356,20.6870591964498,1.0703660687564422
Comuna 21,CLAUDIA LÓPEZ,271,0,-271,44090,50476,0.6146518484917215,0.0,-0.6146518484917215
Comuna 21,GUSTAVO MATAMOROS CAMACHO,20,0,-20,44090,50476,0.04536176003628941,0.0,-0.04536176003628941
Comuna 21,IVÁN CEPEDA CASTRO,30927,39363,8436,44090,50476,70.14515763211612,77.98359616451383,7.838438532397703
Comuna 21,MIGUEL URIBE LONDOÑO,47,0,-47,44090,50476,0.1066001360852801,0.0,-0.1066001360852801
Comuna 21,PALOMA VALENCIA LASERNA,1681,0,-1681,44090,50476,3.812655931050125,0.0,-3.812655931050125
Comuna 21,RAÚL SANTIAGO BOTERO JARAMILLO,279,0,-279,44090,50476,0.6327965525062372,0.0,-0.6327965525062372
Comuna 21,ROY LEONARDO BARRERAS MONTEALEGRE,30,0,-30,44090,50476,0.06804264005443411,0.0,-0.06804264005443411
Comuna 21,SERGIO FAJARDO VALDERRAMA,1043,0,-1043,44090,50476,2.3656157858924924,0.0,-2.3656157858924924
Comuna 21,SONDRA MACOLLINS GARVIN PINTO,46,0,-46,44090,50476,0.10433204808346563,0.0,-0.10433204808346563
Comuna 21,VOTO EN BLANCO,1015,671,-344,44090,50476,2.3021093218416873,1.3293446390363737,-0.9727646828053136
Comuna 21,ÓSCAR MAURICIO LIZCANO ARANGO,82,0,-82,44090,50476,0.18598321614878657,0.0,-0.18598321614878657
Comuna 22,ABELARDO DE LA ESPRIELLA,16670,19074,2404,24381,24389,68.37291333415364,78.20738857681742,9.834475242663785
Comuna 22,CLAUDIA LÓPEZ,123,0,-123,24381,24389,0.5044912021656207,0.0,-0.5044912021656207
Comuna 22,IVÁN CEPEDA CASTRO,3522,4921,1399,24381,24389,14.44567491079119,20.177129033580712,5.731454122789522
Comuna 22,MIGUEL URIBE LONDOÑO,1,0,-1,24381,24389,0.004101554489151388,0.0,-0.004101554489151388
Comuna 22,PALOMA VALENCIA LASERNA,2073,0,-2073,24381,24389,8.502522456010828,0.0,-8.502522456010828
Comuna 22,RAÚL SANTIAGO BOTERO JARAMILLO,30,0,-30,24381,24389,0.12304663467454166,0.0,-0.12304663467454166
Comuna 22,ROY LEONARDO BARRERAS MONTEALEGRE,8,0,-8,24381,24389,0.032812435913211105,0.0,-0.032812435913211105
Comuna 22,SERGIO FAJARDO VALDERRAMA,1759,0,-1759,24381,24389,7.214634346417292,0.0,-7.214634346417292
Comuna 22,SONDRA MACOLLINS GARVIN PINTO,9,0,-9,24381,24389,0.03691399040236249,0.0,-0.03691399040236249
Comuna 22,VOTO EN BLANCO,178,394,216,24381,24389,0.7300766990689471,1.6154823896018695,0.8854056905329224
Comuna 22,ÓSCAR MAURICIO LIZCANO ARANGO,8,0,-8,24381,24389,0.032812435913211105,0.0,-0.032812435913211105
Comuna 3,ABELARDO DE LA ESPRIELLA,8780,10549,1769,21157,22621,41.49926738195396,46.63365898943459,5.13439160748063
Comuna 3,CLAUDIA LÓPEZ,118,0,-118,21157,22621,0.5577350285957366,0.0,-0.5577350285957366
Comuna 3,GUSTAVO MATAMOROS CAMACHO,2,0,-2,21157,22621,0.009453136077893842,0.0,-0.009453136077893842
Comuna 3,IVÁN CEPEDA CASTRO,9644,11716,2072,21157,22621,45.583022167604106,51.792582113964905,6.209559946360798
Comuna 3,MIGUEL URIBE LONDOÑO,16,0,-16,21157,22621,0.07562508862315073,0.0,-0.07562508862315073
Comuna 3,PALOMA VALENCIA LASERNA,1314,0,-1314,21157,22621,6.210710403176254,0.0,-6.210710403176254
Comuna 3,RAÚL SANTIAGO BOTERO JARAMILLO,82,0,-82,21157,22621,0.38757857919364747,0.0,-0.38757857919364747
Comuna 3,ROY LEONARDO BARRERAS MONTEALEGRE,9,0,-9,21157,22621,0.04253911235052229,0.0,-0.04253911235052229
Comuna 3,SERGIO FAJARDO VALDERRAMA,821,0,-821,21157,22621,3.8805123599754214,0.0,-3.8805123599754214
Comuna 3,SONDRA MACOLLINS GARVIN PINTO,12,0,-12,21157,22621,0.05671881646736305,0.0,-0.05671881646736305
Comuna 3,VOTO EN BLANCO,338,356,18,21157,22621,1.5975799971640594,1.573758896600504,-0.023821100563555353
Comuna 3,ÓSCAR MAURICIO LIZCANO ARANGO,21,0,-21,21157,22621,0.09925792881788534,0.0,-0.09925792881788534
Comuna 4,ABELARDO DE LA ESPRIELLA,11297,13463,2166,32620,35042,34.63212752912324,38.41961075281091,3.7874832236876728
Comuna 4,CLAUDIA LÓPEZ,223,0,-223,32620,35042,0.683629675045984,0.0,-0.683629675045984
Comuna 4,GUSTAVO MATAMOROS CAMACHO,5,0,-5,32620,35042,0.015328019619865112,0.0,-0.015328019619865112
Comuna 4,IVÁN CEPEDA CASTRO,17072,21033,3961,32620,35042,52.33599019006744,60.02225900348154,7.686268813414095
Comuna 4,MIGUEL URIBE LONDOÑO,32,0,-32,32620,35042,0.09809932556713671,0.0,-0.09809932556713671
Comuna 4,PALOMA VALENCIA LASERNA,1657,0,-1657,32620,35042,5.079705702023299,0.0,-5.079705702023299
Comuna 4,RAÚL SANTIAGO BOTERO JARAMILLO,166,0,-166,32620,35042,0.5088902513795217,0.0,-0.5088902513795217
Comuna 4,ROY LEONARDO BARRERAS MONTEALEGRE,19,0,-19,32620,35042,0.05824647455548743,0.0,-0.05824647455548743
Comuna 4,SERGIO FAJARDO VALDERRAMA,1491,0,-1491,32620,35042,4.570815450643777,0.0,-4.570815450643777
Comuna 4,SONDRA MACOLLINS GARVIN PINTO,25,0,-25,32620,35042,0.07664009809932557,0.0,-0.07664009809932557
Comuna 4,VOTO EN BLANCO,596,546,-50,32620,35042,1.8270999386879216,1.558130243707551,-0.2689696949803706
Comuna 4,ÓSCAR MAURICIO LIZCANO ARANGO,37,0,-37,32620,35042,0.11342734518700184,0.0,-0.11342734518700184
Comuna 5,ABELARDO DE LA ESPRIELLA,17816,20720,2904,46432,48434,38.370089593383874,42.77986538382128,4.409775790437408
Comuna 5,CLAUDIA LÓPEZ,365,0,-365,46432,48434,0.7860957960027568,0.0,-0.7860957960027568
Comuna 5,GUSTAVO MATAMOROS CAMACHO,5,0,-5,46432,48434,0.010768435561681599,0.0,-0.010768435561681599
Comuna 5,IVÁN CEPEDA CASTRO,22093,26806,4713,46432,48434,47.58140937284631,55.34541850765991,7.764009134813598
Comuna 5,MIGUEL URIBE LONDOÑO,22,0,-22,46432,48434,0.04738111647139904,0.0,-0.04738111647139904
Comuna 5,PALOMA VALENCIA LASERNA,2329,0,-2329,46432,48434,5.015937284631288,0.0,-5.015937284631288
Comuna 5,RAÚL SANTIAGO BOTERO JARAMILLO,160,0,-160,46432,48434,0.34458993797381116,0.0,-0.34458993797381116
Comuna 5,ROY LEONARDO BARRERAS MONTEALEGRE,22,0,-22,46432,48434,0.04738111647139904,0.0,-0.04738111647139904
Comuna 5,SERGIO FAJARDO VALDERRAMA,2558,0,-2558,46432,48434,5.509131633356306,0.0,-5.509131633356306
Comuna 5,SONDRA MACOLLINS GARVIN PINTO,22,0,-22,46432,48434,0.04738111647139904,0.0,-0.04738111647139904
Comuna 5,VOTO EN BLANCO,966,908,-58,46432,48434,2.0804617505168848,1.874716108518809,-0.20574564199807566
Comuna 5,ÓSCAR MAURICIO LIZCANO ARANGO,74,0,-74,46432,48434,0.15937284631288767,0.0,-0.15937284631288767
Comuna 6,ABELARDO DE LA ESPRIELLA,18204,21681,3477,62661,67431,29.051563173265667,32.152867375539444,3.101304202273777
Comuna 6,CLAUDIA LÓPEZ,438,0,-438,62661,67431,0.6989993776032939,0.0,-0.6989993776032939
Comuna 6,GUSTAVO MATAMOROS CAMACHO,12,0,-12,62661,67431,0.019150667879542296,0.0,-0.019150667879542296
Comuna 6,IVÁN CEPEDA CASTRO,36824,44673,7849,62661,67431,58.76701616635547,66.2499443875962,7.4829282212407335
Comuna 6,MIGUEL URIBE LONDOÑO,48,0,-48,62661,67431,0.07660267151816919,0.0,-0.07660267151816919
Comuna 6,PALOMA VALENCIA LASERNA,2998,0,-2998,62661,67431,4.784475191905651,0.0,-4.784475191905651
Comuna 6,RAÚL SANTIAGO BOTERO JARAMILLO,324,0,-324,62661,67431,0.517068032747642,0.0,-0.517068032747642
Comuna 6,ROY LEONARDO BARRERAS MONTEALEGRE,49,0,-49,62661,67431,0.07819856050813107,0.0,-0.07819856050813107
Comuna 6,SERGIO FAJARDO VALDERRAMA,2339,0,-2339,62661,67431,3.7327843475207865,0.0,-3.7327843475207865
Comuna 6,SONDRA MACOLLINS GARVIN PINTO,58,0,-58,62661,67431,0.09256156141778778,0.0,-0.09256156141778778
Comuna 6,VOTO EN BLANCO,1280,1077,-203,62661,67431,2.0427379071511784,1.5971882368643502,-0.44554967028682824
Comuna 6,ÓSCAR MAURICIO LIZCANO ARANGO,87,0,-87,62661,67431,0.13884234212668167,0.0,-0.13884234212668167
Comuna 7,ABELARDO DE LA ESPRIELLA,9833,11921,2088,38431,42129,25.58611537560823,28.296422891594865,2.710307515986635
Comuna 7,CLAUDIA LÓPEZ,214,0,-214,38431,42129,0.5568421326533267,0.0,-0.5568421326533267
Comuna 7,GUSTAVO MATAMOROS CAMACHO,13,0,-13,38431,42129,0.033826858525669384,0.0,-0.033826858525669384
Comuna 7,IVÁN CEPEDA CASTRO,24391,29629,5238,38431,42129,63.46699279227707,70.32922689833606,6.862234106058992
Comuna 7,MIGUEL URIBE LONDOÑO,32,0,-32,38431,42129,0.08326611329395539,0.0,-0.08326611329395539
Comuna 7,PALOMA VALENCIA LASERNA,1697,0,-1697,38431,42129,4.415706070620072,0.0,-4.415706070620072
Comuna 7,RAÚL SANTIAGO BOTERO JARAMILLO,190,0,-190,38431,42129,0.4943925476828602,0.0,-0.4943925476828602
Comuna 7,ROY LEONARDO BARRERAS MONTEALEGRE,17,0,-17,38431,42129,0.04423512268741381,0.0,-0.04423512268741381
Comuna 7,SERGIO FAJARDO VALDERRAMA,1195,0,-1195,38431,42129,3.109468918321147,0.0,-3.109468918321147
Comuna 7,SONDRA MACOLLINS GARVIN PINTO,21,0,-21,38431,42129,0.05464338684915823,0.0,-0.05464338684915823
Comuna 7,VOTO EN BLANCO,750,579,-171,38431,42129,1.9515495303270798,1.3743502100690737,-0.5771993202580061
Comuna 7,ÓSCAR MAURICIO LIZCANO ARANGO,78,0,-78,38431,42129,0.20296115115401628,0.0,-0.20296115115401628
Comuna 8,ABELARDO DE LA ESPRIELLA,16421,19738,3317,45610,48536,36.003069502302125,40.666721608702815,4.66365210640069
Comuna 8,CLAUDIA LÓPEZ,338,0,-338,45610,48536,0.7410655557991669,0.0,-0.7410655557991669
Comuna 8,GUSTAVO MATAMOROS CAMACHO,7,0,-7,45610,48536,0.015347511510633634,0.0,-0.015347511510633634
Comuna 8,IVÁN CEPEDA CASTRO,23062,28027,4965,45610,48536,50.56347292260469,57.74476677105653,7.181293848451844
Comuna 8,MIGUEL URIBE LONDOÑO,31,0,-31,45610,48536,0.06796755097566323,0.0,-0.06796755097566323
Comuna 8,PALOMA VALENCIA LASERNA,2564,0,-2564,45610,48536,5.6215742161806626,0.0,-5.6215742161806626
Comuna 8,RAÚL SANTIAGO BOTERO JARAMILLO,215,0,-215,45610,48536,0.47138785354089013,0.0,-0.47138785354089013
Comuna 8,ROY LEONARDO BARRERAS MONTEALEGRE,21,0,-21,45610,48536,0.0460425345319009,0.0,-0.0460425345319009
Comuna 8,SERGIO FAJARDO VALDERRAMA,1975,0,-1975,45610,48536,4.33019074764306,0.0,-4.33019074764306
Comuna 8,SONDRA MACOLLINS GARVIN PINTO,30,0,-30,45610,48536,0.065775049331287,0.0,-0.065775049331287
Comuna 8,VOTO EN BLANCO,884,771,-113,45610,48536,1.9381714536285903,1.5885116202406462,-0.34965983338794415
Comuna 8,ÓSCAR MAURICIO LIZCANO ARANGO,62,0,-62,45610,48536,0.13593510195132646,0.0,-0.13593510195132646
Comuna 9,ABELARDO DE LA ESPRIELLA,8617,10467,1850,21398,23179,40.270118702682495,45.157254411320594,4.887135708638098
Comuna 9,CLAUDIA LÓPEZ,139,0,-139,21398,23179,0.6495934199457893,0.0,-0.6495934199457893
Comuna 9,GUSTAVO MATAMOROS CAMACHO,5,0,-5,21398,23179,0.023366669782222637,0.0,-0.023366669782222637
Comuna 9,IVÁN CEPEDA CASTRO,9853,12305,2452,21398,23179,46.04635947284793,53.08684585184865,7.040486379000718
Comuna 9,MIGUEL URIBE LONDOÑO,13,0,-13,21398,23179,0.060753341433778855,0.0,-0.060753341433778855
Comuna 9,PALOMA VALENCIA LASERNA,1257,0,-1257,21398,23179,5.874380783250771,0.0,-5.874380783250771
Comuna 9,RAÚL SANTIAGO BOTERO JARAMILLO,171,0,-171,21398,23179,0.7991401065520142,0.0,-0.7991401065520142
Comuna 9,ROY LEONARDO BARRERAS MONTEALEGRE,18,0,-18,21398,23179,0.08412001121600149,0.0,-0.08412001121600149
Comuna 9,SERGIO FAJARDO VALDERRAMA,841,0,-841,21398,23179,3.9302738573698472,0.0,-3.9302738573698472
Comuna 9,SONDRA MACOLLINS GARVIN PINTO,11,0,-11,21398,23179,0.051406673520889797,0.0,-0.051406673520889797
Comuna 9,VOTO EN BLANCO,438,407,-31,21398,23179,2.046920272922703,1.755899736830752,-0.2910205360919511
Comuna 9,ÓSCAR MAURICIO LIZCANO ARANGO,35,0,-35,21398,23179,0.16356668847555847,0.0,-0.16356668847555847
