municipio_codigo,municipio,dane_codigo,eleccion,corporacion,vuelta,circunscripcion,cand_total,hhi,n_unidades,ganador,votos_ganador,segundo,votos_segundo,blancos,nulos,no_marcados,validos,total_marcas,margen_abs,margen_pp,top1_pp,blanco_pp,nep,fragmentacion
001,CALI,76001,Congreso 2026,Consultas,NA,0,262312.0,0.6827534930506978,3,LA GRAN CONSULTA POR COLOMBIA,213876.0,FRENTE POR LA VIDA,29815.0,0.0,30802.0,15720.0,262312.0,308834.0,184061.0,70.16873036689134,81.53496599469334,0.0,1.464657464485129,0.31724650694930223
001,CALI,76001,Congreso 2026,Cámara,NA,1,775449.0,0.2227163672264498,14,MOVIMIENTO POLÍTICO PACTO HISTÓRICO,320083.0,PARTIDO CENTRO DEMOCRÁTICO,121281.0,22482.0,16086.0,8378.0,797931.0,822395.0,198802.0,24.91468560564761,40.114120143220404,2.817536854690443,4.490015765133403,0.7772836327735502
001,CALI,76001,Congreso 2026,Cámara,NA,4,1399.0,0.17280442836479237,10,"MOVIMIENTO ALTERNATIVO INDÍGENA Y SOCIAL ""MAIS""",377.0,MOVIMIENTO UNIDAD EN MINGA POR COLOMBIA,301.0,941.0,210.0,286.0,2340.0,2836.0,76.0,3.2478632478632483,16.11111111111111,40.21367521367522,5.786888735796673,0.8271955716352076
001,CALI,76001,Congreso 2026,Cámara,NA,5,22375.0,0.19549861939390153,46,CONSEJO COMUNITARIO EL NARANJO,9004.0,CONSEJO COMUNITARIO LA GRAN VÍA DE LOS REMEDIOS,2752.0,5426.0,3063.0,1921.0,27801.0,32785.0,6252.0,22.488399697852596,32.387324196971335,19.517283550951404,5.115125636693854,0.8045013806060984
001,CALI,76001,Congreso 2026,Senado,NA,0,806304.0,0.22008660227143612,16,PACTO HISTÓRICO SENADO,334824.0,PARTIDO CENTRO DEMOCRÁTICO,118679.0,23743.0,15792.0,12119.0,830047.0,857958.0,216145.0,26.040091705650404,40.3379567663036,2.8604404328911497,4.543665946401794,0.7799133977285639
001,CALI,76001,Congreso 2026,Senado,NA,4,1648.0,0.17473298025261572,10,MOVIMIENTO UNIDAD EN MINGA POR COLOMBIA,416.0,"MOVIMIENTO ALTERNATIVO INDÍGENA Y SOCIAL ""MAIS""",366.0,1182.0,480.0,504.0,2830.0,3814.0,50.0,1.76678445229682,14.69964664310954,41.76678445229682,5.723018050480658,0.8252670197473843
001,CALI,76001,Presidencia 2026,Presidencia,1V,0,1035018.0,0.4109740216283213,11,IVÁN CEPEDA CASTRO,544090.0,ABELARDO DE LA ESPRIELLA,372622.0,20312.0,9053.0,2240.0,1055330.0,1066623.0,171468.0,16.24780874228914,51.55638520652308,1.9247060161276568,2.433243824117878,0.5890259783716787
001,CALI,76001,Presidencia 2026,Presidencia,2V,0,1125074.0,0.5226056668607835,2,IVÁN CEPEDA CASTRO,682149.0,ABELARDO DE LA ESPRIELLA,442925.0,18487.0,6847.0,710.0,1143561.0,1151118.0,239224.0,20.919216377613438,59.65129975576292,1.6166168660875984,1.9134886271074234,0.47739433313921653
004,ALCALA,76020,Congreso 2026,Consultas,NA,0,1136.0,0.6680113692719698,3,LA GRAN CONSULTA POR COLOMBIA,915.0,FRENTE POR LA VIDA,125.0,0.0,157.0,186.0,1136.0,1479.0,790.0,69.54225352112677,80.54577464788733,0.0,1.4969805096129531,0.3319886307280302
004,ALCALA,76020,Congreso 2026,Cámara,NA,1,4961.0,0.21971868378228226,14,PARTIDO DE LA UNIÓN POR LA GENTE - PARTIDO DE LA U,1616.0,COALICIÓN LIBERAL - COLOMBIA RENACIENTE,1340.0,101.0,310.0,154.0,5062.0,5526.0,276.0,5.452390359541683,31.924140655867244,1.9952587909917028,4.551274305788638,0.7802813162177178
004,ALCALA,76020,Congreso 2026,Cámara,NA,4,20.0,0.5049999999999999,7,"MOVIMIENTO ALTERNATIVO INDÍGENA Y SOCIAL ""MAIS""",14.0,PARTIDO INDÍGENA COLOMBIANO P.I.C,1.0,1.0,0.0,2.0,21.0,23.0,13.0,61.904761904761905,66.66666666666666,4.761904761904762,1.9801980198019806,0.4950000000000001
004,ALCALA,76020,Congreso 2026,Cámara,NA,5,309.0,0.6957090939558656,17,CONSEJO COMUNITARIO DE LA COMUNIDAD NEGRA DE LIMONES,257.0,"EXPRESIÓN AFRO, AMBIENTAL Y CULTURAL COLOMBIA CON DIGNIDAD",13.0,22.0,41.0,16.0,331.0,388.0,244.0,73.71601208459214,77.64350453172206,6.646525679758309,1.437382389690939,0.30429090604413445
004,ALCALA,76020,Congreso 2026,Senado,NA,0,5382.0,0.21980931801105327,16,PARTIDO DE LA UNIÓN POR LA GENTE - PARTIDO DE LA U,1885.0,PARTIDO LIBERAL COLOMBIANO,1314.0,88.0,209.0,219.0,5470.0,5898.0,571.0,10.43875685557587,34.46069469835466,1.6087751371115173,4.549397673622345,0.7801906819889467
004,ALCALA,76020,Congreso 2026,Senado,NA,4,38.0,0.8033240997229918,5,"MOVIMIENTO ALTERNATIVO INDÍGENA Y SOCIAL ""MAIS""",34.0,MOVIMIENTO UNIDAD EN MINGA POR COLOMBIA,1.0,22.0,13.0,5.0,60.0,78.0,33.0,55.00000000000001,56.666666666666664,36.666666666666664,1.2448275862068965,0.1966759002770082
004,ALCALA,76020,Presidencia 2026,Presidencia,1V,0,6137.0,0.3808016611842852,10,ABELARDO DE LA ESPRIELLA,2834.0,IVÁN CEPEDA CASTRO,2456.0,108.0,122.0,46.0,6245.0,6413.0,378.0,6.0528422738190555,45.38030424339471,1.7293835068054444,2.6260389644573,0.6191983388157147
004,ALCALA,76020,Presidencia 2026,Presidencia,2V,0,6864.0,0.503948890804223,2,ABELARDO DE LA ESPRIELLA,3737.0,IVÁN CEPEDA CASTRO,3127.0,109.0,119.0,26.0,6973.0,7118.0,610.0,8.748028108418184,53.59242793632583,1.563172235766528,1.9843282091645398,0.496051109195777
007,ANDALUCIA,76036,Congreso 2026,Consultas,NA,0,1580.0,0.6242164717192757,3,LA GRAN CONSULTA POR COLOMBIA,1218.0,FRENTE POR LA VIDA,249.0,0.0,223.0,137.0,1580.0,1940.0,969.0,61.32911392405064,77.0886075949367,0.0,1.6020083501572875,0.37578352828072425
007,ANDALUCIA,76036,Congreso 2026,Cámara,NA,1,9791.0,0.18779196471706527,14,PARTIDO DE LA UNIÓN POR LA GENTE - PARTIDO DE LA U,2768.0,MOVIMIENTO POLÍTICO PACTO HISTÓRICO,2641.0,154.0,314.0,124.0,9945.0,10383.0,127.0,1.2770236299648063,27.83308195072901,1.5485168426344897,5.325041470792636,0.8122080352829347
007,ANDALUCIA,76036,Congreso 2026,Cámara,NA,4,2.0,0.5,2,PARTIDO INDÍGENA COLOMBIANO P.I.C,1.0,MOVIMIENTO UNIDAD EN MINGA POR COLOMBIA,1.0,4.0,0.0,0.0,6.0,6.0,0.0,0.0,16.666666666666664,66.66666666666666,2.0,0.5
007,ANDALUCIA,76036,Congreso 2026,Cámara,NA,5,210.0,0.5038095238095238,12,CONSEJO COMUNITARIO DE LA COMUNIDAD NEGRA DE LIMONES,143.0,CONSEJO COMUNITARIO EL NARANJO,39.0,40.0,74.0,27.0,250.0,351.0,104.0,41.6,57.199999999999996,16.0,1.9848771266540641,0.4961904761904762
007,ANDALUCIA,76036,Congreso 2026,Senado,NA,0,10017.0,0.18683134348955283,16,PACTO HISTÓRICO SENADO,2811.0,PARTIDO DE LA UNIÓN POR LA GENTE - PARTIDO DE LA U,2713.0,207.0,307.0,166.0,10224.0,10697.0,98.0,0.9585289514866979,27.494131455399064,2.024647887323944,5.35242096600305,0.8131686565104472
007,ANDALUCIA,76036,Congreso 2026,Senado,NA,4,28.0,0.931122448979592,2,"MOVIMIENTO ALTERNATIVO INDÍGENA Y SOCIAL ""MAIS""",27.0,MOVIMIENTO UNIDAD EN MINGA POR COLOMBIA,1.0,13.0,14.0,9.0,41.0,64.0,26.0,63.41463414634146,65.85365853658537,31.70731707317073,1.0739726027397258,0.06887755102040805
007,ANDALUCIA,76036,Presidencia 2026,Presidencia,1V,0,10630.0,0.4350443596240251,10,IVÁN CEPEDA CASTRO,5981.0,ABELARDO DE LA ESPRIELLA,3604.0,177.0,116.0,30.0,10807.0,10953.0,2377.0,21.995003238641623,55.34375867493292,1.6378273341352827,2.298616170691701,0.5649556403759749
007,ANDALUCIA,76036,Presidencia 2026,Presidencia,2V,0,12019.0,0.5321349954260581,2,IVÁN CEPEDA CASTRO,7533.0,ABELARDO DE LA ESPRIELLA,4486.0,151.0,87.0,11.0,12170.0,12268.0,3047.0,25.03697617091208,61.89811010682005,1.2407559572719802,1.879222393932844,0.46786500457394187
010,ANSERMANUEVO,76041,Congreso 2026,Consultas,NA,0,1637.0,0.7205460619926567,3,LA GRAN CONSULTA POR COLOMBIA,1377.0,FRENTE POR LA VIDA,152.0,0.0,148.0,229.0,1637.0,2014.0,1225.0,74.83200977397678,84.11728772144166,0.0,1.3878363268470564,0.2794539380073433
010,ANSERMANUEVO,76041,Congreso 2026,Cámara,NA,1,6558.0,0.20546620806613494,14,PARTIDO DE LA UNIÓN POR LA GENTE - PARTIDO DE LA U,2482.0,MOVIMIENTO POLÍTICO PACTO HISTÓRICO,1094.0,146.0,270.0,180.0,6704.0,7154.0,1388.0,20.704057279236277,37.02267303102625,2.177804295942721,4.866980363399331,0.7945337919338651
010,ANSERMANUEVO,76041,Congreso 2026,Cámara,NA,4,20.0,0.815,3,"MOVIMIENTO ALTERNATIVO INDÍGENA Y SOCIAL ""MAIS""",18.0,FUERZA ANCESTRAL,1.0,5.0,0.0,4.0,25.0,29.0,17.0,68.0,72.0,20.0,1.2269938650306749,0.18500000000000005
010,ANSERMANUEVO,76041,Congreso 2026,Cámara,NA,5,190.0,0.6647091412742381,12,CONSEJO COMUNITARIO DE LA COMUNIDAD NEGRA DE LIMONES,154.0,CONSEJO COMUNITARIO EL NARANJO,13.0,34.0,85.0,69.0,224.0,378.0,141.0,62.94642857142857,68.75,15.178571428571427,1.5044174029004838,0.3352908587257619
010,ANSERMANUEVO,76041,Congreso 2026,Senado,NA,0,6952.0,0.2326808869234508,15,PARTIDO DE LA UNIÓN POR LA GENTE - PARTIDO DE LA U,2939.0,PACTO HISTÓRICO SENADO,1101.0,113.0,221.0,235.0,7065.0,7521.0,1838.0,26.015569709837226,41.59943382873319,1.599433828733192,4.297731598079166,0.7673191130765492
010,ANSERMANUEVO,76041,Congreso 2026,Senado,NA,4,18.0,0.6358024691358025,3,"MOVIMIENTO ALTERNATIVO INDÍGENA Y SOCIAL ""MAIS""",14.0,ASOCIACIÓN DE AUTORIDADES TRADICIONALES INDÍGENAS,3.0,9.0,15.0,28.0,27.0,70.0,11.0,40.74074074074074,51.85185185185185,33.33333333333333,1.5728155339805825,0.3641975308641975
010,ANSERMANUEVO,76041,Presidencia 2026,Presidencia,1V,0,8181.0,0.32236886919212504,11,ABELARDO DE LA ESPRIELLA,3426.0,IVÁN CEPEDA CASTRO,2708.0,169.0,131.0,59.0,8350.0,8540.0,718.0,8.59880239520958,41.029940119760475,2.023952095808383,3.1020365040397904,0.677631130807875
010,ANSERMANUEVO,76041,Presidencia 2026,Presidencia,2V,0,9250.0,0.5290600438276114,2,ABELARDO DE LA ESPRIELLA,5740.0,IVÁN CEPEDA CASTRO,3510.0,152.0,99.0,24.0,9402.0,9525.0,2230.0,23.71835779621357,61.05084024675601,1.6166773027015529,1.890144628509953,0.4709399561723886
013,ARGELIA,76054,Congreso 2026,Consultas,NA,0,617.0,0.7481934072169145,3,LA GRAN CONSULTA POR COLOMBIA,530.0,FRENTE POR LA VIDA,52.0,0.0,17.0,67.0,617.0,701.0,478.0,77.47163695299838,85.89951377633712,0.0,1.3365528088783096,0.2518065927830855
013,ARGELIA,76054,Congreso 2026,Cámara,NA,1,2334.0,0.2963383946856169,14,PARTIDO DE LA UNIÓN POR LA GENTE - PARTIDO DE LA U,1184.0,PARTIDO CENTRO DEMOCRÁTICO,253.0,22.0,90.0,38.0,2356.0,2484.0,931.0,39.516129032258064,50.25466893039049,0.9337860780984719,3.374520541156647,0.7036616053143832
013,ARGELIA,76054,Congreso 2026,Cámara,NA,4,114.0,0.9484456755924902,3,"MOVIMIENTO ALTERNATIVO INDÍGENA Y SOCIAL ""MAIS""",111.0,MOVIMIENTO UNIDAD EN MINGA POR COLOMBIA,2.0,5.0,15.0,2.0,119.0,136.0,109.0,91.59663865546219,93.27731092436974,4.201680672268908,1.054356644491319,0.051554324407509844
013,ARGELIA,76054,Congreso 2026,Cámara,NA,5,6.0,0.33333333333333337,4,CONSEJO COMUNITARIO LA GRAN VÍA DE LOS REMEDIOS,3.0,CONSEJO COMUNITARIO MANUEL ZAPATA OLIVELLA DE SAN ANTERO,1.0,7.0,22.0,7.0,13.0,42.0,2.0,15.384615384615385,23.076923076923077,53.84615384615385,2.9999999999999996,0.6666666666666666
013,ARGELIA,76054,Congreso 2026,Senado,NA,0,2358.0,0.2822938316207939,14,PARTIDO DE LA UNIÓN POR LA GENTE - PARTIDO DE LA U,1161.0,COALICIÓN CAMBIO RADICAL - ALMA,242.0,26.0,79.0,73.0,2384.0,2536.0,919.0,38.54865771812081,48.6996644295302,1.0906040268456376,3.542408256880734,0.7177061683792061
013,ARGELIA,76054,Congreso 2026,Senado,NA,4,111.0,0.9297134972810649,4,"MOVIMIENTO ALTERNATIVO INDÍGENA Y SOCIAL ""MAIS""",107.0,"MOVIMIENTO AUTORIDADES INDÍGENAS DE COLOMBIA ""AICO""",2.0,0.0,15.0,2.0,111.0,128.0,105.0,94.5945945945946,96.3963963963964,0.0,1.0756001745962462,0.0702865027189351
013,ARGELIA,76054,Presidencia 2026,Presidencia,1V,0,2694.0,0.35493292857343633,10,ABELARDO DE LA ESPRIELLA,1357.0,PALOMA VALENCIA LASERNA,621.0,32.0,36.0,10.0,2726.0,2772.0,736.0,26.999266324284665,49.779897285399855,1.173881144534116,2.8174337163340932,0.6450670714265636
013,ARGELIA,76054,Presidencia 2026,Presidencia,2V,0,2921.0,0.6233791333367165,2,ABELARDO DE LA ESPRIELLA,2186.0,IVÁN CEPEDA CASTRO,735.0,41.0,31.0,7.0,2962.0,3000.0,1451.0,48.98717083051992,73.8014854827819,1.3841998649561107,1.6041602076851245,0.37662086666328354
016,BOLIVAR,76100,Congreso 2026,Consultas,NA,0,1214.0,0.7020822420470676,3,LA GRAN CONSULTA POR COLOMBIA,1006.0,FRENTE POR LA VIDA,127.0,0.0,110.0,149.0,1214.0,1473.0,879.0,72.40527182866558,82.8665568369028,0.0,1.4243345581342306,0.2979177579529324
016,BOLIVAR,76100,Congreso 2026,Cámara,NA,1,6090.0,0.24625343439000646,14,PARTIDO DE LA UNIÓN POR LA GENTE - PARTIDO DE LA U,2682.0,MOVIMIENTO POLÍTICO PACTO HISTÓRICO,853.0,87.0,245.0,90.0,6177.0,6512.0,1829.0,29.609842965841022,43.4191355026712,1.4084507042253522,4.0608570697789315,0.7537465656099935
016,BOLIVAR,76100,Congreso 2026,Cámara,NA,4,206.0,0.9429258177019512,4,"MOVIMIENTO ALTERNATIVO INDÍGENA Y SOCIAL ""MAIS""",200.0,MOVIMIENTO UNIDAD EN MINGA POR COLOMBIA,3.0,0.0,23.0,15.0,206.0,244.0,197.0,95.63106796116504,97.0873786407767,0.0,1.0605288149147798,0.05707418229804884
016,BOLIVAR,76100,Congreso 2026,Cámara,NA,5,8.0,0.25,5,CONSEJO COMUNITARIO LA GRAN VÍA DE LOS REMEDIOS,3.0,CONSEJO COMUNITARIO EL NARANJO,2.0,9.0,4.0,0.0,17.0,21.0,1.0,5.88235294117647,17.647058823529413,52.94117647058824,4.0,0.75
016,BOLIVAR,76100,Congreso 2026,Senado,NA,0,6127.0,0.26127765836926137,16,PARTIDO DE LA UNIÓN POR LA GENTE - PARTIDO DE LA U,2850.0,PACTO HISTÓRICO SENADO,894.0,105.0,158.0,179.0,6232.0,6569.0,1956.0,31.38639281129653,45.73170731707317,1.6848523748395379,3.8273459975162094,0.7387223416307387
016,BOLIVAR,76100,Congreso 2026,Senado,NA,4,228.0,0.9483302554632196,4,"MOVIMIENTO ALTERNATIVO INDÍGENA Y SOCIAL ""MAIS""",222.0,"MOVIMIENTO AUTORIDADES INDÍGENAS DE COLOMBIA ""AICO""",3.0,0.0,7.0,2.0,228.0,237.0,219.0,96.05263157894737,97.36842105263158,0.0,1.0544849689642581,0.051669744536780415
016,BOLIVAR,76100,Presidencia 2026,Presidencia,1V,0,7053.0,0.3581343934801318,11,ABELARDO DE LA ESPRIELLA,3376.0,IVÁN CEPEDA CASTRO,2273.0,101.0,71.0,24.0,7154.0,7249.0,1103.0,15.417948001118257,47.19038300251607,1.411797595750629,2.7922478773474095,0.6418656065198682
016,BOLIVAR,76100,Presidencia 2026,Presidencia,2V,0,7747.0,0.5294141601451705,2,ABELARDO DE LA ESPRIELLA,4813.0,IVÁN CEPEDA CASTRO,2934.0,99.0,73.0,13.0,7846.0,7932.0,1879.0,23.948508794290085,61.34335967371909,1.261789446851899,1.8888803422367666,0.4705858398548295
019,BUENAVENTURA,76109,Congreso 2026,Consultas,NA,0,11593.0,0.4229044884557467,3,LA GRAN CONSULTA POR COLOMBIA,6240.0,FRENTE POR LA VIDA,4013.0,0.0,4143.0,4190.0,11593.0,19926.0,2227.0,19.20986802380747,53.82558440438196,0.0,2.3646001101845515,0.5770955115442533
019,BUENAVENTURA,76109,Congreso 2026,Cámara,NA,1,80987.0,0.17968922300505563,14,MOVIMIENTO POLÍTICO PACTO HISTÓRICO,25186.0,PARTIDO DE LA UNIÓN POR LA GENTE - PARTIDO DE LA U,16182.0,1245.0,4236.0,1780.0,82232.0,88248.0,9004.0,10.949508707072672,30.627979375425625,1.5140091448584492,5.5651640275158,0.8203107769949444
019,BUENAVENTURA,76109,Congreso 2026,Cámara,NA,4,501.0,0.4496914354922889,10,"MOVIMIENTO ALTERNATIVO INDÍGENA Y SOCIAL ""MAIS""",322.0,PARTIDO INDÍGENA COLOMBIANO P.I.C,80.0,151.0,96.0,148.0,652.0,896.0,242.0,37.11656441717792,49.38650306748466,23.159509202453986,2.223747043136977,0.550308564507711
019,BUENAVENTURA,76109,Congreso 2026,Cámara,NA,5,5186.0,0.10795112891824067,46,CONSEJO COMUNITARIO DE LA COMUNIDAD NEGRA DE LIMONES,1221.0,PARTIDO ECOLOGISTA COLOMBIANO,640.0,644.0,910.0,840.0,5830.0,7580.0,581.0,9.965694682675814,20.943396226415096,11.04631217838765,9.263451063650974,0.8920488710817593
019,BUENAVENTURA,76109,Congreso 2026,Senado,NA,0,86795.0,0.17832091930970315,16,PACTO HISTÓRICO SENADO,28702.0,PARTIDO DE LA UNIÓN POR LA GENTE - PARTIDO DE LA U,15291.0,1340.0,4110.0,2968.0,88135.0,95213.0,13411.0,15.216429341351336,32.56594996312475,1.5203948488114825,5.607867006692725,0.8216790806902968
019,BUENAVENTURA,76109,Congreso 2026,Senado,NA,4,1351.0,0.4481550251177815,8,"MOVIMIENTO AUTORIDADES INDÍGENAS DE COLOMBIA ""AICO""",719.0,"MOVIMIENTO ALTERNATIVO INDÍGENA Y SOCIAL ""MAIS""",547.0,163.0,282.0,283.0,1514.0,2079.0,172.0,11.360634081902246,47.49009247027741,10.766182298546896,2.231370717615374,0.5518449748822185
019,BUENAVENTURA,76109,Presidencia 2026,Presidencia,1V,0,89035.0,0.68499355662481,11,IVÁN CEPEDA CASTRO,72811.0,ABELARDO DE LA ESPRIELLA,10796.0,1223.0,1397.0,402.0,90258.0,92057.0,62015.0,68.70859092822796,80.66985751955505,1.3550045425336257,1.4598677466797367,0.31500644337519
019,BUENAVENTURA,76109,Presidencia 2026,Presidencia,2V,0,113695.0,0.7602814898908443,2,IVÁN CEPEDA CASTRO,97863.0,ABELARDO DE LA ESPRIELLA,15832.0,778.0,1076.0,161.0,114473.0,115710.0,82031.0,71.65969267862292,85.49002821626061,0.6796362461017008,1.315302310126704,0.23971851010915568
022,BUGA,76111,Congreso 2026,Consultas,NA,0,14646.0,0.6467064433964891,3,LA GRAN CONSULTA POR COLOMBIA,11565.0,FRENTE POR LA VIDA,1877.0,0.0,2203.0,1234.0,14646.0,18083.0,9688.0,66.14775365287451,78.96353953297829,0.0,1.546296639241787,0.3532935566035109
022,BUGA,76111,Congreso 2026,Cámara,NA,1,51857.0,0.22748381452406755,14,MOVIMIENTO POLÍTICO PACTO HISTÓRICO,19295.0,COALICIÓN LIBERAL - COLOMBIA RENACIENTE,12821.0,1448.0,1509.0,721.0,53305.0,55535.0,6474.0,12.14520213863615,36.19735484476128,2.7164431104024014,4.395917142906011,0.7725161854759325
022,BUGA,76111,Congreso 2026,Cámara,NA,4,41.0,0.26234384295062463,9,"MOVIMIENTO ALTERNATIVO INDÍGENA Y SOCIAL ""MAIS""",19.0,PARTIDO INDÍGENA COLOMBIANO P.I.C,5.0,63.0,22.0,29.0,104.0,155.0,14.0,13.461538461538462,18.269230769230766,60.57692307692307,3.811791383219955,0.7376561570493754
022,BUGA,76111,Congreso 2026,Cámara,NA,5,711.0,0.2137616439277498,34,CONSEJO COMUNITARIO EL NARANJO,290.0,CONSEJO COMUNITARIO LA GRAN VÍA DE LOS REMEDIOS,111.0,237.0,183.0,107.0,948.0,1238.0,179.0,18.88185654008439,30.590717299578056,25.0,4.67810773544572,0.7862383560722502
022,BUGA,76111,Congreso 2026,Senado,NA,0,52827.0,0.2062230764419142,16,PACTO HISTÓRICO SENADO,20337.0,PARTIDO DE LA UNIÓN POR LA GENTE - PARTIDO DE LA U,7193.0,1699.0,1323.0,1088.0,54526.0,56937.0,13144.0,24.10593111543117,37.29780288302828,3.115944686938341,4.849117844877389,0.7937769235580858
022,BUGA,76111,Congreso 2026,Senado,NA,4,46.0,0.2041587901701323,10,ASOCIACIÓN DE AUTORIDADES TRADICIONALES INDÍGENAS,16.0,"MOVIMIENTO ALTERNATIVO INDÍGENA Y SOCIAL ""MAIS""",10.0,67.0,18.0,22.0,113.0,153.0,6.0,5.3097345132743365,14.15929203539823,59.29203539823009,4.898148148148149,0.7958412098298677
022,BUGA,76111,Presidencia 2026,Presidencia,1V,0,63631.0,0.44187968296046803,11,IVÁN CEPEDA CASTRO,36727.0,ABELARDO DE LA ESPRIELLA,20646.0,1180.0,690.0,138.0,64811.0,65639.0,16081.0,24.81214608631251,56.66784959343322,1.8206785885112093,2.2630594674556765,0.5581203170395319
022,BUGA,76111,Presidencia 2026,Presidencia,2V,0,68937.0,0.543275687369205,2,IVÁN CEPEDA CASTRO,44609.0,ABELARDO DE LA ESPRIELLA,24328.0,990.0,566.0,83.0,69927.0,70576.0,20281.0,29.003103236232068,63.7936705421368,1.4157621519584709,1.8406860885722087,0.45672431263079505
025,BUGALAGRANDE,76113,Congreso 2026,Consultas,NA,0,1443.0,0.5832582942770053,3,LA GRAN CONSULTA POR COLOMBIA,1058.0,FRENTE POR LA VIDA,295.0,0.0,192.0,162.0,1443.0,1797.0,763.0,52.87595287595288,73.31947331947332,0.0,1.714506265598124,0.41674170572299474
025,BUGALAGRANDE,76113,Congreso 2026,Cámara,NA,1,10685.0,0.23716045195191612,14,MOVIMIENTO POLÍTICO PACTO HISTÓRICO,3527.0,PARTIDO DE LA UNIÓN POR LA GENTE - PARTIDO DE LA U,3526.0,92.0,374.0,141.0,10777.0,11292.0,1.0,0.009279020135473694,32.72710401781572,0.8536698524635798,4.216554622702222,0.7628395480480838
025,BUGALAGRANDE,76113,Congreso 2026,Cámara,NA,4,38.0,0.9487534626038783,2,"MOVIMIENTO ALTERNATIVO INDÍGENA Y SOCIAL ""MAIS""",37.0,MOVIMIENTO UNIDAD EN MINGA POR COLOMBIA,1.0,2.0,1.0,0.0,40.0,41.0,36.0,90.0,92.5,5.0,1.054014598540146,0.05124653739612173
025,BUGALAGRANDE,76113,Congreso 2026,Cámara,NA,5,107.0,0.17337758756223248,13,CONSEJO COMUNITARIO MANUEL ZAPATA OLIVELLA DE SAN ANTERO,30.0,CONSEJO COMUNITARIO DE LA COMUNIDAD NEGRA DE LIMONES,22.0,16.0,18.0,6.0,123.0,147.0,8.0,6.504065040650407,24.390243902439025,13.008130081300814,5.767758186397986,0.8266224124377675
025,BUGALAGRANDE,76113,Congreso 2026,Senado,NA,0,10848.0,0.23175599637468347,15,PACTO HISTÓRICO SENADO,3729.0,PARTIDO DE LA UNIÓN POR LA GENTE - PARTIDO DE LA U,3266.0,100.0,297.0,193.0,10948.0,11438.0,463.0,4.229082937522835,34.061015710632084,0.9134088417975886,4.314882961575176,0.7682440036253165
025,BUGALAGRANDE,76113,Congreso 2026,Senado,NA,4,48.0,0.6154513888888888,3,"MOVIMIENTO ALTERNATIVO INDÍGENA Y SOCIAL ""MAIS""",36.0,"MOVIMIENTO AUTORIDADES INDÍGENAS DE COLOMBIA ""AICO""",11.0,4.0,3.0,1.0,52.0,56.0,25.0,48.07692307692308,69.23076923076923,7.6923076923076925,1.6248236953455573,0.38454861111111116
025,BUGALAGRANDE,76113,Presidencia 2026,Presidencia,1V,0,11736.0,0.4911891858329279,11,IVÁN CEPEDA CASTRO,7580.0,ABELARDO DE LA ESPRIELLA,3130.0,177.0,113.0,50.0,11913.0,12076.0,4450.0,37.35415092755813,63.62796944514396,1.4857718458826492,2.0358754403443604,0.5088108141670721
025,BUGALAGRANDE,76113,Presidencia 2026,Presidencia,2V,0,12927.0,0.5706428651013864,2,IVÁN CEPEDA CASTRO,8893.0,ABELARDO DE LA ESPRIELLA,4034.0,145.0,106.0,14.0,13072.0,13192.0,4859.0,37.17105263157895,68.03090575275398,1.1092411260709913,1.7524095387091705,0.4293571348986136
028,CAICEDONIA,76122,Congreso 2026,Consultas,NA,0,4404.0,0.702649973065523,3,LA GRAN CONSULTA POR COLOMBIA,3652.0,FRENTE POR LA VIDA,440.0,0.0,352.0,555.0,4404.0,5311.0,3212.0,72.93369663941871,82.92461398728429,0.0,1.4231837164060472,0.297350026934477
028,CAICEDONIA,76122,Congreso 2026,Cámara,NA,1,10671.0,0.15249175594526054,14,MOVIMIENTO POLÍTICO PACTO HISTÓRICO,2080.0,PARTIDO CENTRO DEMOCRÁTICO,1870.0,296.0,506.0,371.0,10967.0,11844.0,210.0,1.9148354153369198,18.96598887571806,2.699006109236801,6.5577315560519,0.8475082440547395
028,CAICEDONIA,76122,Congreso 2026,Cámara,NA,4,3.0,0.5555555555555556,2,PARTIDO INDÍGENA COLOMBIANO P.I.C,2.0,"MOVIMIENTO ALTERNATIVO INDÍGENA Y SOCIAL ""MAIS""",1.0,10.0,13.0,7.0,13.0,33.0,1.0,7.6923076923076925,15.384615384615385,76.92307692307693,1.7999999999999998,0.4444444444444444
028,CAICEDONIA,76122,Congreso 2026,Cámara,NA,5,58.0,0.29369797859690844,12,CONSEJO COMUNITARIO EL NARANJO,29.0,CONSEJO COMUNITARIO LA GRAN VÍA DE LOS REMEDIOS,8.0,45.0,94.0,81.0,103.0,278.0,21.0,20.388349514563107,28.155339805825243,43.689320388349515,3.404858299595142,0.7063020214030915
028,CAICEDONIA,76122,Congreso 2026,Senado,NA,0,10798.0,0.1489740833719593,16,PARTIDO CENTRO DEMOCRÁTICO,2105.0,PACTO HISTÓRICO SENADO,2059.0,307.0,509.0,540.0,11105.0,12154.0,46.0,0.4142278253039171,18.95542548401621,2.764520486267447,6.712576962149816,0.8510259166280407
028,CAICEDONIA,76122,Congreso 2026,Senado,NA,4,8.0,0.25,4,ASOCIACIÓN DE AUTORIDADES TRADICIONALES INDÍGENAS,2.0,MOVIMIENTO SI,2.0,0.0,0.0,2.0,8.0,10.0,0.0,0.0,25.0,0.0,4.0,0.75
028,CAICEDONIA,76122,Presidencia 2026,Presidencia,1V,0,13633.0,0.3651524788276108,11,ABELARDO DE LA ESPRIELLA,6692.0,IVÁN CEPEDA CASTRO,4478.0,267.0,299.0,84.0,13900.0,14283.0,2214.0,15.928057553956835,48.143884892086334,1.920863309352518,2.7385819841910535,0.6348475211723892
028,CAICEDONIA,76122,Presidencia 2026,Presidencia,2V,0,14748.0,0.5229259846774699,2,ABELARDO DE LA ESPRIELLA,8953.0,IVÁN CEPEDA CASTRO,5795.0,256.0,257.0,38.0,15004.0,15299.0,3158.0,21.04772060783791,59.67075446547587,1.7062116768861637,1.9123165214610243,0.47707401532253013
031,CANDELARIA,76130,Congreso 2026,Consultas,NA,0,6925.0,0.576081804793494,3,LA GRAN CONSULTA POR COLOMBIA,5067.0,FRENTE POR LA VIDA,1265.0,0.0,1391.0,824.0,6925.0,9140.0,3802.0,54.90252707581228,73.16967509025271,0.0,1.7358645797856198,0.423918195206506
031,CANDELARIA,76130,Congreso 2026,Cámara,NA,1,41585.0,0.2856941388938599,14,MOVIMIENTO POLÍTICO PACTO HISTÓRICO,20089.0,PARTIDO DE LA UNIÓN POR LA GENTE - PARTIDO DE LA U,7381.0,1036.0,1195.0,648.0,42621.0,44464.0,12708.0,29.81628774547758,47.13404190422562,2.430726637103775,3.5002468159541644,0.7143058611061401
031,CANDELARIA,76130,Congreso 2026,Cámara,NA,4,69.0,0.23125393824826718,8,"MOVIMIENTO ALTERNATIVO INDÍGENA Y SOCIAL ""MAIS""",26.0,MOVIMIENTO UNIDAD EN MINGA POR COLOMBIA,14.0,28.0,1.0,10.0,97.0,108.0,12.0,12.371134020618557,26.804123711340207,28.865979381443296,4.32425068119891,0.7687460617517328
031,CANDELARIA,76130,Congreso 2026,Cámara,NA,5,758.0,0.23253458274448102,35,CONSEJO COMUNITARIO EL NARANJO,275.0,CONSEJO COMUNITARIO DE LA COMUNIDAD NEGRA DE LIMONES,229.0,180.0,172.0,123.0,938.0,1233.0,46.0,4.904051172707889,29.31769722814499,19.189765458422176,4.300435609179229,0.767465417255519
031,CANDELARIA,76130,Congreso 2026,Senado,NA,0,42616.0,0.2741045584513391,16,PACTO HISTÓRICO SENADO,20306.0,PARTIDO DE LA UNIÓN POR LA GENTE - PARTIDO DE LA U,7031.0,1011.0,1096.0,800.0,43627.0,45523.0,13275.0,30.42840442845027,46.54457102253192,2.3173722694661563,3.6482428663349897,0.7258954415486609
031,CANDELARIA,76130,Congreso 2026,Senado,NA,4,378.0,0.7272192827748383,8,"MOVIMIENTO AUTORIDADES INDÍGENAS DE COLOMBIA ""AICO""",321.0,"MOVIMIENTO ALTERNATIVO INDÍGENA Y SOCIAL ""MAIS""",24.0,48.0,47.0,44.0,426.0,517.0,297.0,69.71830985915493,75.35211267605634,11.267605633802818,1.3751010509296686,0.27278071722516173
031,CANDELARIA,76130,Presidencia 2026,Presidencia,1V,0,52878.0,0.5277310019827008,11,IVÁN CEPEDA CASTRO,36444.0,ABELARDO DE LA ESPRIELLA,11823.0,1134.0,806.0,157.0,54012.0,54975.0,24621.0,45.58431459675628,67.47389469006887,2.0995334370139966,1.894904783389588,0.47226899801729916
031,CANDELARIA,76130,Presidencia 2026,Presidencia,2V,0,58160.0,0.6254991217369341,2,IVÁN CEPEDA CASTRO,43649.0,ABELARDO DE LA ESPRIELLA,14511.0,731.0,552.0,39.0,58891.0,59482.0,29138.0,49.477848907303326,74.11828632558456,1.241276256134214,1.598723267945002,0.3745008782630659
034,CARTAGO,76147,Congreso 2026,Consultas,NA,0,17114.0,0.6596714545055833,3,LA GRAN CONSULTA POR COLOMBIA,13686.0,FRENTE POR LA VIDA,1833.0,0.0,1944.0,1395.0,17114.0,20453.0,11853.0,69.259086128316,79.96961551945775,0.0,1.5159061274668757,0.3403285454944167
034,CARTAGO,76147,Congreso 2026,Cámara,NA,1,52481.0,0.14578605915982093,14,MOVIMIENTO POLÍTICO PACTO HISTÓRICO,12282.0,PARTIDO DE LA UNIÓN POR LA GENTE - PARTIDO DE LA U,10364.0,1816.0,1862.0,1111.0,54297.0,57270.0,1918.0,3.5324235224782217,22.620034256036245,3.344567839843822,6.859366428882817,0.8542139408401791
034,CARTAGO,76147,Congreso 2026,Cámara,NA,4,41.0,0.2433075550267698,9,"MOVIMIENTO ALTERNATIVO INDÍGENA Y SOCIAL ""MAIS""",15.0,PARTIDO INDÍGENA COLOMBIANO P.I.C,12.0,47.0,28.0,26.0,88.0,142.0,3.0,3.4090909090909087,17.045454545454543,53.40909090909091,4.11002444987775,0.7566924449732302
034,CARTAGO,76147,Congreso 2026,Cámara,NA,5,1429.0,0.2915254884696243,40,CONSEJO COMUNITARIO DE LA COMUNIDAD NEGRA DE LIMONES,689.0,CONSEJO COMUNITARIO EL NARANJO,301.0,415.0,433.0,245.0,1844.0,2522.0,388.0,21.0412147505423,37.364425162689805,22.50542299349241,3.430231796367252,0.7084745115303757
034,CARTAGO,76147,Congreso 2026,Senado,NA,0,54911.0,0.145830119918553,16,PACTO HISTÓRICO SENADO,12186.0,PARTIDO DE LA UNIÓN POR LA GENTE - PARTIDO DE LA U,11857.0,1726.0,1837.0,1604.0,56637.0,60078.0,329.0,0.5808923495241627,21.51597012553631,3.0474777971997105,6.8572939565468785,0.854169880081447
034,CARTAGO,76147,Congreso 2026,Senado,NA,4,74.0,0.5507669831994156,7,"MOVIMIENTO ALTERNATIVO INDÍGENA Y SOCIAL ""MAIS""",54.0,ASOCIACIÓN DE AUTORIDADES TRADICIONALES INDÍGENAS,7.0,68.0,57.0,49.0,142.0,248.0,47.0,33.098591549295776,38.028169014084504,47.88732394366197,1.8156498673740054,0.44923301680058436
034,CARTAGO,76147,Presidencia 2026,Presidencia,1V,0,64302.0,0.37793195977937233,11,ABELARDO DE LA ESPRIELLA,30263.0,IVÁN CEPEDA CASTRO,24810.0,1345.0,1041.0,258.0,65647.0,66946.0,5453.0,8.306548661781955,46.09959327920545,2.0488369613234423,2.6459789232532125,0.6220680402206277
034,CARTAGO,76147,Presidencia 2026,Presidencia,2V,0,68896.0,0.5024108174704757,2,ABELARDO DE LA ESPRIELLA,36840.0,IVÁN CEPEDA CASTRO,32056.0,1265.0,845.0,127.0,70161.0,71133.0,4784.0,6.818602927552344,52.50780348056613,1.8029959664200907,1.9904030033325573,0.49758918252952433
037,DAGUA,76233,Congreso 2026,Consultas,NA,0,2711.0,0.6374528353616514,3,LA GRAN CONSULTA POR COLOMBIA,2116.0,FRENTE POR LA VIDA,421.0,0.0,310.0,388.0,2711.0,3409.0,1695.0,62.52305422353375,78.05237919586868,0.0,1.5687435125026334,0.3625471646383486
037,DAGUA,76233,Congreso 2026,Cámara,NA,1,13897.0,0.19271746753447114,14,CR-CJL-LIGA DE GOBERNANTES,3967.0,MOVIMIENTO POLÍTICO PACTO HISTÓRICO,3483.0,233.0,491.0,296.0,14130.0,14917.0,484.0,3.425336164189667,28.07501769285209,1.64897381457891,5.188943237961194,0.8072825324655288
037,DAGUA,76233,Congreso 2026,Cámara,NA,4,301.0,0.8098034238032692,4,"MOVIMIENTO ALTERNATIVO INDÍGENA Y SOCIAL ""MAIS""",270.0,PARTIDO INDÍGENA COLOMBIANO P.I.C,18.0,11.0,19.0,12.0,312.0,343.0,252.0,80.76923076923077,86.53846153846155,3.5256410256410255,1.2348675871280788,0.1901965761967308
037,DAGUA,76233,Congreso 2026,Cámara,NA,5,121.0,0.18475513967625162,20,CONSEJO COMUNITARIO DE LA COMUNIDAD NEGRA DE LIMONES,36.0,CONSEJO COMUNITARIO EL NARANJO,33.0,69.0,99.0,85.0,190.0,374.0,3.0,1.5789473684210527,18.947368421052634,36.31578947368421,5.41256931608133,0.8152448603237483
037,DAGUA,76233,Congreso 2026,Senado,NA,0,14008.0,0.16917651853342514,16,PACTO HISTÓRICO SENADO,4033.0,PARTIDO DE LA UNIÓN POR LA GENTE - PARTIDO DE LA U,2610.0,344.0,452.0,575.0,14352.0,15379.0,1423.0,9.914994425863991,28.10061315496098,2.3968784838350055,5.910985807421167,0.8308234814665749
037,DAGUA,76233,Congreso 2026,Senado,NA,4,171.0,0.8345473821004753,6,"MOVIMIENTO ALTERNATIVO INDÍGENA Y SOCIAL ""MAIS""",156.0,MOVIMIENTO UNIDAD EN MINGA POR COLOMBIA,6.0,19.0,10.0,32.0,190.0,232.0,150.0,78.94736842105263,82.10526315789474,10.0,1.198254312994304,0.1654526178995247
037,DAGUA,76233,Presidencia 2026,Presidencia,1V,0,18720.0,0.39240531859522243,11,IVÁN CEPEDA CASTRO,9146.0,ABELARDO DE LA ESPRIELLA,7149.0,403.0,258.0,86.0,19123.0,19467.0,1997.0,10.442922135648173,47.82722376196203,2.107409925220938,2.548385438759889,0.6075946814047776
037,DAGUA,76233,Presidencia 2026,Presidencia,2V,0,21554.0,0.5075124202357925,2,IVÁN CEPEDA CASTRO,12098.0,ABELARDO DE LA ESPRIELLA,9456.0,292.0,230.0,54.0,21846.0,22130.0,2642.0,12.093747139064359,55.378559003936644,1.3366291311910647,1.970395127542683,0.49248757976420754
040,CALIMA (DARIEN),76126,Congreso 2026,Consultas,NA,0,1448.0,0.6294488873965997,3,LA GRAN CONSULTA POR COLOMBIA,1126.0,FRENTE POR LA VIDA,166.0,0.0,169.0,242.0,1448.0,1859.0,960.0,66.29834254143645,77.76243093922652,0.0,1.5886913457516774,0.37055111260340035
040,CALIMA (DARIEN),76126,Congreso 2026,Cámara,NA,1,6153.0,0.1979038024603078,14,PARTIDO DE LA UNIÓN POR LA GENTE - PARTIDO DE LA U,1928.0,MOVIMIENTO POLÍTICO PACTO HISTÓRICO,1599.0,132.0,214.0,131.0,6285.0,6630.0,329.0,5.2346857597454255,30.676213206046143,2.100238663484487,5.052960011723691,0.8020961975396922
040,CALIMA (DARIEN),76126,Congreso 2026,Cámara,NA,4,13.0,0.57396449704142,2,"MOVIMIENTO ALTERNATIVO INDÍGENA Y SOCIAL ""MAIS""",9.0,PARTIDO INDÍGENA COLOMBIANO P.I.C,4.0,5.0,5.0,5.0,18.0,28.0,5.0,27.77777777777778,50.0,27.77777777777778,1.7422680412371137,0.42603550295857995
040,CALIMA (DARIEN),76126,Congreso 2026,Cámara,NA,5,119.0,0.2463809053032978,14,CONSEJO COMUNITARIO DE LA COMUNIDAD NEGRA DE LIMONES,51.0,CONSEJO COMUNITARIO EL NARANJO,21.0,19.0,35.0,24.0,138.0,197.0,30.0,21.73913043478261,36.95652173913043,13.768115942028986,4.058756090570364,0.7536190946967022
040,CALIMA (DARIEN),76126,Congreso 2026,Senado,NA,0,6267.0,0.19355714989137315,16,PARTIDO DE LA UNIÓN POR LA GENTE - PARTIDO DE LA U,1931.0,PACTO HISTÓRICO SENADO,1683.0,131.0,215.0,187.0,6398.0,6800.0,248.0,3.8762113160362612,30.18130665833073,2.0475148483901218,5.16643275932309,0.8064428501086268
040,CALIMA (DARIEN),76126,Congreso 2026,Senado,NA,4,36.0,0.37962962962962965,5,"MOVIMIENTO AUTORIDADES INDÍGENAS DE COLOMBIA ""AICO""",16.0,"MOVIMIENTO ALTERNATIVO INDÍGENA Y SOCIAL ""MAIS""",15.0,7.0,0.0,2.0,43.0,45.0,1.0,2.3255813953488373,37.2093023255814,16.27906976744186,2.6341463414634143,0.6203703703703703
040,CALIMA (DARIEN),76126,Presidencia 2026,Presidencia,1V,0,8128.0,0.3985120636256898,11,IVÁN CEPEDA CASTRO,3637.0,ABELARDO DE LA ESPRIELLA,3579.0,206.0,138.0,39.0,8334.0,8511.0,58.0,0.6959443244540436,43.64050875929926,2.4718022558195343,2.5093343245419777,0.6014879363743102
040,CALIMA (DARIEN),76126,Presidencia 2026,Presidencia,2V,0,9288.0,0.5005787616633319,2,IVÁN CEPEDA CASTRO,4802.0,ABELARDO DE LA ESPRIELLA,4486.0,172.0,103.0,15.0,9460.0,9578.0,316.0,3.3403805496828753,50.761099365750525,1.8181818181818181,1.9976876299689232,0.49942123833666807
043,EL AGUILA,76243,Congreso 2026,Consultas,NA,0,1017.0,0.712382129172794,3,LA GRAN CONSULTA POR COLOMBIA,850.0,FRENTE POR LA VIDA,97.0,0.0,57.0,138.0,1017.0,1212.0,753.0,74.04129793510324,83.57915437561455,0.0,1.403740996649064,0.287617870827206
043,EL AGUILA,76243,Congreso 2026,Cámara,NA,1,3089.0,0.19789610498766444,13,PARTIDO DE LA UNIÓN POR LA GENTE - PARTIDO DE LA U,1044.0,PARTIDO CENTRO DEMOCRÁTICO,557.0,65.0,163.0,104.0,3154.0,3421.0,487.0,15.440710209258086,33.10082435003171,2.060875079264426,5.053156554356305,0.8021038950123356
043,EL AGUILA,76243,Congreso 2026,Cámara,NA,4,17.0,0.8892733564013842,2,"MOVIMIENTO ALTERNATIVO INDÍGENA Y SOCIAL ""MAIS""",16.0,MOVIMIENTO UNIDAD EN MINGA POR COLOMBIA,1.0,3.0,4.0,14.0,20.0,38.0,15.0,75.0,80.0,15.0,1.1245136186770428,0.11072664359861584
043,EL AGUILA,76243,Congreso 2026,Cámara,NA,5,2.0,0.5,2,CONSEJO COMUNITARIO EL NARANJO,1.0,CONSEJO COMUNITARIO DE COMUNIDADES NEGRAS CUENCA RÍO OVEJAS,1.0,3.0,0.0,1.0,5.0,6.0,0.0,0.0,20.0,60.0,2.0,0.5
043,EL AGUILA,76243,Congreso 2026,Senado,NA,0,3286.0,0.19250076589704046,16,PARTIDO DE LA UNIÓN POR LA GENTE - PARTIDO DE LA U,1097.0,COALICIÓN CAMBIO RADICAL - ALMA,608.0,30.0,59.0,71.0,3316.0,3446.0,489.0,14.746682750301568,33.08202653799759,0.9047044632086853,5.194784526389119,0.8074992341029595
043,EL AGUILA,76243,Congreso 2026,Senado,NA,4,21.0,1.0,1,"MOVIMIENTO ALTERNATIVO INDÍGENA Y SOCIAL ""MAIS""",21.0,,0.0,1.0,0.0,3.0,22.0,25.0,21.0,95.45454545454545,95.45454545454545,4.545454545454546,1.0,0.0
043,EL AGUILA,76243,Presidencia 2026,Presidencia,1V,0,3606.0,0.370615591380484,11,ABELARDO DE LA ESPRIELLA,1927.0,PALOMA VALENCIA LASERNA,762.0,82.0,52.0,24.0,3688.0,3764.0,1165.0,31.588937093275486,52.25054229934925,2.2234273318872018,2.6982135216577356,0.629384408619516
043,EL AGUILA,76243,Presidencia 2026,Presidencia,2V,0,4011.0,0.6478345730989965,2,ABELARDO DE LA ESPRIELLA,3096.0,IVÁN CEPEDA CASTRO,915.0,78.0,60.0,9.0,4089.0,4158.0,2181.0,53.338224504768895,75.71533382245048,1.9075568598679384,1.5436039407658915,0.3521654269010035
046,EL CAIRO,76246,Congreso 2026,Consultas,NA,0,480.0,0.7478211805555555,3,LA GRAN CONSULTA POR COLOMBIA,412.0,"CONSULTA DE LAS SOLUCIONES: SALUD, SEGURIDAD Y EDUCACIÓN",45.0,0.0,28.0,60.0,480.0,568.0,367.0,76.45833333333333,85.83333333333333,0.0,1.3372180756596133,0.25217881944444454
046,EL CAIRO,76246,Congreso 2026,Cámara,NA,1,2528.0,0.2860957278481013,13,PARTIDO DE LA UNIÓN POR LA GENTE - PARTIDO DE LA U,1237.0,COALICIÓN LIBERAL - COLOMBIA RENACIENTE,333.0,45.0,180.0,94.0,2573.0,2847.0,904.0,35.13408472600077,48.07617567042363,1.7489312087057909,3.4953335637746283,0.7139042721518987
046,EL CAIRO,76246,Congreso 2026,Cámara,NA,5,10.0,0.3400000000000001,4,CONSEJO COMUNITARIO EL NARANJO,4.0,CONSEJO COMUNITARIO DE LA COMUNIDAD NEGRA DE LIMONES,4.0,0.0,2.0,1.0,10.0,13.0,0.0,0.0,40.0,0.0,2.9411764705882346,0.6599999999999999
046,EL CAIRO,76246,Congreso 2026,Senado,NA,0,2596.0,0.3716518360592686,14,PARTIDO DE LA UNIÓN POR LA GENTE - PARTIDO DE LA U,1513.0,PACTO HISTÓRICO SENADO,280.0,29.0,99.0,135.0,2625.0,2859.0,1233.0,46.97142857142857,57.63809523809523,1.1047619047619048,2.690690326202308,0.6283481639407313
046,EL CAIRO,76246,Congreso 2026,Senado,NA,4,1.0,1.0,1,"MOVIMIENTO AUTORIDADES INDÍGENAS DE COLOMBIA ""AICO""",1.0,,0.0,0.0,0.0,0.0,1.0,1.0,1.0,100.0,100.0,0.0,1.0,0.0
046,EL CAIRO,76246,Presidencia 2026,Presidencia,1V,0,2726.0,0.34101898567582944,11,ABELARDO DE LA ESPRIELLA,1311.0,IVÁN CEPEDA CASTRO,739.0,55.0,38.0,25.0,2781.0,2844.0,572.0,20.56814095649047,47.14131607335491,1.9777058612010068,2.93238805463633,0.6589810143241706
046,EL CAIRO,76246,Presidencia 2026,Presidencia,2V,0,3093.0,0.5733916860543331,2,ABELARDO DE LA ESPRIELLA,2139.0,IVÁN CEPEDA CASTRO,954.0,59.0,41.0,14.0,3152.0,3207.0,1185.0,37.59517766497462,67.86167512690355,1.8718274111675128,1.7440085448069134,0.4266083139456669
049,EL CERRITO,76248,Congreso 2026,Consultas,NA,0,4028.0,0.5528387927999534,3,LA GRAN CONSULTA POR COLOMBIA,2872.0,FRENTE POR LA VIDA,741.0,0.0,845.0,570.0,4028.0,5443.0,2131.0,52.904667328699105,71.30089374379345,0.0,1.808845567684056,0.4471612072000466
049,EL CERRITO,76248,Congreso 2026,Cámara,NA,1,24861.0,0.2629232700582464,14,MOVIMIENTO POLÍTICO PACTO HISTÓRICO,10657.0,PARTIDO DE LA UNIÓN POR LA GENTE - PARTIDO DE LA U,6190.0,484.0,636.0,313.0,25345.0,26294.0,4467.0,17.62477806273427,42.04774117182876,1.9096468731505227,3.8033910036888945,0.7370767299417536
049,EL CERRITO,76248,Congreso 2026,Cámara,NA,4,32.0,0.3828125,8,"MOVIMIENTO ALTERNATIVO INDÍGENA Y SOCIAL ""MAIS""",19.0,ASOCIACIÓN DE CABILDOS INDÍGENAS ZENÚ ORICO,4.0,8.0,8.0,8.0,40.0,56.0,15.0,37.5,47.5,20.0,2.6122448979591835,0.6171875
049,EL CERRITO,76248,Congreso 2026,Cámara,NA,5,360.0,0.16598765432098764,28,CONSEJO COMUNITARIO EL NARANJO,131.0,CONSEJO COMUNITARIO DE LA COMUNIDAD NEGRA DE LIMONES,42.0,145.0,174.0,129.0,505.0,808.0,89.0,17.62376237623762,25.940594059405942,28.71287128712871,6.0245444403123845,0.8340123456790124
049,EL CERRITO,76248,Congreso 2026,Senado,NA,0,25322.0,0.26061861179200585,16,PACTO HISTÓRICO SENADO,11227.0,PARTIDO DE LA UNIÓN POR LA GENTE - PARTIDO DE LA U,5440.0,516.0,651.0,532.0,25838.0,27021.0,5787.0,22.397244368759193,43.45150553448409,1.9970585958665532,3.837024505364485,0.7393813882079942
049,EL CERRITO,76248,Congreso 2026,Senado,NA,4,62.0,0.36732570239334034,7,"MOVIMIENTO ALTERNATIVO INDÍGENA Y SOCIAL ""MAIS""",30.0,"MOVIMIENTO AUTORIDADES INDÍGENAS DE COLOMBIA ""AICO""",22.0,44.0,45.0,48.0,106.0,199.0,8.0,7.547169811320755,28.30188679245283,41.509433962264154,2.7223796033994327,0.6326742976066597
049,EL CERRITO,76248,Presidencia 2026,Presidencia,1V,0,30629.0,0.5239322860349572,11,IVÁN CEPEDA CASTRO,20795.0,ABELARDO DE LA ESPRIELLA,7562.0,500.0,351.0,83.0,31129.0,31563.0,13233.0,42.51019949243471,66.80265989912942,1.60621928105625,1.9086435912698823,0.47606771396504277
049,EL CERRITO,76248,Presidencia 2026,Presidencia,2V,0,34302.0,0.6041048104136815,2,IVÁN CEPEDA CASTRO,24977.0,ABELARDO DE LA ESPRIELLA,9325.0,335.0,261.0,35.0,34637.0,34933.0,15652.0,45.18867107428473,72.1107486214164,0.9671738314519156,1.6553418922706735,0.39589518958631853
052,EL DOVIO,76250,Congreso 2026,Consultas,NA,0,882.0,0.6607200703410616,3,LA GRAN CONSULTA POR COLOMBIA,705.0,FRENTE POR LA VIDA,114.0,0.0,66.0,123.0,882.0,1071.0,591.0,67.00680272108843,79.93197278911565,0.0,1.5135002626510243,0.3392799296589384
052,EL DOVIO,76250,Congreso 2026,Cámara,NA,1,3499.0,0.22209873216542256,13,PARTIDO DE LA UNIÓN POR LA GENTE - PARTIDO DE LA U,1346.0,MOVIMIENTO POLÍTICO PACTO HISTÓRICO,568.0,80.0,203.0,96.0,3579.0,3878.0,778.0,21.737915618887957,37.60827046661078,2.235261246158145,4.502502064060342,0.7779012678345775
052,EL DOVIO,76250,Congreso 2026,Cámara,NA,4,352.0,0.9227789256198348,5,"MOVIMIENTO ALTERNATIVO INDÍGENA Y SOCIAL ""MAIS""",338.0,MOVIMIENTO UNIDAD EN MINGA POR COLOMBIA,9.0,5.0,27.0,14.0,357.0,398.0,329.0,92.15686274509804,94.67787114845937,1.400560224089636,1.0836831794010635,0.07722107438016523
052,EL DOVIO,76250,Congreso 2026,Cámara,NA,5,15.0,0.2177777777777778,6,CONSEJO COMUNITARIO EL NARANJO,5.0,PARTIDO DEMÓCRATA COLOMBIANO,3.0,7.0,41.0,11.0,22.0,74.0,2.0,9.090909090909092,22.727272727272727,31.818181818181817,4.591836734693877,0.7822222222222222
052,EL DOVIO,76250,Congreso 2026,Senado,NA,0,3586.0,0.21508459650826525,14,PARTIDO DE LA UNIÓN POR LA GENTE - PARTIDO DE LA U,1370.0,PACTO HISTÓRICO SENADO,572.0,76.0,116.0,135.0,3662.0,3913.0,798.0,21.791370835608955,37.41125068268706,2.075368651010377,4.649333407571899,0.7849154034917347
052,EL DOVIO,76250,Congreso 2026,Senado,NA,4,368.0,0.9000767958412099,6,"MOVIMIENTO ALTERNATIVO INDÍGENA Y SOCIAL ""MAIS""",349.0,MOVIMIENTO UNIDAD EN MINGA POR COLOMBIA,7.0,11.0,45.0,22.0,379.0,446.0,342.0,90.23746701846966,92.0844327176781,2.9023746701846966,1.1110163095199028,0.09992320415879008
052,EL DOVIO,76250,Presidencia 2026,Presidencia,1V,0,5020.0,0.3902272979793971,10,ABELARDO DE LA ESPRIELLA,2646.0,IVÁN CEPEDA CASTRO,1627.0,130.0,98.0,41.0,5150.0,5289.0,1019.0,19.78640776699029,51.37864077669902,2.524271844660194,2.562609036266851,0.609772702020603
052,EL DOVIO,76250,Presidencia 2026,Presidencia,2V,0,5669.0,0.524504426456009,2,ABELARDO DE LA ESPRIELLA,3462.0,IVÁN CEPEDA CASTRO,2207.0,96.0,79.0,14.0,5765.0,5858.0,1255.0,21.769297484822204,60.0520381613183,1.6652211621856028,1.906561602838773,0.47549557354399097
055,FLORIDA,76275,Congreso 2026,Consultas,NA,0,4334.0,0.4995014788467104,3,LA GRAN CONSULTA POR COLOMBIA,2819.0,FRENTE POR LA VIDA,1137.0,0.0,985.0,642.0,4334.0,5961.0,1682.0,38.80941393631749,65.04383940932165,0.0,2.001996074784165,0.5004985211532895
055,FLORIDA,76275,Congreso 2026,Cámara,NA,1,23737.0,0.2615294994214424,14,MOVIMIENTO POLÍTICO PACTO HISTÓRICO,10966.0,PARTIDO DE LA UNIÓN POR LA GENTE - PARTIDO DE LA U,3655.0,413.0,698.0,372.0,24150.0,25220.0,7311.0,30.27329192546584,45.40786749482402,1.7101449275362317,3.8236604368234097,0.7384705005785577
055,FLORIDA,76275,Congreso 2026,Cámara,NA,4,1326.0,0.6063302917175689,7,MOVIMIENTO UNIDAD EN MINGA POR COLOMBIA,985.0,"MOVIMIENTO ALTERNATIVO INDÍGENA Y SOCIAL ""MAIS""",309.0,56.0,25.0,37.0,1382.0,1444.0,676.0,48.914616497829236,71.27351664254704,4.052098408104197,1.6492661073674413,0.3936697082824311
055,FLORIDA,76275,Congreso 2026,Cámara,NA,5,380.0,0.2570914127423823,31,CONSEJO COMUNITARIO EL NARANJO,183.0,PARTIDO ECOLOGISTA COLOMBIANO,36.0,135.0,143.0,66.0,515.0,724.0,147.0,28.54368932038835,35.53398058252427,26.21359223300971,3.8896670617390363,0.7429085872576178
055,FLORIDA,76275,Congreso 2026,Senado,NA,0,24480.0,0.2676400503011662,16,PACTO HISTÓRICO SENADO,11764.0,PARTIDO DE LA UNIÓN POR LA GENTE - PARTIDO DE LA U,2986.0,480.0,703.0,547.0,24960.0,26210.0,8778.0,35.16826923076923,47.131410256410255,1.9230769230769231,3.736361575462021,0.7323599496988338
055,FLORIDA,76275,Congreso 2026,Senado,NA,4,1226.0,0.7463441635685755,9,MOVIMIENTO UNIDAD EN MINGA POR COLOMBIA,1050.0,"MOVIMIENTO ALTERNATIVO INDÍGENA Y SOCIAL ""MAIS""",137.0,51.0,41.0,53.0,1277.0,1371.0,913.0,71.49569303054034,82.22396241190289,3.9937353171495693,1.339864433612762,0.25365583643142453
055,FLORIDA,76275,Presidencia 2026,Presidencia,1V,0,30981.0,0.5757986034251186,11,IVÁN CEPEDA CASTRO,22728.0,ABELARDO DE LA ESPRIELLA,5795.0,475.0,388.0,80.0,31456.0,31924.0,16933.0,53.8307477110885,72.25330620549339,1.5100457782299084,1.7367183491789209,0.42420139657488143
055,FLORIDA,76275,Presidencia 2026,Presidencia,2V,0,34645.0,0.6619461194353191,2,IVÁN CEPEDA CASTRO,27181.0,ABELARDO DE LA ESPRIELLA,7464.0,359.0,290.0,43.0,35004.0,35337.0,19717.0,56.32784824591476,77.65112558564735,1.0255970746200433,1.5106969746315029,0.3380538805646809
058,GINEBRA,76306,Congreso 2026,Consultas,NA,0,1700.0,0.6639716262975778,3,LA GRAN CONSULTA POR COLOMBIA,1363.0,FRENTE POR LA VIDA,215.0,0.0,263.0,158.0,1700.0,2121.0,1148.0,67.52941176470588,80.17647058823529,0.0,1.5060884537735073,0.3360283737024222
058,GINEBRA,76306,Congreso 2026,Cámara,NA,1,8468.0,0.20083220857136674,14,MOVIMIENTO POLÍTICO PACTO HISTÓRICO,2450.0,COALICIÓN LIBERAL - COLOMBIA RENACIENTE,2282.0,172.0,348.0,176.0,8640.0,9164.0,168.0,1.9444444444444444,28.35648148148148,1.990740740740741,4.979280998369567,0.7991677914286333
058,GINEBRA,76306,Congreso 2026,Cámara,NA,4,16.0,0.6796875,3,"MOVIMIENTO ALTERNATIVO INDÍGENA Y SOCIAL ""MAIS""",13.0,MOVIMIENTO UNIDAD EN MINGA POR COLOMBIA,2.0,7.0,0.0,2.0,23.0,25.0,11.0,47.82608695652174,56.52173913043478,30.434782608695656,1.471264367816092,0.3203125
058,GINEBRA,76306,Congreso 2026,Cámara,NA,5,165.0,0.31820018365472913,18,CONSEJO COMUNITARIO AFROZABALETAS,89.0,CONSEJO COMUNITARIO EL NARANJO,18.0,17.0,12.0,8.0,182.0,202.0,71.0,39.010989010989015,48.9010989010989,9.340659340659341,3.1426757474316056,0.6817998163452709
058,GINEBRA,76306,Congreso 2026,Senado,NA,0,8686.0,0.1810926764674711,16,PACTO HISTÓRICO SENADO,2602.0,PARTIDO LIBERAL COLOMBIANO,1679.0,178.0,281.0,261.0,8864.0,9406.0,923.0,10.412906137184114,29.354693140794225,2.0081227436823106,5.522034460513513,0.8189073235325289
058,GINEBRA,76306,Congreso 2026,Senado,NA,4,13.0,0.19526627218934914,7,"MOVIMIENTO ALTERNATIVO INDÍGENA Y SOCIAL ""MAIS""",4.0,"MOVIMIENTO AUTORIDADES INDÍGENAS DE COLOMBIA ""AICO""",3.0,5.0,3.0,2.0,18.0,23.0,1.0,5.555555555555555,22.22222222222222,27.77777777777778,5.12121212121212,0.8047337278106509
058,GINEBRA,76306,Presidencia 2026,Presidencia,1V,0,10806.0,0.40991341276425663,11,IVÁN CEPEDA CASTRO,5641.0,ABELARDO DE LA ESPRIELLA,3920.0,220.0,141.0,35.0,11026.0,11202.0,1721.0,15.608561581715943,51.16089243606022,1.9952838744785053,2.4395395926580847,0.5900865872357434
058,GINEBRA,76306,Presidencia 2026,Presidencia,2V,0,11957.0,0.512718237535524,2,IVÁN CEPEDA CASTRO,6932.0,ABELARDO DE LA ESPRIELLA,5025.0,157.0,114.0,12.0,12114.0,12240.0,1907.0,15.742116559352814,57.22304771338946,1.2960211325738815,1.9503889793479685,0.48728176246447596
061,GUACARI,76318,Congreso 2026,Consultas,NA,0,3060.0,0.4196086975095049,3,LA GRAN CONSULTA POR COLOMBIA,1530.0,FRENTE POR LA VIDA,1222.0,0.0,693.0,638.0,3060.0,4391.0,308.0,10.065359477124183,50.0,0.0,2.3831727176659587,0.5803913024904951
061,GUACARI,76318,Congreso 2026,Cámara,NA,1,15476.0,0.24867187780263703,14,MOVIMIENTO POLÍTICO PACTO HISTÓRICO,5760.0,PARTIDO DE LA UNIÓN POR LA GENTE - PARTIDO DE LA U,4509.0,300.0,477.0,283.0,15776.0,16536.0,1251.0,7.929766734279919,36.511156186612574,1.9016227180527385,4.0213634482370715,0.751328122197363
061,GUACARI,76318,Congreso 2026,Cámara,NA,4,18.0,0.25308641975308643,7,"MOVIMIENTO ALTERNATIVO INDÍGENA Y SOCIAL ""MAIS""",7.0,PARTIDO INDÍGENA COLOMBIANO P.I.C,5.0,11.0,1.0,4.0,29.0,34.0,2.0,6.896551724137931,24.137931034482758,37.93103448275862,3.951219512195122,0.7469135802469136
061,GUACARI,76318,Congreso 2026,Cámara,NA,5,759.0,0.40070927525816674,26,CONSEJO COMUNITARIO DE LA COMUNIDAD NEGRA DE LIMONES,456.0,CONSEJO COMUNITARIO EL NARANJO,126.0,51.0,98.0,53.0,810.0,961.0,330.0,40.74074074074074,56.2962962962963,6.296296296296296,2.495574876213498,0.5992907247418333
061,GUACARI,76318,Congreso 2026,Senado,NA,0,16443.0,0.23198123044055458,16,PACTO HISTÓRICO SENADO,6082.0,PARTIDO DE LA UNIÓN POR LA GENTE - PARTIDO DE LA U,4374.0,319.0,433.0,342.0,16762.0,17537.0,1708.0,10.189714831165732,36.28445292924472,1.9031141868512111,4.310693576807504,0.7680187695594454
061,GUACARI,76318,Congreso 2026,Senado,NA,4,17.0,0.33564013840830453,6,"MOVIMIENTO ALTERNATIVO INDÍGENA Y SOCIAL ""MAIS""",9.0,MOVIMIENTO UNIDAD EN MINGA POR COLOMBIA,3.0,7.0,0.0,3.0,24.0,27.0,6.0,25.0,37.5,29.166666666666668,2.9793814432989687,0.6643598615916955
061,GUACARI,76318,Presidencia 2026,Presidencia,1V,0,17376.0,0.532957726613877,11,IVÁN CEPEDA CASTRO,12044.0,ABELARDO DE LA ESPRIELLA,3867.0,284.0,219.0,35.0,17660.0,17914.0,8177.0,46.30237825594564,68.19932049830125,1.608154020385051,1.8763214230018865,0.46704227338612303
061,GUACARI,76318,Presidencia 2026,Presidencia,2V,0,19983.0,0.6184207609846741,2,IVÁN CEPEDA CASTRO,14854.0,ABELARDO DE LA ESPRIELLA,5129.0,162.0,145.0,24.0,20145.0,20314.0,9725.0,48.275006205013646,73.73541821792008,0.8041697691734921,1.6170220391821262,0.38157923901532587
064,JAMUNDI,76364,Congreso 2026,Consultas,NA,0,14166.0,0.6429807325412368,3,LA GRAN CONSULTA POR COLOMBIA,11148.0,FRENTE POR LA VIDA,1824.0,0.0,2159.0,1135.0,14166.0,17460.0,9324.0,65.81956797966964,78.69546802202456,0.0,1.5552565565187697,0.3570192674587632
064,JAMUNDI,76364,Congreso 2026,Cámara,NA,1,56192.0,0.1966293710015466,14,MOVIMIENTO POLÍTICO PACTO HISTÓRICO,20454.0,PARTIDO DE LA UNIÓN POR LA GENTE - PARTIDO DE LA U,9007.0,1389.0,1510.0,692.0,57581.0,59783.0,11447.0,19.879821468887307,35.52213403726924,2.4122540421319534,5.0857102115844866,0.8033706289984535
064,JAMUNDI,76364,Congreso 2026,Cámara,NA,4,322.0,0.4541684348597662,10,"MOVIMIENTO ALTERNATIVO INDÍGENA Y SOCIAL ""MAIS""",203.0,MOVIMIENTO UNIDAD EN MINGA POR COLOMBIA,74.0,81.0,36.0,41.0,403.0,480.0,129.0,32.00992555831266,50.37220843672456,20.099255583126553,2.20182629008282,0.5458315651402338
064,JAMUNDI,76364,Congreso 2026,Cámara,NA,5,1186.0,0.1338863468970479,42,CONSEJO COMUNITARIO EL NARANJO,341.0,CONSEJO COMUNITARIO LA GRAN VÍA DE LOS REMEDIOS,142.0,364.0,439.0,197.0,1550.0,2186.0,199.0,12.838709677419354,22.0,23.483870967741936,7.469021473630552,0.8661136531029521
064,JAMUNDI,76364,Congreso 2026,Senado,NA,0,57389.0,0.20125186766471945,16,PACTO HISTÓRICO SENADO,22027.0,PARTIDO LIBERAL COLOMBIANO,7612.0,1597.0,1602.0,1321.0,58986.0,61909.0,14415.0,24.43800223781914,37.34275929881667,2.70742210015936,4.968897986407634,0.7987481323352805
064,JAMUNDI,76364,Congreso 2026,Senado,NA,4,411.0,0.5191006446800576,9,"MOVIMIENTO ALTERNATIVO INDÍGENA Y SOCIAL ""MAIS""",283.0,MOVIMIENTO UNIDAD EN MINGA POR COLOMBIA,84.0,108.0,81.0,86.0,519.0,686.0,199.0,38.34296724470135,54.52793834296724,20.809248554913296,1.9264087036846966,0.48089935531994243
064,JAMUNDI,76364,Presidencia 2026,Presidencia,1V,0,78762.0,0.4363166744922121,11,IVÁN CEPEDA CASTRO,44872.0,ABELARDO DE LA ESPRIELLA,25902.0,1789.0,1171.0,300.0,80551.0,82022.0,18970.0,23.550297327159193,55.70632270238731,2.2209531849387347,2.2919133245682297,0.5636833255077879
064,JAMUNDI,76364,Presidencia 2026,Presidencia,2V,0,86473.0,0.541968981391519,2,IVÁN CEPEDA CASTRO,55763.0,ABELARDO DE LA ESPRIELLA,30710.0,1355.0,815.0,117.0,87828.0,88760.0,25053.0,28.525071731110806,63.4911417771098,1.5427881768911964,1.8451240464582954,0.45803101860848106
067,LA CUMBRE,76377,Congreso 2026,Consultas,NA,0,1213.0,0.6837829259689445,3,LA GRAN CONSULTA POR COLOMBIA,989.0,FRENTE POR LA VIDA,150.0,0.0,173.0,137.0,1213.0,1523.0,839.0,69.16735366859027,81.53338829348722,0.0,1.4624524275492323,0.3162170740310555
067,LA CUMBRE,76377,Congreso 2026,Cámara,NA,1,6398.0,0.27426313572319266,14,PARTIDO DE LA UNIÓN POR LA GENTE - PARTIDO DE LA U,2777.0,MOVIMIENTO POLÍTICO PACTO HISTÓRICO,1697.0,90.0,203.0,140.0,6488.0,6831.0,1080.0,16.646115906288532,42.80209617755857,1.3871763255240444,3.6461334745668355,0.7257368642768074
067,LA CUMBRE,76377,Congreso 2026,Cámara,NA,4,4.0,0.375,3,PARTIDO INDÍGENA COLOMBIANO P.I.C,2.0,ASOCIACIÓN DE CABILDOS INDÍGENAS ZENÚ ORICO,1.0,3.0,10.0,0.0,7.0,17.0,1.0,14.285714285714285,28.57142857142857,42.857142857142854,2.6666666666666665,0.625
067,LA CUMBRE,76377,Congreso 2026,Cámara,NA,5,39.0,0.19395134779750164,12,CONSEJO COMUNITARIO LA GRAN VÍA DE LOS REMEDIOS,13.0,CONSEJO COMUNITARIO EL NARANJO,9.0,28.0,28.0,10.0,67.0,105.0,4.0,5.970149253731343,19.402985074626866,41.7910447761194,5.15593220338983,0.8060486522024983
067,LA CUMBRE,76377,Congreso 2026,Senado,NA,0,6446.0,0.2460131564849256,16,PARTIDO DE LA UNIÓN POR LA GENTE - PARTIDO DE LA U,2496.0,PACTO HISTÓRICO SENADO,1784.0,125.0,153.0,224.0,6571.0,6948.0,712.0,10.835489271039416,37.98508598386851,1.9022979759549536,4.0648232569678635,0.7539868435150744
067,LA CUMBRE,76377,Congreso 2026,Senado,NA,4,21.0,0.8231292517006804,3,"MOVIMIENTO AUTORIDADES INDÍGENAS DE COLOMBIA ""AICO""",19.0,MOVIMIENTO UNIDAD EN MINGA POR COLOMBIA,1.0,5.0,7.0,3.0,26.0,36.0,18.0,69.23076923076923,73.07692307692307,19.230769230769234,1.214876033057851,0.1768707482993196
067,LA CUMBRE,76377,Presidencia 2026,Presidencia,1V,0,7822.0,0.396139598262831,11,IVÁN CEPEDA CASTRO,3864.0,ABELARDO DE LA ESPRIELLA,2973.0,160.0,78.0,30.0,7982.0,8090.0,891.0,11.162615885742921,48.408920070157855,2.0045101478326237,2.524362634751094,0.6038604017371689
067,LA CUMBRE,76377,Presidencia 2026,Presidencia,2V,0,8744.0,0.5046143260489064,2,IVÁN CEPEDA CASTRO,4792.0,ABELARDO DE LA ESPRIELLA,3952.0,112.0,67.0,15.0,8856.0,8938.0,840.0,9.48509485094851,54.11020776874436,1.2646793134598013,1.9817114742459403,0.49538567395109356
070,LA UNION,76400,Congreso 2026,Consultas,NA,0,2893.0,0.7308248129596107,3,LA GRAN CONSULTA POR COLOMBIA,2453.0,FRENTE POR LA VIDA,256.0,0.0,294.0,225.0,2893.0,3412.0,2197.0,75.94192879363982,84.79087452471484,0.0,1.3683169786618417,0.26917518704038934
070,LA UNION,76400,Congreso 2026,Cámara,NA,1,11276.0,0.19731071879473916,14,PARTIDO DE LA UNIÓN POR LA GENTE - PARTIDO DE LA U,4115.0,MOVIMIENTO POLÍTICO PACTO HISTÓRICO,1817.0,413.0,579.0,357.0,11689.0,12625.0,2298.0,19.659508940029088,35.2040379844298,3.5332363760800756,5.068148380931562,0.8026892812052608
070,LA UNION,76400,Congreso 2026,Cámara,NA,4,3.0,0.3333333333333333,3,TRIETNICO GOBERNATIVO TRIGO,1.0,PARTIDO INDÍGENA COLOMBIANO P.I.C,1.0,0.0,0.0,0.0,3.0,3.0,0.0,0.0,33.33333333333333,0.0,3.0,0.6666666666666667
070,LA UNION,76400,Congreso 2026,Cámara,NA,5,62.0,0.35639958376690956,10,CONSEJO COMUNITARIO EL NARANJO,35.0,CONSEJO COMUNITARIO MANUEL ZAPATA OLIVELLA DE SAN ANTERO,9.0,34.0,41.0,18.0,96.0,155.0,26.0,27.083333333333332,36.45833333333333,35.41666666666667,2.8058394160583933,0.6436004162330904
070,LA UNION,76400,Congreso 2026,Senado,NA,0,11505.0,0.17823624480862676,16,PARTIDO DE LA UNIÓN POR LA GENTE - PARTIDO DE LA U,3782.0,PARTIDO CENTRO DEMOCRÁTICO,1778.0,345.0,439.0,475.0,11850.0,12764.0,2004.0,16.911392405063292,31.91561181434599,2.911392405063291,5.610531130038705,0.8217637551913732
070,LA UNION,76400,Congreso 2026,Senado,NA,4,4.0,0.25,4,TRIETNICO GOBERNATIVO TRIGO,1.0,MOVIMIENTO SI,1.0,13.0,16.0,11.0,17.0,44.0,0.0,0.0,5.88235294117647,76.47058823529412,4.0,0.75
070,LA UNION,76400,Presidencia 2026,Presidencia,1V,0,15859.0,0.4258891314821264,11,ABELARDO DE LA ESPRIELLA,9439.0,IVÁN CEPEDA CASTRO,3996.0,337.0,342.0,66.0,16196.0,16604.0,5443.0,33.607063472462336,58.279822178315634,2.08076068164979,2.3480289260257106,0.5741108685178735
070,LA UNION,76400,Presidencia 2026,Presidencia,2V,0,16782.0,0.5717216624987975,2,ABELARDO DE LA ESPRIELLA,11569.0,IVÁN CEPEDA CASTRO,5213.0,316.0,260.0,25.0,17098.0,17383.0,6356.0,37.17393847233594,67.66288454790033,1.8481693765352674,1.7491028687444623,0.4282783375012025
073,LA VICTORIA,76403,Congreso 2026,Consultas,NA,0,1119.0,0.6881135892269443,3,LA GRAN CONSULTA POR COLOMBIA,917.0,FRENTE POR LA VIDA,114.0,0.0,123.0,154.0,1119.0,1396.0,803.0,71.76050044682752,81.94816800714923,0.0,1.4532484398737742,0.3118864107730557
073,LA VICTORIA,76403,Congreso 2026,Cámara,NA,1,5049.0,0.17054607763309546,14,PARTIDO DE LA UNIÓN POR LA GENTE - PARTIDO DE LA U,1461.0,COALICIÓN LIBERAL - COLOMBIA RENACIENTE,862.0,64.0,169.0,65.0,5113.0,5347.0,599.0,11.715235673772737,28.57422256991981,1.251711324075885,5.863518023271995,0.8294539223669045
073,LA VICTORIA,76403,Congreso 2026,Cámara,NA,4,1.0,1.0,1,"MOVIMIENTO ALTERNATIVO INDÍGENA Y SOCIAL ""MAIS""",1.0,,0.0,0.0,0.0,0.0,1.0,1.0,1.0,100.0,100.0,0.0,1.0,0.0
073,LA VICTORIA,76403,Congreso 2026,Cámara,NA,5,24.0,0.1909722222222222,7,C.C. DE LA COMUNIDAD NEGRA DE LA VEREDA EL ESFUERZO,6.0,CONSEJO COMUNITARIO LA GRAN VÍA DE LOS REMEDIOS,6.0,19.0,62.0,40.0,43.0,145.0,0.0,0.0,13.953488372093023,44.18604651162791,5.236363636363636,0.8090277777777778
073,LA VICTORIA,76403,Congreso 2026,Senado,NA,0,5060.0,0.17432197034791982,16,PARTIDO DE LA UNIÓN POR LA GENTE - PARTIDO DE LA U,1554.0,COALICIÓN CAMBIO RADICAL - ALMA,839.0,101.0,151.0,164.0,5161.0,5476.0,715.0,13.85390428211587,30.110443712458824,1.9569850804107731,5.7365115711126595,0.8256780296520801
073,LA VICTORIA,76403,Congreso 2026,Senado,NA,4,2.0,1.0,1,"MOVIMIENTO ALTERNATIVO INDÍGENA Y SOCIAL ""MAIS""",2.0,,0.0,2.0,10.0,18.0,4.0,32.0,2.0,50.0,50.0,50.0,1.0,0.0
073,LA VICTORIA,76403,Presidencia 2026,Presidencia,1V,0,6006.0,0.4113577620071126,11,ABELARDO DE LA ESPRIELLA,3343.0,IVÁN CEPEDA CASTRO,1826.0,130.0,85.0,25.0,6136.0,6246.0,1517.0,24.72294654498044,54.48174706649282,2.11864406779661,2.4309739413224185,0.5886422379928874
073,LA VICTORIA,76403,Presidencia 2026,Presidencia,2V,0,6510.0,0.5474755368675392,2,ABELARDO DE LA ESPRIELLA,4258.0,IVÁN CEPEDA CASTRO,2252.0,90.0,56.0,12.0,6600.0,6668.0,2006.0,30.393939393939394,64.51515151515152,1.3636363636363635,1.8265656319945274,0.45252446313246075
076,OBANDO,76497,Congreso 2026,Consultas,NA,0,629.0,0.6621482606706586,3,LA GRAN CONSULTA POR COLOMBIA,504.0,FRENTE POR LA VIDA,71.0,0.0,84.0,86.0,629.0,799.0,433.0,68.83942766295708,80.12718600953896,0.0,1.5102357876575065,0.3378517393293414
076,OBANDO,76497,Congreso 2026,Cámara,NA,1,4822.0,0.23253825400345196,14,PARTIDO DE LA UNIÓN POR LA GENTE - PARTIDO DE LA U,1866.0,MOVIMIENTO POLÍTICO PACTO HISTÓRICO,1112.0,71.0,257.0,122.0,4893.0,5272.0,754.0,15.409769057837726,38.136112814224404,1.4510525240138974,4.300367714918662,0.767461745996548
076,OBANDO,76497,Congreso 2026,Cámara,NA,4,30.0,0.9355555555555555,2,"MOVIMIENTO ALTERNATIVO INDÍGENA Y SOCIAL ""MAIS""",29.0,MOVIMIENTO UNIDAD EN MINGA POR COLOMBIA,1.0,0.0,2.0,0.0,30.0,32.0,28.0,93.33333333333333,96.66666666666667,0.0,1.0688836104513064,0.06444444444444453
076,OBANDO,76497,Congreso 2026,Cámara,NA,5,259.0,0.7319658323519327,12,CONSEJO COMUNITARIO DE LA COMUNIDAD NEGRA DE LIMONES,221.0,CONSEJO COMUNITARIO EL NARANJO,11.0,6.0,29.0,13.0,265.0,307.0,210.0,79.24528301886792,83.39622641509435,2.2641509433962264,1.3661839881061486,0.2680341676480673
076,OBANDO,76497,Congreso 2026,Senado,NA,0,5135.0,0.25051944148686534,15,PARTIDO DE LA UNIÓN POR LA GENTE - PARTIDO DE LA U,2141.0,PACTO HISTÓRICO SENADO,1165.0,71.0,215.0,203.0,5206.0,5624.0,976.0,18.747598924318094,41.1256242796773,1.3638109873223205,3.991706168850092,0.7494805585131347
076,OBANDO,76497,Congreso 2026,Senado,NA,4,33.0,1.0,1,"MOVIMIENTO ALTERNATIVO INDÍGENA Y SOCIAL ""MAIS""",33.0,,0.0,1.0,17.0,0.0,34.0,51.0,33.0,97.05882352941177,97.05882352941177,2.941176470588235,1.0,0.0
076,OBANDO,76497,Presidencia 2026,Presidencia,1V,0,5182.0,0.4105100024861167,10,IVÁN CEPEDA CASTRO,2772.0,ABELARDO DE LA ESPRIELLA,1783.0,79.0,111.0,31.0,5261.0,5403.0,989.0,18.798707470062727,52.68960273712222,1.5016156624215928,2.435994236300782,0.5894899975138833
076,OBANDO,76497,Presidencia 2026,Presidencia,2V,0,5849.0,0.5137798732043719,2,IVÁN CEPEDA CASTRO,3410.0,ABELARDO DE LA ESPRIELLA,2439.0,79.0,99.0,11.0,5928.0,6038.0,971.0,16.379892037786774,57.52361673414305,1.332658569500675,1.9463588438432637,0.4862201267956281
079,PALMIRA,76520,Congreso 2026,Consultas,NA,0,32993.0,0.6242173616477784,3,LA GRAN CONSULTA POR COLOMBIA,25520.0,FRENTE POR LA VIDA,4118.0,0.0,4888.0,2881.0,32993.0,40762.0,21402.0,64.86830539811476,77.34974085412057,0.0,1.6020060662206654,0.3757826383522216
079,PALMIRA,76520,Congreso 2026,Cámara,NA,1,126442.0,0.2189105834170732,14,MOVIMIENTO POLÍTICO PACTO HISTÓRICO,48223.0,PARTIDO DE LA UNIÓN POR LA GENTE - PARTIDO DE LA U,27278.0,3837.0,3583.0,1757.0,130279.0,135619.0,20945.0,16.07703467174295,37.01517512415662,2.945217571519585,4.568075167452175,0.7810894165829267
079,PALMIRA,76520,Congreso 2026,Cámara,NA,4,198.0,0.17238036935006634,10,"MOVIMIENTO ALTERNATIVO INDÍGENA Y SOCIAL ""MAIS""",51.0,PARTIDO INDÍGENA COLOMBIANO P.I.C,46.0,118.0,26.0,41.0,316.0,383.0,5.0,1.5822784810126582,16.139240506329113,37.34177215189873,5.801124593074873,0.8276196306499337
079,PALMIRA,76520,Congreso 2026,Cámara,NA,5,2659.0,0.19893565757853188,45,CONSEJO COMUNITARIO EL NARANJO,1057.0,CONSEJO COMUNITARIO LA GRAN VÍA DE LOS REMEDIOS,407.0,875.0,648.0,334.0,3534.0,4516.0,650.0,18.39275608375778,29.90945104697227,24.75947934352009,5.026750921238139,0.8010643424214681
079,PALMIRA,76520,Congreso 2026,Senado,NA,0,130677.0,0.20169843457422632,16,PACTO HISTÓRICO SENADO,50031.0,PARTIDO DE LA UNIÓN POR LA GENTE - PARTIDO DE LA U,18543.0,3990.0,3288.0,2511.0,134667.0,140466.0,31488.0,23.38212034128628,37.15164071376061,2.962863953307046,4.957896684279885,0.7983015654257737
079,PALMIRA,76520,Congreso 2026,Senado,NA,4,353.0,0.2716898458377806,10,"MOVIMIENTO AUTORIDADES INDÍGENAS DE COLOMBIA ""AICO""",158.0,"MOVIMIENTO ALTERNATIVO INDÍGENA Y SOCIAL ""MAIS""",75.0,214.0,107.0,88.0,567.0,762.0,83.0,14.638447971781304,27.86596119929453,37.742504409171076,3.6806675527987,0.7283101541622194
079,PALMIRA,76520,Presidencia 2026,Presidencia,1V,0,160569.0,0.42888533456785466,11,IVÁN CEPEDA CASTRO,90506.0,ABELARDO DE LA ESPRIELLA,52499.0,3445.0,1775.0,417.0,164014.0,166206.0,38007.0,23.173021815210898,55.18187471801188,2.100430451059056,2.3316255404433472,0.5711146654321453
079,PALMIRA,76520,Presidencia 2026,Presidencia,2V,0,173703.0,0.538737390184087,2,IVÁN CEPEDA CASTRO,111026.0,ABELARDO DE LA ESPRIELLA,62677.0,2859.0,1284.0,152.0,176562.0,177998.0,48349.0,27.383581971205583,62.88216037425946,1.6192612226866483,1.8561919373338822,0.46126260981591305
082,PRADERA,76563,Congreso 2026,Consultas,NA,0,3236.0,0.5425938644513745,3,LA GRAN CONSULTA POR COLOMBIA,2271.0,FRENTE POR LA VIDA,654.0,0.0,666.0,574.0,3236.0,4476.0,1617.0,49.96909765142151,70.17923362175526,0.0,1.8429990929055498,0.4574061355486255
082,PRADERA,76563,Congreso 2026,Cámara,NA,1,19280.0,0.24317201946419656,14,MOVIMIENTO POLÍTICO PACTO HISTÓRICO,8403.0,PARTIDO DE LA UNIÓN POR LA GENTE - PARTIDO DE LA U,3275.0,398.0,785.0,426.0,19678.0,20889.0,5128.0,26.05955889826202,42.70251041772538,2.0225632686248605,4.112315233485303,0.7568279805358035
082,PRADERA,76563,Congreso 2026,Cámara,NA,4,132.0,0.6815886134067953,7,MOVIMIENTO UNIDAD EN MINGA POR COLOMBIA,108.0,"MOVIMIENTO ALTERNATIVO INDÍGENA Y SOCIAL ""MAIS""",13.0,14.0,22.0,18.0,146.0,186.0,95.0,65.06849315068493,73.97260273972603,9.58904109589041,1.467160660154934,0.31841138659320467
082,PRADERA,76563,Congreso 2026,Cámara,NA,5,353.0,0.2117744304183486,30,CONSEJO COMUNITARIO EL NARANJO,122.0,CONSEJO COMUNITARIO MANUEL ZAPATA OLIVELLA DE SAN ANTERO,97.0,107.0,180.0,116.0,460.0,756.0,25.0,5.434782608695652,26.521739130434785,23.26086956521739,4.722005381029975,0.7882255695816514
082,PRADERA,76563,Congreso 2026,Senado,NA,0,19931.0,0.23645955899717958,16,PACTO HISTÓRICO SENADO,8645.0,PARTIDO DE LA UNIÓN POR LA GENTE - PARTIDO DE LA U,2816.0,362.0,760.0,614.0,20293.0,21667.0,5829.0,28.724190607598683,42.600896860986545,1.7838663578573892,4.229052968892358,0.7635404410028204
082,PRADERA,76563,Congreso 2026,Senado,NA,4,135.0,0.8449382716049383,9,MOVIMIENTO UNIDAD EN MINGA POR COLOMBIA,124.0,"MOVIMIENTO ALTERNATIVO INDÍGENA Y SOCIAL ""MAIS""",4.0,46.0,26.0,19.0,181.0,226.0,120.0,66.29834254143645,68.50828729281768,25.41436464088398,1.1835184102863823,0.15506172839506172
082,PRADERA,76563,Presidencia 2026,Presidencia,1V,0,22698.0,0.5499135087949399,11,IVÁN CEPEDA CASTRO,16082.0,ABELARDO DE LA ESPRIELLA,4855.0,430.0,333.0,77.0,23128.0,23538.0,11227.0,48.54289173296437,69.53476305776547,1.859218263576617,1.8184677844909882,0.45008649120506006
082,PRADERA,76563,Presidencia 2026,Presidencia,2V,0,25606.0,0.6358685429265525,2,IVÁN CEPEDA CASTRO,19477.0,ABELARDO DE LA ESPRIELLA,6129.0,270.0,243.0,39.0,25876.0,26158.0,13348.0,51.58447982686659,75.2705209460504,1.043437934765806,1.5726521010106131,0.3641314570734475
085,RESTREPO,76606,Congreso 2026,Consultas,NA,0,1373.0,0.6182648508404464,3,LA GRAN CONSULTA POR COLOMBIA,1055.0,FRENTE POR LA VIDA,190.0,0.0,171.0,242.0,1373.0,1786.0,865.0,63.00072833211945,76.83903860160233,0.0,1.6174298096368198,0.38173514915955364
085,RESTREPO,76606,Congreso 2026,Cámara,NA,1,6024.0,0.1912642149419145,14,COALICIÓN LIBERAL - COLOMBIA RENACIENTE,1488.0,PARTIDO DE LA UNIÓN POR LA GENTE - PARTIDO DE LA U,1458.0,89.0,188.0,138.0,6113.0,6439.0,30.0,0.4907574022574841,24.34156715197121,1.4559136266972026,5.228369563557367,0.8087357850580855
085,RESTREPO,76606,Congreso 2026,Cámara,NA,4,17.0,0.7093425605536332,2,"MOVIMIENTO ALTERNATIVO INDÍGENA Y SOCIAL ""MAIS""",14.0,MOVIMIENTO UNIDAD EN MINGA POR COLOMBIA,3.0,10.0,7.0,5.0,27.0,39.0,11.0,40.74074074074074,51.85185185185185,37.03703703703704,1.4097560975609755,0.2906574394463668
085,RESTREPO,76606,Congreso 2026,Cámara,NA,5,39.0,0.42406311637080873,12,CONSEJO COMUNITARIO EL NARANJO,25.0,CONSEJO COMUNITARIO LA GRAN VÍA DE LOS REMEDIOS,2.0,31.0,41.0,37.0,70.0,148.0,23.0,32.857142857142854,35.714285714285715,44.285714285714285,2.3581395348837204,0.5759368836291913
085,RESTREPO,76606,Congreso 2026,Senado,NA,0,6018.0,0.19443961236927304,16,PARTIDO DE LA UNIÓN POR LA GENTE - PARTIDO DE LA U,1628.0,PACTO HISTÓRICO SENADO,1477.0,143.0,201.0,212.0,6161.0,6574.0,151.0,2.4509008277876965,26.42428177243954,2.3210517773088783,5.142984949490819,0.8055603876307269
085,RESTREPO,76606,Congreso 2026,Senado,NA,4,33.0,0.7869605142332414,2,"MOVIMIENTO ALTERNATIVO INDÍGENA Y SOCIAL ""MAIS""",29.0,MOVIMIENTO UNIDAD EN MINGA POR COLOMBIA,4.0,7.0,1.0,1.0,40.0,42.0,25.0,62.5,72.5,17.5,1.2707117852975498,0.21303948576675857
085,RESTREPO,76606,Presidencia 2026,Presidencia,1V,0,7727.0,0.40323022294596966,11,ABELARDO DE LA ESPRIELLA,3543.0,IVÁN CEPEDA CASTRO,3354.0,149.0,148.0,23.0,7876.0,8047.0,189.0,2.399695276790249,44.98476383951244,1.8918232605383445,2.479972837090621,0.5967697770540303
085,RESTREPO,76606,Presidencia 2026,Presidencia,2V,0,8961.0,0.5000247137215177,2,IVÁN CEPEDA CASTRO,4512.0,ABELARDO DE LA ESPRIELLA,4449.0,116.0,107.0,18.0,9077.0,9202.0,63.0,0.6940619147295362,49.70805332158202,1.2779552715654952,1.999901149999832,0.4999752862784823
088,RIOFRIO,76616,Congreso 2026,Consultas,NA,0,1329.0,0.7289441248391356,3,LA GRAN CONSULTA POR COLOMBIA,1125.0,FRENTE POR LA VIDA,125.0,0.0,145.0,197.0,1329.0,1671.0,1000.0,75.24454477050413,84.65011286681715,0.0,1.3718472595148241,0.2710558751608644
088,RIOFRIO,76616,Congreso 2026,Cámara,NA,1,6488.0,0.17600709495363534,13,PARTIDO DE LA UNIÓN POR LA GENTE - PARTIDO DE LA U,1856.0,MOVIMIENTO POLÍTICO PACTO HISTÓRICO,1470.0,93.0,281.0,153.0,6581.0,7015.0,386.0,5.865370004558577,28.202400850934506,1.413159094362559,5.681589144252537,0.8239929050463647
088,RIOFRIO,76616,Congreso 2026,Cámara,NA,4,5.0,0.52,2,ASOCIACIÓN DE CABILDOS INDÍGENAS ZENÚ ORICO,3.0,"MOVIMIENTO ALTERNATIVO INDÍGENA Y SOCIAL ""MAIS""",2.0,1.0,0.0,0.0,6.0,6.0,1.0,16.666666666666664,50.0,16.666666666666664,1.923076923076923,0.48
088,RIOFRIO,76616,Congreso 2026,Cámara,NA,5,42.0,0.2471655328798186,12,CONSEJO COMUNITARIO EL NARANJO,19.0,C.C. DE LA COMUNIDAD NEGRA DE LA VEREDA EL ESFUERZO,6.0,32.0,65.0,30.0,74.0,169.0,13.0,17.56756756756757,25.675675675675674,43.24324324324324,4.045871559633027,0.7528344671201814
088,RIOFRIO,76616,Congreso 2026,Senado,NA,0,6600.0,0.1680451790633609,16,PARTIDO DE LA UNIÓN POR LA GENTE - PARTIDO DE LA U,1849.0,PACTO HISTÓRICO SENADO,1476.0,94.0,275.0,221.0,6694.0,7190.0,373.0,5.572154167911562,27.621750821631313,1.4042426053181953,5.950780650618684,0.8319548209366391
088,RIOFRIO,76616,Congreso 2026,Senado,NA,4,1.0,1.0,1,ASOCIACIÓN DE AUTORIDADES TRADICIONALES INDÍGENAS,1.0,,0.0,6.0,7.0,12.0,7.0,26.0,1.0,14.285714285714285,14.285714285714285,85.71428571428571,1.0,0.0
088,RIOFRIO,76616,Presidencia 2026,Presidencia,1V,0,8138.0,0.3698314241535527,11,ABELARDO DE LA ESPRIELLA,3460.0,IVÁN CEPEDA CASTRO,3432.0,114.0,123.0,46.0,8252.0,8421.0,28.0,0.3393116820164809,41.92922927775085,1.3814832767813863,2.7039346434358253,0.6301685758464473
088,RIOFRIO,76616,Presidencia 2026,Presidencia,2V,0,8893.0,0.5018641166215039,2,ABELARDO DE LA ESPRIELLA,4718.0,IVÁN CEPEDA CASTRO,4175.0,125.0,87.0,16.0,9018.0,9121.0,543.0,6.0212907518296745,52.31758704812597,1.3861166555777336,1.9925712297023628,0.4981358833784961
091,ROLDANILLO,76622,Congreso 2026,Consultas,NA,0,4763.0,0.6620554135870185,3,LA GRAN CONSULTA POR COLOMBIA,3813.0,FRENTE POR LA VIDA,596.0,0.0,578.0,479.0,4763.0,5820.0,3217.0,67.54146546294353,80.05458744488767,0.0,1.5104475841108174,0.33794458641298153
091,ROLDANILLO,76622,Congreso 2026,Cámara,NA,1,16124.0,0.2799389142481172,14,PARTIDO DE LA UNIÓN POR LA GENTE - PARTIDO DE LA U,7557.0,MOVIMIENTO POLÍTICO PACTO HISTÓRICO,3340.0,329.0,535.0,250.0,16453.0,17238.0,4217.0,25.63058408800827,45.930833282684006,1.9996353248647663,3.572207896447272,0.7200610857518828
091,ROLDANILLO,76622,Congreso 2026,Cámara,NA,4,18.0,0.7037037037037038,4,"MOVIMIENTO ALTERNATIVO INDÍGENA Y SOCIAL ""MAIS""",15.0,MOVIMIENTO UNIDAD EN MINGA POR COLOMBIA,1.0,1.0,0.0,1.0,19.0,20.0,14.0,73.68421052631578,78.94736842105263,5.263157894736842,1.4210526315789471,0.29629629629629617
091,ROLDANILLO,76622,Congreso 2026,Cámara,NA,5,107.0,0.2801118001572189,12,CONSEJO COMUNITARIO EL NARANJO,48.0,CONSEJO COMUNITARIO LA GRAN VÍA DE LOS REMEDIOS,22.0,74.0,54.0,23.0,181.0,258.0,26.0,14.3646408839779,26.519337016574585,40.88397790055249,3.570003118178984,0.7198881998427811
091,ROLDANILLO,76622,Congreso 2026,Senado,NA,0,16423.0,0.25378229990376244,16,PARTIDO DE LA UNIÓN POR LA GENTE - PARTIDO DE LA U,7171.0,PACTO HISTÓRICO SENADO,3377.0,309.0,396.0,362.0,16732.0,17490.0,3794.0,22.67511355486493,42.85799665311977,1.8467606980635907,3.940385126855628,0.7462177000962376
091,ROLDANILLO,76622,Congreso 2026,Senado,NA,4,17.0,0.6055363321799309,4,"MOVIMIENTO ALTERNATIVO INDÍGENA Y SOCIAL ""MAIS""",13.0,"MOVIMIENTO AUTORIDADES INDÍGENAS DE COLOMBIA ""AICO""",2.0,19.0,6.0,0.0,36.0,42.0,11.0,30.555555555555557,36.11111111111111,52.77777777777778,1.6514285714285712,0.39446366782006914
091,ROLDANILLO,76622,Presidencia 2026,Presidencia,1V,0,18847.0,0.37651951105833464,11,ABELARDO DE LA ESPRIELLA,8798.0,IVÁN CEPEDA CASTRO,7303.0,332.0,252.0,50.0,19179.0,19481.0,1495.0,7.7949840971896345,45.873090359247094,1.731060013556494,2.655904861846771,0.6234804889416654
091,ROLDANILLO,76622,Presidencia 2026,Presidencia,2V,0,20279.0,0.5064373951909742,2,ABELARDO DE LA ESPRIELLA,11290.0,IVÁN CEPEDA CASTRO,8989.0,292.0,205.0,17.0,20571.0,20793.0,2301.0,11.185649701035437,54.88308784210783,1.4194740168197948,1.9745777256888912,0.4935626048090258
094,SAN PEDRO,76670,Congreso 2026,Consultas,NA,0,1287.0,0.6387302587768787,3,LA GRAN CONSULTA POR COLOMBIA,1009.0,FRENTE POR LA VIDA,164.0,0.0,183.0,174.0,1287.0,1644.0,845.0,65.65656565656566,78.39937839937839,0.0,1.5656061166022197,0.3612697412231213
094,SAN PEDRO,76670,Congreso 2026,Cámara,NA,1,6821.0,0.18563975817327763,14,MOVIMIENTO POLÍTICO PACTO HISTÓRICO,2013.0,PARTIDO DE LA UNIÓN POR LA GENTE - PARTIDO DE LA U,1573.0,106.0,196.0,85.0,6927.0,7208.0,440.0,6.351956113757759,29.060199220441753,1.5302439728598238,5.386777109818211,0.8143602418267224
094,SAN PEDRO,76670,Congreso 2026,Cámara,NA,4,2.0,0.5,2,FUERZA ANCESTRAL,1.0,ASOCIACIÓN DE CABILDOS INDÍGENAS ZENÚ ORICO,1.0,0.0,1.0,0.0,2.0,3.0,0.0,0.0,50.0,0.0,2.0,0.5
094,SAN PEDRO,76670,Congreso 2026,Cámara,NA,5,21.0,0.3469387755102041,6,CONSEJO COMUNITARIO EL NARANJO,11.0,CONSEJO COMUNITARIO LA GRAN VÍA DE LOS REMEDIOS,5.0,19.0,56.0,23.0,40.0,119.0,6.0,15.0,27.500000000000004,47.5,2.8823529411764706,0.653061224489796
094,SAN PEDRO,76670,Congreso 2026,Senado,NA,0,6841.0,0.18062963403219806,14,PACTO HISTÓRICO SENADO,2023.0,PARTIDO DE LA UNIÓN POR LA GENTE - PARTIDO DE LA U,1559.0,119.0,191.0,155.0,6960.0,7306.0,464.0,6.666666666666667,29.066091954022987,1.7097701149425288,5.536190145974306,0.819370365967802
094,SAN PEDRO,76670,Congreso 2026,Senado,NA,4,33.0,0.6326905417814508,6,"MOVIMIENTO AUTORIDADES INDÍGENAS DE COLOMBIA ""AICO""",26.0,ASOCIACIÓN DE AUTORIDADES TRADICIONALES INDÍGENAS,3.0,0.0,8.0,2.0,33.0,43.0,23.0,69.6969696969697,78.78787878787878,0.0,1.5805515239477506,0.3673094582185492
094,SAN PEDRO,76670,Presidencia 2026,Presidencia,1V,0,8093.0,0.41607363759938315,11,IVÁN CEPEDA CASTRO,4290.0,ABELARDO DE LA ESPRIELLA,2917.0,140.0,103.0,30.0,8233.0,8366.0,1373.0,16.67678853394874,52.10737276812827,1.7004737033888013,2.40342071602924,0.5839263624006168
094,SAN PEDRO,76670,Presidencia 2026,Presidencia,2V,0,9080.0,0.5187855382406024,2,IVÁN CEPEDA CASTRO,5420.0,ABELARDO DE LA ESPRIELLA,3660.0,111.0,81.0,11.0,9191.0,9283.0,1760.0,19.14916766401915,58.97073223805898,1.2077031879012077,1.927578789862527,0.48121446175939764
097,SEVILLA,76736,Congreso 2026,Consultas,NA,0,3802.0,0.697024130548417,3,LA GRAN CONSULTA POR COLOMBIA,3139.0,FRENTE POR LA VIDA,367.0,0.0,455.0,479.0,3802.0,4736.0,2772.0,72.90899526564965,82.56180957390848,0.0,1.4346705604197694,0.30297586945158295
097,SEVILLA,76736,Congreso 2026,Cámara,NA,1,14864.0,0.22752048606323455,14,MOVIMIENTO POLÍTICO PACTO HISTÓRICO,5170.0,PARTIDO DE LA UNIÓN POR LA GENTE - PARTIDO DE LA U,4218.0,308.0,620.0,431.0,15172.0,16223.0,952.0,6.274716583179542,34.07592934352755,2.0300553651463225,4.39520861309197,0.7724795139367655
097,SEVILLA,76736,Congreso 2026,Cámara,NA,4,28.0,0.4821428571428571,3,"MOVIMIENTO ALTERNATIVO INDÍGENA Y SOCIAL ""MAIS""",16.0,PARTIDO INDÍGENA COLOMBIANO P.I.C,11.0,3.0,28.0,15.0,31.0,74.0,5.0,16.129032258064516,51.61290322580645,9.67741935483871,2.0740740740740744,0.5178571428571429
097,SEVILLA,76736,Congreso 2026,Cámara,NA,5,66.0,0.26170798898071623,13,CONSEJO COMUNITARIO EL NARANJO,30.0,PARTIDO ECOLOGISTA COLOMBIANO,10.0,54.0,158.0,123.0,120.0,401.0,20.0,16.666666666666664,25.0,45.0,3.8210526315789477,0.7382920110192838
097,SEVILLA,76736,Congreso 2026,Senado,NA,0,14766.0,0.1839439213076653,16,PARTIDO DE LA UNIÓN POR LA GENTE - PARTIDO DE LA U,4005.0,PACTO HISTÓRICO SENADO,3907.0,385.0,729.0,694.0,15151.0,16574.0,98.0,0.6468219919477263,26.43389875255759,2.5410863969374957,5.436439502273067,0.8160560786923348
097,SEVILLA,76736,Congreso 2026,Senado,NA,4,120.0,0.5647222222222222,6,"MOVIMIENTO ALTERNATIVO INDÍGENA Y SOCIAL ""MAIS""",85.0,"MOVIMIENTO AUTORIDADES INDÍGENAS DE COLOMBIA ""AICO""",30.0,3.0,2.0,7.0,123.0,132.0,55.0,44.71544715447154,69.10569105691057,2.4390243902439024,1.7707820954254796,0.43527777777777776
097,SEVILLA,76736,Presidencia 2026,Presidencia,1V,0,18375.0,0.35615322356425566,11,IVÁN CEPEDA CASTRO,7715.0,ABELARDO DE LA ESPRIELLA,7471.0,362.0,425.0,123.0,18737.0,19285.0,244.0,1.30223621711053,41.175214815605486,1.932006190959065,2.8077802862272403,0.6438467764357443
097,SEVILLA,76736,Presidencia 2026,Presidencia,2V,0,20114.0,0.5005782096242528,2,ABELARDO DE LA ESPRIELLA,10399.0,IVÁN CEPEDA CASTRO,9715.0,382.0,379.0,61.0,20496.0,20936.0,684.0,3.337236533957846,50.736729117876656,1.8637782982045277,1.9976898330245465,0.4994217903757472
100,TORO,76823,Congreso 2026,Consultas,NA,0,1554.0,0.5732456118556504,3,LA GRAN CONSULTA POR COLOMBIA,1128.0,FRENTE POR LA VIDA,316.0,0.0,131.0,188.0,1554.0,1873.0,812.0,52.25225225225225,72.58687258687259,0.0,1.7444529523094041,0.42675438814434963
100,TORO,76823,Congreso 2026,Cámara,NA,1,5057.0,0.2763449806475509,14,PARTIDO DE LA UNIÓN POR LA GENTE - PARTIDO DE LA U,2423.0,MOVIMIENTO POLÍTICO PACTO HISTÓRICO,641.0,66.0,194.0,103.0,5123.0,5420.0,1782.0,34.78430607066172,47.29650595354285,1.2883076322467304,3.618665327869281,0.7236550193524491
100,TORO,76823,Congreso 2026,Cámara,NA,4,1.0,1.0,1,"ASOCIACIÓN NACIONAL INDÍGENA DE COLOMBIA ""ANIC""",1.0,,0.0,1.0,4.0,0.0,2.0,6.0,1.0,50.0,50.0,50.0,1.0,0.0
100,TORO,76823,Congreso 2026,Cámara,NA,5,26.0,0.27514792899408286,7,CONSEJO COMUNITARIO EL NARANJO,11.0,CONSEJO COMUNITARIO DE LA COMUNIDAD NEGRA DE LIMONES,7.0,29.0,95.0,32.0,55.0,182.0,4.0,7.2727272727272725,20.0,52.72727272727272,3.6344086021505375,0.7248520710059172
100,TORO,76823,Congreso 2026,Senado,NA,0,5144.0,0.26774009611826366,16,PARTIDO DE LA UNIÓN POR LA GENTE - PARTIDO DE LA U,2425.0,PACTO HISTÓRICO SENADO,674.0,75.0,216.0,209.0,5219.0,5644.0,1751.0,33.55048859934853,46.46484000766431,1.437056907453535,3.7349654179487906,0.7322599038817363
100,TORO,76823,Congreso 2026,Senado,NA,4,0.0,0.0,0,,0.0,,0.0,0.0,1.0,3.0,0.0,4.0,0.0,,,,,1.0
100,TORO,76823,Presidencia 2026,Presidencia,1V,0,6081.0,0.3623566909485743,11,ABELARDO DE LA ESPRIELLA,3142.0,IVÁN CEPEDA CASTRO,1608.0,118.0,115.0,37.0,6199.0,6351.0,1534.0,24.74592676238103,50.68559445071785,1.9035328278754637,2.759711701147862,0.6376433090514257
100,TORO,76823,Presidencia 2026,Presidencia,2V,0,6730.0,0.5720081513879659,2,ABELARDO DE LA ESPRIELLA,4642.0,IVÁN CEPEDA CASTRO,2088.0,97.0,94.0,12.0,6827.0,6933.0,2554.0,37.41028270103999,67.99472681997949,1.420829061081002,1.7482268348335959,0.4279918486120341
103,TRUJILLO,76828,Congreso 2026,Consultas,NA,0,2064.0,0.6121528716723754,3,LA GRAN CONSULTA POR COLOMBIA,1573.0,FRENTE POR LA VIDA,326.0,0.0,219.0,343.0,2064.0,2626.0,1247.0,60.416666666666664,76.21124031007753,0.0,1.6335788759236607,0.3878471283276246
103,TRUJILLO,76828,Congreso 2026,Cámara,NA,1,6575.0,0.22725031155575473,14,PARTIDO DE LA UNIÓN POR LA GENTE - PARTIDO DE LA U,2551.0,MOVIMIENTO POLÍTICO PACTO HISTÓRICO,1138.0,113.0,266.0,190.0,6688.0,7144.0,1413.0,21.127392344497608,38.14294258373206,1.6895933014354068,4.400434011086735,0.7727496884442453
103,TRUJILLO,76828,Congreso 2026,Cámara,NA,4,81.0,0.9042828837067521,5,"MOVIMIENTO ALTERNATIVO INDÍGENA Y SOCIAL ""MAIS""",77.0,ASOCIACIÓN DE CABILDOS INDÍGENAS ZENÚ ORICO,1.0,3.0,9.0,3.0,84.0,96.0,76.0,90.47619047619048,91.66666666666666,3.571428571428571,1.105848643182201,0.09571711629324786
103,TRUJILLO,76828,Congreso 2026,Cámara,NA,5,30.0,0.23111111111111113,9,CONSEJO COMUNITARIO EL NARANJO,12.0,CONSEJO COMUNITARIO MANUEL ZAPATA OLIVELLA DE SAN ANTERO,5.0,19.0,71.0,33.0,49.0,153.0,7.0,14.285714285714285,24.489795918367346,38.775510204081634,4.326923076923077,0.7688888888888888
103,TRUJILLO,76828,Congreso 2026,Senado,NA,0,6591.0,0.19335859363815722,16,PARTIDO DE LA UNIÓN POR LA GENTE - PARTIDO DE LA U,2292.0,PACTO HISTÓRICO SENADO,1178.0,121.0,215.0,293.0,6712.0,7220.0,1114.0,16.59713945172825,34.147794994040524,1.802741358760429,5.171738070620001,0.8066414063618428
103,TRUJILLO,76828,Congreso 2026,Senado,NA,4,165.0,0.9523232323232323,4,"MOVIMIENTO ALTERNATIVO INDÍGENA Y SOCIAL ""MAIS""",161.0,"MOVIMIENTO AUTORIDADES INDÍGENAS DE COLOMBIA ""AICO""",2.0,1.0,13.0,3.0,166.0,182.0,159.0,95.78313253012048,96.98795180722891,0.6024096385542169,1.0500636402206194,0.04767676767676765
103,TRUJILLO,76828,Presidencia 2026,Presidencia,1V,0,8484.0,0.3623003869390778,11,ABELARDO DE LA ESPRIELLA,4086.0,IVÁN CEPEDA CASTRO,2862.0,151.0,136.0,44.0,8635.0,8815.0,1224.0,14.17486971627099,47.319050376375216,1.7486971627099015,2.7601405796128886,0.6376996130609223
103,TRUJILLO,76828,Presidencia 2026,Presidencia,2V,0,9323.0,0.5270132264047551,2,ABELARDO DE LA ESPRIELLA,5745.0,IVÁN CEPEDA CASTRO,3578.0,162.0,112.0,18.0,9485.0,9615.0,2167.0,22.846599894570375,60.56931997891407,1.7079599367422247,1.8974855846065295,0.4729867735952449
106,TULUA,76834,Congreso 2026,Consultas,NA,0,23371.0,0.6455861120852543,3,LA GRAN CONSULTA POR COLOMBIA,18437.0,FRENTE POR LA VIDA,2980.0,0.0,3448.0,2025.0,23371.0,28844.0,15457.0,66.13752085918446,78.88836592358051,0.0,1.5489800373338,0.3544138879147457
106,TULUA,76834,Congreso 2026,Cámara,NA,1,76847.0,0.16514656915947004,14,MOVIMIENTO POLÍTICO PACTO HISTÓRICO,20588.0,PARTIDO CONSERVADOR COLOMBIANO,16437.0,2167.0,2458.0,1146.0,79014.0,82618.0,4151.0,5.253499379856734,26.056141949527934,2.742551952818488,6.055227214768069,0.83485343084053
106,TULUA,76834,Congreso 2026,Cámara,NA,4,79.0,0.3119692356994071,9,"MOVIMIENTO ALTERNATIVO INDÍGENA Y SOCIAL ""MAIS""",37.0,PARTIDO INDÍGENA COLOMBIANO P.I.C,22.0,47.0,33.0,9.0,126.0,168.0,15.0,11.904761904761903,29.365079365079367,37.301587301587304,3.205444273240884,0.688030764300593
106,TULUA,76834,Congreso 2026,Cámara,NA,5,1133.0,0.22660395158017246,37,CONSEJO COMUNITARIO EL NARANJO,480.0,CONSEJO COMUNITARIO DE LA COMUNIDAD NEGRA DE LIMONES,157.0,379.0,391.0,163.0,1512.0,2066.0,323.0,21.362433862433864,31.746031746031743,25.066137566137563,4.41298570932555,0.7733960484198276
106,TULUA,76834,Congreso 2026,Senado,NA,0,78654.0,0.1555584024863664,16,PACTO HISTÓRICO SENADO,21299.0,PARTIDO CONSERVADOR COLOMBIANO,13369.0,2323.0,2334.0,1590.0,80977.0,84901.0,7930.0,9.792904157970781,26.302530348123543,2.8687158081924498,6.428453776951348,0.8444415975136336
106,TULUA,76834,Congreso 2026,Senado,NA,4,219.0,0.3564771376743604,10,"MOVIMIENTO ALTERNATIVO INDÍGENA Y SOCIAL ""MAIS""",110.0,"MOVIMIENTO AUTORIDADES INDÍGENAS DE COLOMBIA ""AICO""",67.0,56.0,40.0,29.0,275.0,344.0,43.0,15.636363636363637,40.0,20.363636363636363,2.8052289875416743,0.6435228623256396
106,TULUA,76834,Presidencia 2026,Presidencia,1V,0,96046.0,0.3929143232736696,11,IVÁN CEPEDA CASTRO,43206.0,ABELARDO DE LA ESPRIELLA,41364.0,1956.0,1401.0,284.0,98002.0,99687.0,1842.0,1.8795534785004386,44.086855370298565,1.995877635150303,2.5450841080779023,0.6070856767263304
106,TULUA,76834,Presidencia 2026,Presidencia,2V,0,103063.0,0.5010438108944599,2,IVÁN CEPEDA CASTRO,53886.0,ABELARDO DE LA ESPRIELLA,49177.0,1746.0,1173.0,105.0,104809.0,106087.0,4709.0,4.492934767052448,51.413523647778334,1.6658874714957683,1.9958334545931362,0.49895618910554007
109,ULLOA,76845,Congreso 2026,Consultas,NA,0,519.0,0.6720015146958914,3,LA GRAN CONSULTA POR COLOMBIA,419.0,FRENTE POR LA VIDA,65.0,0.0,47.0,79.0,519.0,645.0,354.0,68.20809248554913,80.73217726396918,0.0,1.4880918839186568,0.3279984853041086
109,ULLOA,76845,Congreso 2026,Cámara,NA,1,2833.0,0.2694795554735432,13,PARTIDO DE LA UNIÓN POR LA GENTE - PARTIDO DE LA U,1325.0,CR-CJL-LIGA DE GOBERNANTES,366.0,36.0,102.0,52.0,2869.0,3023.0,959.0,33.42628093412338,46.18333914255838,1.2547926106657372,3.7108566482631646,0.7305204445264568
109,ULLOA,76845,Congreso 2026,Cámara,NA,4,1.0,1.0,1,"MOVIMIENTO ALTERNATIVO INDÍGENA Y SOCIAL ""MAIS""",1.0,,0.0,0.0,0.0,0.0,1.0,1.0,1.0,100.0,100.0,0.0,1.0,0.0
109,ULLOA,76845,Congreso 2026,Cámara,NA,5,12.0,0.3333333333333333,5,CONSEJO COMUNITARIO EL NARANJO,6.0,C.C. DE LA COMUNIDAD NEGRA DE LA VEREDA EL ESFUERZO,3.0,5.0,37.0,29.0,17.0,83.0,3.0,17.647058823529413,35.294117647058826,29.411764705882355,3.0,0.6666666666666667
109,ULLOA,76845,Congreso 2026,Senado,NA,0,2931.0,0.28550730255445356,15,PARTIDO DE LA UNIÓN POR LA GENTE - PARTIDO DE LA U,1444.0,COALICIÓN CAMBIO RADICAL - ALMA,376.0,25.0,66.0,46.0,2956.0,3068.0,1068.0,36.129905277401896,48.84979702300406,0.8457374830852503,3.5025373818915697,0.7144926974455464
109,ULLOA,76845,Congreso 2026,Senado,NA,4,2.0,1.0,1,"MOVIMIENTO AUTORIDADES INDÍGENAS DE COLOMBIA ""AICO""",2.0,,0.0,0.0,21.0,15.0,2.0,38.0,2.0,100.0,100.0,0.0,1.0,0.0
109,ULLOA,76845,Presidencia 2026,Presidencia,1V,0,2510.0,0.35711115696576246,10,IVÁN CEPEDA CASTRO,1081.0,ABELARDO DE LA ESPRIELLA,992.0,44.0,46.0,22.0,2554.0,2622.0,89.0,3.4847298355520753,42.325763508222394,1.7227877838684416,2.800248551449972,0.6428888430342375
109,ULLOA,76845,Presidencia 2026,Presidencia,2V,0,2834.0,0.5008376957092747,2,ABELARDO DE LA ESPRIELLA,1475.0,IVÁN CEPEDA CASTRO,1359.0,32.0,41.0,9.0,2866.0,2916.0,116.0,4.047452896022331,51.465457083042566,1.1165387299371947,1.996654821646009,0.4991623042907253
112,VERSALLES,76863,Congreso 2026,Consultas,NA,0,993.0,0.7113652566961683,3,LA GRAN CONSULTA POR COLOMBIA,828.0,FRENTE POR LA VIDA,116.0,0.0,56.0,101.0,993.0,1150.0,712.0,71.70191339375629,83.38368580060424,0.0,1.4057475967330109,0.28863474330383165
112,VERSALLES,76863,Congreso 2026,Cámara,NA,1,2934.0,0.2868696415436351,13,PARTIDO DE LA UNIÓN POR LA GENTE - PARTIDO DE LA U,1435.0,PARTIDO CENTRO DEMOCRÁTICO,375.0,41.0,148.0,71.0,2975.0,3194.0,1060.0,35.63025210084034,48.23529411764706,1.3781512605042017,3.4859038921617373,0.7131303584563649
112,VERSALLES,76863,Congreso 2026,Cámara,NA,4,5.0,0.44,3,"MOVIMIENTO ALTERNATIVO INDÍGENA Y SOCIAL ""MAIS""",3.0,PARTIDO INDÍGENA COLOMBIANO P.I.C,1.0,0.0,0.0,0.0,5.0,5.0,2.0,40.0,60.0,0.0,2.272727272727273,0.56
112,VERSALLES,76863,Congreso 2026,Cámara,NA,5,7.0,0.510204081632653,2,CONSEJO COMUNITARIO EL NARANJO,4.0,"EXPRESIÓN AFRO, AMBIENTAL Y CULTURAL COLOMBIA CON DIGNIDAD",3.0,17.0,52.0,27.0,24.0,103.0,1.0,4.166666666666666,16.666666666666664,70.83333333333334,1.9600000000000004,0.48979591836734704
112,VERSALLES,76863,Congreso 2026,Senado,NA,0,3058.0,0.30115820536982624,16,PARTIDO DE LA UNIÓN POR LA GENTE - PARTIDO DE LA U,1554.0,PARTIDO CENTRO DEMOCRÁTICO,422.0,40.0,105.0,97.0,3098.0,3300.0,1132.0,36.53970303421562,50.16139444803098,1.2911555842479019,3.32051387665824,0.6988417946301737
112,VERSALLES,76863,Congreso 2026,Senado,NA,4,2.0,0.5,2,MOVIMIENTO SI,1.0,"MOVIMIENTO AUTORIDADES INDÍGENAS DE COLOMBIA ""AICO""",1.0,3.0,4.0,6.0,5.0,15.0,0.0,0.0,20.0,60.0,2.0,0.5
112,VERSALLES,76863,Presidencia 2026,Presidencia,1V,0,3672.0,0.39657156435558977,11,ABELARDO DE LA ESPRIELLA,2086.0,IVÁN CEPEDA CASTRO,788.0,61.0,46.0,23.0,3733.0,3802.0,1298.0,34.7709616930083,55.87998928475757,1.6340744709349049,2.5216129694648006,0.6034284356444102
112,VERSALLES,76863,Presidencia 2026,Presidencia,2V,0,4031.0,0.6178490427787968,2,ABELARDO DE LA ESPRIELLA,2994.0,IVÁN CEPEDA CASTRO,1037.0,71.0,51.0,5.0,4102.0,4158.0,1957.0,47.7084349098001,72.98878595806923,1.7308629936616284,1.6185183285264413,0.3821509572212032
115,VIJES,76869,Congreso 2026,Consultas,NA,0,810.0,0.6295290352080476,3,LA GRAN CONSULTA POR COLOMBIA,629.0,FRENTE POR LA VIDA,113.0,0.0,122.0,191.0,810.0,1123.0,516.0,63.70370370370371,77.65432098765433,0.0,1.5884890832231728,0.3704709647919524
115,VIJES,76869,Congreso 2026,Cámara,NA,1,5767.0,0.32513437477195534,14,PARTIDO DE LA UNIÓN POR LA GENTE - PARTIDO DE LA U,2753.0,MOVIMIENTO POLÍTICO PACTO HISTÓRICO,1707.0,62.0,123.0,71.0,5829.0,6023.0,1046.0,17.944758963801682,47.22937038943215,1.0636472808371933,3.075651415515157,0.6748656252280447
115,VIJES,76869,Congreso 2026,Cámara,NA,4,90.0,0.9138271604938273,4,"MOVIMIENTO ALTERNATIVO INDÍGENA Y SOCIAL ""MAIS""",86.0,MOVIMIENTO UNIDAD EN MINGA POR COLOMBIA,2.0,2.0,0.0,1.0,92.0,93.0,84.0,91.30434782608695,93.47826086956522,2.1739130434782608,1.0942988381518508,0.08617283950617272
115,VIJES,76869,Congreso 2026,Cámara,NA,5,26.0,0.3313609467455621,8,CONSEJO COMUNITARIO EL NARANJO,14.0,CONSEJO COMUNITARIO LA GRAN VÍA DE LOS REMEDIOS,4.0,11.0,28.0,15.0,37.0,80.0,10.0,27.027027027027028,37.83783783783784,29.72972972972973,3.0178571428571432,0.668639053254438
115,VIJES,76869,Congreso 2026,Senado,NA,0,5856.0,0.30112925372883637,16,PARTIDO DE LA UNIÓN POR LA GENTE - PARTIDO DE LA U,2632.0,PACTO HISTÓRICO SENADO,1742.0,55.0,88.0,103.0,5911.0,6102.0,890.0,15.056673997631535,44.52715276602944,0.9304686178311622,3.320833122711117,0.6988707462711636
115,VIJES,76869,Congreso 2026,Senado,NA,4,97.0,0.9202890849186949,3,"MOVIMIENTO ALTERNATIVO INDÍGENA Y SOCIAL ""MAIS""",93.0,"MOVIMIENTO AUTORIDADES INDÍGENAS DE COLOMBIA ""AICO""",3.0,4.0,6.0,5.0,101.0,112.0,90.0,89.10891089108911,92.07920792079209,3.9603960396039604,1.0866150825730454,0.07971091508130512
115,VIJES,76869,Presidencia 2026,Presidencia,1V,0,6312.0,0.4434572789512322,10,IVÁN CEPEDA CASTRO,3828.0,ABELARDO DE LA ESPRIELLA,1589.0,98.0,65.0,19.0,6410.0,6494.0,2239.0,34.92979719188767,59.719188767550705,1.5288611544461779,2.255008650134192,0.5565427210487678
115,VIJES,76869,Presidencia 2026,Presidencia,2V,0,7252.0,0.5385632249650059,2,IVÁN CEPEDA CASTRO,4633.0,ABELARDO DE LA ESPRIELLA,2619.0,66.0,31.0,7.0,7318.0,7356.0,2014.0,27.521180650450944,63.30964744465702,0.9018857611369226,1.8567922086863187,0.46143677503499414
118,YOTOCO,76890,Congreso 2026,Consultas,NA,0,1281.0,0.5521404835337342,3,LA GRAN CONSULTA POR COLOMBIA,908.0,FRENTE POR LA VIDA,264.0,0.0,198.0,167.0,1281.0,1646.0,644.0,50.27322404371585,70.88212334113973,0.0,1.8111332710109145,0.44785951646626576
118,YOTOCO,76890,Congreso 2026,Cámara,NA,1,7690.0,0.37454367129384586,14,PARTIDO DE LA UNIÓN POR LA GENTE - PARTIDO DE LA U,4199.0,MOVIMIENTO POLÍTICO PACTO HISTÓRICO,2031.0,104.0,305.0,132.0,7794.0,8231.0,2168.0,27.816268924813958,53.874775468308954,1.334359763920965,2.6699156243797706,0.6254563287061541
118,YOTOCO,76890,Congreso 2026,Cámara,NA,4,13.0,0.3609467455621302,5,"MOVIMIENTO ALTERNATIVO INDÍGENA Y SOCIAL ""MAIS""",7.0,MOVIMIENTO UNIDAD EN MINGA POR COLOMBIA,3.0,3.0,0.0,1.0,16.0,17.0,4.0,25.0,43.75,18.75,2.7704918032786883,0.6390532544378698
118,YOTOCO,76890,Congreso 2026,Cámara,NA,5,56.0,0.1919642857142857,15,CONSEJO COMUNITARIO EL NARANJO,20.0,CONSEJO COMUNITARIO LA GRAN VÍA DE LOS REMEDIOS,12.0,45.0,103.0,34.0,101.0,238.0,8.0,7.920792079207921,19.801980198019802,44.554455445544555,5.209302325581396,0.8080357142857143
118,YOTOCO,76890,Congreso 2026,Senado,NA,0,7941.0,0.30398437627483804,16,PARTIDO DE LA UNIÓN POR LA GENTE - PARTIDO DE LA U,3745.0,PACTO HISTÓRICO SENADO,2074.0,164.0,237.0,173.0,8105.0,8515.0,1671.0,20.616903146206045,46.20604565083282,2.0234423195558295,3.2896427515599718,0.696015623725162
118,YOTOCO,76890,Congreso 2026,Senado,NA,4,14.0,0.4693877551020409,4,"MOVIMIENTO ALTERNATIVO INDÍGENA Y SOCIAL ""MAIS""",9.0,MOVIMIENTO UNIDAD EN MINGA POR COLOMBIA,3.0,4.0,3.0,0.0,18.0,21.0,6.0,33.33333333333333,50.0,22.22222222222222,2.1304347826086953,0.5306122448979591
118,YOTOCO,76890,Presidencia 2026,Presidencia,1V,0,8164.0,0.43459211711122386,11,IVÁN CEPEDA CASTRO,4636.0,ABELARDO DE LA ESPRIELLA,2679.0,156.0,129.0,33.0,8320.0,8482.0,1957.0,23.521634615384617,55.72115384615385,1.875,2.3010081421796085,0.5654078828887761
118,YOTOCO,76890,Presidencia 2026,Presidencia,2V,0,9309.0,0.5306553164175174,2,IVÁN CEPEDA CASTRO,5807.0,ABELARDO DE LA ESPRIELLA,3502.0,124.0,92.0,19.0,9433.0,9544.0,2305.0,24.43549242022686,61.560479168875226,1.3145340824764125,1.8844624166795385,0.4693446835824826
121,YUMBO,76892,Congreso 2026,Consultas,NA,0,9745.0,0.5439800284367851,3,LA GRAN CONSULTA POR COLOMBIA,6856.0,FRENTE POR LA VIDA,1935.0,0.0,1826.0,1582.0,9745.0,13153.0,4921.0,50.497691123653155,70.35402770651616,0.0,1.838302782684251,0.45601997156321494
121,YUMBO,76892,Congreso 2026,Cámara,NA,1,59147.0,0.2530150561430035,14,MOVIMIENTO POLÍTICO PACTO HISTÓRICO,21973.0,PARTIDO DE LA UNIÓN POR LA GENTE - PARTIDO DE LA U,17182.0,999.0,1492.0,598.0,60146.0,62236.0,4791.0,7.9656169986366505,36.53277025903635,1.6609583347188508,3.9523339648009026,0.7469849438569964
121,YUMBO,76892,Congreso 2026,Cámara,NA,4,78.0,0.27317554240631164,9,"MOVIMIENTO ALTERNATIVO INDÍGENA Y SOCIAL ""MAIS""",33.0,MOVIMIENTO UNIDAD EN MINGA POR COLOMBIA,17.0,33.0,6.0,14.0,111.0,131.0,16.0,14.414414414414415,29.72972972972973,29.72972972972973,3.660649819494585,0.7268244575936884
121,YUMBO,76892,Congreso 2026,Cámara,NA,5,437.0,0.34038508867931444,30,CONSEJO COMUNITARIO EL NARANJO,246.0,CONSEJO COMUNITARIO LA GRAN VÍA DE LOS REMEDIOS,50.0,191.0,256.0,126.0,628.0,1010.0,196.0,31.210191082802545,39.171974522293,30.4140127388535,2.9378490223528146,0.6596149113206855
121,YUMBO,76892,Congreso 2026,Senado,NA,0,58007.0,0.25123352172114144,16,PACTO HISTÓRICO SENADO,25089.0,PARTIDO DE LA UNIÓN POR LA GENTE - PARTIDO DE LA U,9688.0,1325.0,1300.0,1313.0,59332.0,61945.0,15401.0,25.95732488370525,42.28578170295962,2.2331962516011594,3.9803605551888,0.7487664782788586
121,YUMBO,76892,Congreso 2026,Senado,NA,4,943.0,0.46229683699391283,9,"MOVIMIENTO AUTORIDADES INDÍGENAS DE COLOMBIA ""AICO""",522.0,"MOVIMIENTO ALTERNATIVO INDÍGENA Y SOCIAL ""MAIS""",371.0,85.0,87.0,80.0,1028.0,1195.0,151.0,14.688715953307394,50.778210116731515,8.268482490272373,2.1631123554781477,0.5377031630060871
121,YUMBO,76892,Presidencia 2026,Presidencia,1V,0,64299.0,0.5348999017031022,11,IVÁN CEPEDA CASTRO,44715.0,ABELARDO DE LA ESPRIELLA,14163.0,1036.0,546.0,140.0,65335.0,66021.0,30552.0,46.762072396112345,68.4395806229433,1.5856738348511517,1.8695086628657729,0.4651000982968978
121,YUMBO,76892,Presidencia 2026,Presidencia,2V,0,70525.0,0.6247767746861319,2,IVÁN CEPEDA CASTRO,52878.0,ABELARDO DE LA ESPRIELLA,17647.0,787.0,424.0,58.0,71312.0,71794.0,35231.0,49.404027372672196,74.1502131478573,1.1036010769575948,1.6005716609782243,0.3752232253138681
124,ZARZAL,76895,Congreso 2026,Consultas,NA,0,3421.0,0.5291082188258791,3,LA GRAN CONSULTA POR COLOMBIA,2348.0,FRENTE POR LA VIDA,764.0,0.0,612.0,538.0,3421.0,4571.0,1584.0,46.30225080385852,68.63490207541655,0.0,1.8899725319312866,0.4708917811741209
124,ZARZAL,76895,Congreso 2026,Cámara,NA,1,19757.0,0.21725891175187037,14,MOVIMIENTO POLÍTICO PACTO HISTÓRICO,6594.0,PARTIDO DE LA UNIÓN POR LA GENTE - PARTIDO DE LA U,4886.0,310.0,619.0,223.0,20067.0,20909.0,1708.0,8.511486520157472,32.85991927044401,1.544824836796731,4.602803134455961,0.7827410882481296
124,ZARZAL,76895,Congreso 2026,Cámara,NA,4,63.0,0.9082892416225748,3,"MOVIMIENTO ALTERNATIVO INDÍGENA Y SOCIAL ""MAIS""",60.0,FUERZA ANCESTRAL,2.0,6.0,10.0,7.0,69.0,86.0,58.0,84.05797101449275,86.95652173913044,8.695652173913043,1.100970873786408,0.09171075837742515
124,ZARZAL,76895,Congreso 2026,Cámara,NA,5,178.0,0.3075369271556622,17,CONSEJO COMUNITARIO EL NARANJO,93.0,CONSEJO COMUNITARIO MANUEL ZAPATA OLIVELLA DE SAN ANTERO,25.0,75.0,58.0,36.0,253.0,347.0,68.0,26.877470355731226,36.75889328063241,29.64426877470356,3.251642036124794,0.6924630728443377
124,ZARZAL,76895,Congreso 2026,Senado,NA,0,20139.0,0.21482453983397246,16,PACTO HISTÓRICO SENADO,6796.0,PARTIDO DE LA UNIÓN POR LA GENTE - PARTIDO DE LA U,4739.0,344.0,552.0,402.0,20483.0,21437.0,2057.0,10.042474246936484,33.17873358394766,1.679441488063272,4.654961676039673,0.7851754601660276
124,ZARZAL,76895,Congreso 2026,Senado,NA,4,57.0,1.0,1,"MOVIMIENTO ALTERNATIVO INDÍGENA Y SOCIAL ""MAIS""",57.0,,0.0,11.0,9.0,1.0,68.0,78.0,57.0,83.82352941176471,83.82352941176471,16.176470588235293,1.0,0.0
124,ZARZAL,76895,Presidencia 2026,Presidencia,1V,0,22053.0,0.46468538714036406,11,IVÁN CEPEDA CASTRO,13557.0,ABELARDO DE LA ESPRIELLA,6357.0,337.0,248.0,56.0,22390.0,22694.0,7200.0,32.157213041536394,60.54935238945958,1.5051362215274677,2.151993644891479,0.535314612859636
124,ZARZAL,76895,Presidencia 2026,Presidencia,2V,0,23994.0,0.5607564994524451,2,IVÁN CEPEDA CASTRO,16179.0,ABELARDO DE LA ESPRIELLA,7815.0,279.0,202.0,17.0,24273.0,24492.0,8364.0,34.45803979730565,66.65430725497467,1.1494252873563218,1.7833052331563835,0.4392435005475549
