territorio_nombre,eleccion,corporacion,vuelta,circunscripcion,cand_total,hhi,n_unidades,ganador,votos_ganador,segundo,votos_segundo,blancos,nulos,no_marcados,validos,total_marcas,margen_abs,margen_pp,top1_pp,blanco_pp,nep,fragmentacion
Corregimiento El Saladito,Congreso 2026,Consultas,NA,0,279.0,0.6973317403424931,3,LA GRAN CONSULTA POR COLOMBIA,230.0,FRENTE POR LA VIDA,34.0,0.0,35.0,23.0,279.0,337.0,196.0,70.25089605734766,82.43727598566308,0.0,1.4340376927470015,0.3026682596575069
Corregimiento El Saladito,Congreso 2026,Cámara,NA,1,1031.0,0.18581020376100346,14,MOVIMIENTO POLÍTICO PACTO HISTÓRICO,345.0,COALICIÓN LIBERAL - COLOMBIA RENACIENTE,181.0,29.0,37.0,21.0,1060.0,1118.0,164.0,15.471698113207546,32.54716981132076,2.7358490566037736,5.381835764446177,0.8141897962389966
Corregimiento El Saladito,Congreso 2026,Cámara,NA,4,1.0,1.0,1,FUERZA ANCESTRAL,1.0,,0.0,1.0,0.0,0.0,2.0,2.0,1.0,50.0,50.0,50.0,1.0,0.0
Corregimiento El Saladito,Congreso 2026,Cámara,NA,5,13.0,0.21893491124260359,6,CONSEJO COMUNITARIO EL NARANJO,4.0,CRISTIANOS POR COLOMBIA AFROS,3.0,3.0,2.0,0.0,16.0,18.0,1.0,6.25,25.0,18.75,4.567567567567567,0.7810650887573964
Corregimiento El Saladito,Congreso 2026,Senado,NA,0,1065.0,0.18722299367409467,13,PACTO HISTÓRICO SENADO,381.0,PARTIDO LIBERAL COLOMBIANO,158.0,30.0,19.0,25.0,1095.0,1139.0,223.0,20.365296803652967,34.794520547945204,2.73972602739726,5.341224282209339,0.8127770063259053
Corregimiento El Saladito,Congreso 2026,Senado,NA,4,0.0,0.0,0,,0.0,,0.0,1.0,0.0,0.0,1.0,1.0,0.0,0.0,0.0,100.0,,1.0
Corregimiento El Saladito,Presidencia 2026,Presidencia,1V,0,1365.0,0.43406405560251715,10,IVÁN CEPEDA CASTRO,766.0,ABELARDO DE LA ESPRIELLA,463.0,27.0,16.0,4.0,1392.0,1412.0,303.0,21.767241379310345,55.02873563218391,1.9396551724137931,2.3038074383098053,0.5659359443974828
Corregimiento El Saladito,Presidencia 2026,Presidencia,2V,0,1545.0,0.531696567903562,2,IVÁN CEPEDA CASTRO,967.0,ABELARDO DE LA ESPRIELLA,578.0,35.0,10.0,3.0,1580.0,1593.0,389.0,24.620253164556964,61.20253164556962,2.2151898734177213,1.8807719672574186,0.468303432096438
Corregimiento Felidia,Congreso 2026,Consultas,NA,0,143.0,0.6973935155753338,3,LA GRAN CONSULTA POR COLOMBIA,118.0,FRENTE POR LA VIDA,16.0,0.0,25.0,7.0,143.0,175.0,102.0,71.32867132867133,82.51748251748252,0.0,1.4339106654512306,0.3026064844246662
Corregimiento Felidia,Congreso 2026,Cámara,NA,1,700.0,0.21614285714285714,12,MOVIMIENTO POLÍTICO PACTO HISTÓRICO,263.0,PARTIDO DE LA UNIÓN POR LA GENTE - PARTIDO DE LA U,142.0,26.0,30.0,13.0,726.0,769.0,121.0,16.666666666666664,36.225895316804404,3.581267217630854,4.626569729015202,0.7838571428571428
Corregimiento Felidia,Congreso 2026,Cámara,NA,4,2.0,1.0,1,MOVIMIENTO UNIDAD EN MINGA POR COLOMBIA,2.0,,0.0,1.0,0.0,0.0,3.0,3.0,2.0,66.66666666666666,66.66666666666666,33.33333333333333,1.0,0.0
Corregimiento Felidia,Congreso 2026,Senado,NA,0,712.0,0.2252398687034465,13,PACTO HISTÓRICO SENADO,279.0,PARTIDO DE LA UNIÓN POR LA GENTE - PARTIDO DE LA U,155.0,26.0,16.0,24.0,738.0,778.0,124.0,16.802168021680217,37.80487804878049,3.523035230352303,4.439711343095356,0.7747601312965535
Corregimiento Felidia,Congreso 2026,Senado,NA,4,2.0,1.0,1,MOVIMIENTO UNIDAD EN MINGA POR COLOMBIA,2.0,,0.0,1.0,0.0,0.0,3.0,3.0,2.0,66.66666666666666,66.66666666666666,33.33333333333333,1.0,0.0
Corregimiento Felidia,Presidencia 2026,Presidencia,1V,0,1045.0,0.43580229390352776,9,IVÁN CEPEDA CASTRO,609.0,ABELARDO DE LA ESPRIELLA,317.0,34.0,25.0,2.0,1079.0,1106.0,292.0,27.06209453197405,56.441149212233555,3.151065801668211,2.2946184863849455,0.5641977060964722
Corregimiento Felidia,Presidencia 2026,Presidencia,2V,0,1215.0,0.5664698809463328,2,IVÁN CEPEDA CASTRO,829.0,ABELARDO DE LA ESPRIELLA,386.0,21.0,46.0,3.0,1236.0,1285.0,443.0,35.84142394822006,67.07119741100324,1.6990291262135921,1.765318922745585,0.43353011905366723
Corregimiento Golondrinas,Congreso 2026,Consultas,NA,0,209.0,0.6198347107438017,3,LA GRAN CONSULTA POR COLOMBIA,161.0,FRENTE POR LA VIDA,25.0,0.0,29.0,38.0,209.0,276.0,136.0,65.07177033492823,77.03349282296651,0.0,1.6133333333333333,0.3801652892561983
Corregimiento Golondrinas,Congreso 2026,Cámara,NA,1,1001.0,0.22999877245631492,13,MOVIMIENTO POLÍTICO PACTO HISTÓRICO,415.0,PARTIDO DE LA UNIÓN POR LA GENTE - PARTIDO DE LA U,159.0,10.0,20.0,11.0,1011.0,1042.0,256.0,25.32146389713155,41.0484668644906,0.9891196834817012,4.347849292064966,0.770001227543685
Corregimiento Golondrinas,Congreso 2026,Cámara,NA,4,1.0,1.0,1,PARTIDO INDÍGENA COLOMBIANO P.I.C,1.0,,0.0,0.0,0.0,0.0,1.0,1.0,1.0,100.0,100.0,0.0,1.0,0.0
Corregimiento Golondrinas,Congreso 2026,Cámara,NA,5,17.0,0.16955017301038064,8,CONSEJO COMUNITARIO EL NARANJO,5.0,AFROEMPRENDIMIENTO,3.0,22.0,21.0,6.0,39.0,66.0,2.0,5.128205128205128,12.82051282051282,56.41025641025641,5.897959183673469,0.8304498269896193
Corregimiento Golondrinas,Congreso 2026,Senado,NA,0,1024.0,0.2374706268310547,15,PACTO HISTÓRICO SENADO,440.0,PARTIDO DE LA UNIÓN POR LA GENTE - PARTIDO DE LA U,163.0,23.0,33.0,17.0,1047.0,1097.0,277.0,26.456542502387776,42.02483285577841,2.1967526265520534,4.211047123362489,0.7625293731689453
Corregimiento Golondrinas,Congreso 2026,Senado,NA,4,0.0,0.0,0,,0.0,,0.0,7.0,4.0,1.0,7.0,12.0,0.0,0.0,0.0,100.0,,1.0
Corregimiento Golondrinas,Presidencia 2026,Presidencia,1V,0,1195.0,0.46436792072967914,9,IVÁN CEPEDA CASTRO,753.0,ABELARDO DE LA ESPRIELLA,297.0,40.0,24.0,7.0,1235.0,1266.0,456.0,36.92307692307693,60.97165991902834,3.2388663967611335,2.153464861286416,0.5356320792703209
Corregimiento Golondrinas,Presidencia 2026,Presidencia,2V,0,1378.0,0.5796520482557124,2,IVÁN CEPEDA CASTRO,964.0,ABELARDO DE LA ESPRIELLA,414.0,25.0,16.0,0.0,1403.0,1419.0,550.0,39.20171062009979,68.70990734141125,1.7818959372772631,1.7251728912356952,0.42034795174428763
Corregimiento Hormiguero,Congreso 2026,Consultas,NA,0,3930.0,0.7361293371922124,3,LA GRAN CONSULTA POR COLOMBIA,3346.0,FRENTE POR LA VIDA,332.0,0.0,350.0,151.0,3930.0,4431.0,3014.0,76.69211195928753,85.13994910941476,0.0,1.3584569306995133,0.2638706628077876
Corregimiento Hormiguero,Congreso 2026,Cámara,NA,1,7662.0,0.1667317364060968,14,MOVIMIENTO POLÍTICO PACTO HISTÓRICO,2229.0,PARTIDO CENTRO DEMOCRÁTICO,1667.0,256.0,123.0,69.0,7918.0,8110.0,562.0,7.097751957565042,28.15104824450619,3.233139681737813,5.997658403582928,0.8332682635939033
Corregimiento Hormiguero,Congreso 2026,Cámara,NA,4,17.0,0.1972318339100346,7,MOVIMIENTO UNIDAD EN MINGA POR COLOMBIA,5.0,"MOVIMIENTO ALTERNATIVO INDÍGENA Y SOCIAL ""MAIS""",4.0,5.0,1.0,3.0,22.0,26.0,1.0,4.545454545454546,22.727272727272727,22.727272727272727,5.0701754385964914,0.8027681660899654
Corregimiento Hormiguero,Congreso 2026,Cámara,NA,5,282.0,0.22873597907549922,30,CONSEJO COMUNITARIO EL NARANJO,121.0,CONSEJO COMUNITARIO LA GRAN VÍA DE LOS REMEDIOS,50.0,59.0,25.0,7.0,341.0,373.0,71.0,20.821114369501466,35.483870967741936,17.302052785923756,4.371852666300165,0.7712640209245007
Corregimiento Hormiguero,Congreso 2026,Senado,NA,0,8060.0,0.15513395193616117,16,PACTO HISTÓRICO SENADO,2264.0,PARTIDO CENTRO DEMOCRÁTICO,1596.0,247.0,124.0,79.0,8307.0,8510.0,668.0,8.041410858312267,27.254123028770916,2.97339593114241,6.4460421946287285,0.8448660480638388
Corregimiento Hormiguero,Congreso 2026,Senado,NA,4,16.0,0.265625,5,ASOCIACIÓN DE AUTORIDADES TRADICIONALES INDÍGENAS,5.0,MOVIMIENTO UNIDAD EN MINGA POR COLOMBIA,5.0,9.0,1.0,0.0,25.0,26.0,0.0,0.0,20.0,36.0,3.764705882352941,0.734375
Corregimiento Hormiguero,Presidencia 2026,Presidencia,1V,0,13986.0,0.37100002701318296,10,ABELARDO DE LA ESPRIELLA,6692.0,IVÁN CEPEDA CASTRO,5060.0,248.0,69.0,21.0,14234.0,14324.0,1632.0,11.465505128565406,47.014191372769425,1.7423071518898412,2.695417593499168,0.628999972986817
Corregimiento Hormiguero,Presidencia 2026,Presidencia,2V,0,13982.0,0.5042165907937993,2,ABELARDO DE LA ESPRIELLA,7633.0,IVÁN CEPEDA CASTRO,6349.0,307.0,54.0,2.0,14289.0,14345.0,1284.0,8.985933235355867,53.41871369584995,2.148505843655959,1.983274684447963,0.4957834092062007
Corregimiento La Buitrera,Congreso 2026,Consultas,NA,0,1514.0,0.7303345787183994,3,LA GRAN CONSULTA POR COLOMBIA,1283.0,FRENTE POR LA VIDA,141.0,0.0,179.0,80.0,1514.0,1773.0,1142.0,75.42932628797885,84.74240422721269,0.0,1.369235456103986,0.26966542128160065
Corregimiento La Buitrera,Congreso 2026,Cámara,NA,1,5170.0,0.2383621473386484,14,MOVIMIENTO POLÍTICO PACTO HISTÓRICO,2260.0,PARTIDO CENTRO DEMOCRÁTICO,716.0,127.0,93.0,78.0,5297.0,5468.0,1544.0,29.148574664904665,42.665659807438175,2.3975835378516144,4.195296993105492,0.7616378526613516
Corregimiento La Buitrera,Congreso 2026,Cámara,NA,4,10.0,0.24,5,MOVIMIENTO UNIDAD EN MINGA POR COLOMBIA,3.0,"MOVIMIENTO ALTERNATIVO INDÍGENA Y SOCIAL ""MAIS""",3.0,4.0,1.0,1.0,14.0,16.0,0.0,0.0,21.428571428571427,28.57142857142857,4.166666666666667,0.76
Corregimiento La Buitrera,Congreso 2026,Cámara,NA,5,59.0,0.3007756391841425,11,CONSEJO COMUNITARIO EL NARANJO,28.0,CONSEJO COMUNITARIO LA GRAN VÍA DE LOS REMEDIOS,15.0,43.0,30.0,23.0,102.0,155.0,13.0,12.745098039215685,27.450980392156865,42.15686274509804,3.324737344794651,0.6992243608158575
Corregimiento La Buitrera,Congreso 2026,Senado,NA,0,5281.0,0.23333773531398322,16,PACTO HISTÓRICO SENADO,2292.0,PARTIDO CENTRO DEMOCRÁTICO,740.0,136.0,92.0,112.0,5417.0,5621.0,1552.0,28.650544581871884,42.311242385084,2.5106147314011444,4.28563343453378,0.7666622646860168
Corregimiento La Buitrera,Congreso 2026,Senado,NA,4,9.0,0.2839506172839506,5,MOVIMIENTO UNIDAD EN MINGA POR COLOMBIA,4.0,"MOVIMIENTO ALTERNATIVO INDÍGENA Y SOCIAL ""MAIS""",2.0,18.0,9.0,12.0,27.0,48.0,2.0,7.4074074074074066,14.814814814814813,66.66666666666666,3.5217391304347827,0.7160493827160495
Corregimiento La Buitrera,Presidencia 2026,Presidencia,1V,0,7057.0,0.4104366338281997,11,IVÁN CEPEDA CASTRO,3698.0,ABELARDO DE LA ESPRIELLA,2554.0,129.0,56.0,19.0,7186.0,7261.0,1144.0,15.919844141386028,51.461174505983855,1.7951572502087392,2.4364296887265167,0.5895633661718003
Corregimiento La Buitrera,Presidencia 2026,Presidencia,2V,0,7641.0,0.5242570418187544,2,IVÁN CEPEDA CASTRO,4662.0,ABELARDO DE LA ESPRIELLA,2979.0,117.0,39.0,8.0,7758.0,7805.0,1683.0,21.69373549883991,60.092807424593964,1.5081206496519721,1.9074612646704685,0.47574295818124557
Corregimiento La Castilla,Congreso 2026,Consultas,NA,0,113.0,0.5904142845955048,3,LA GRAN CONSULTA POR COLOMBIA,83.0,FRENTE POR LA VIDA,25.0,0.0,11.0,31.0,113.0,155.0,58.0,51.32743362831859,73.45132743362832,0.0,1.6937259583499136,0.4095857154044952
Corregimiento La Castilla,Congreso 2026,Cámara,NA,1,443.0,0.2372037564522622,11,MOVIMIENTO POLÍTICO PACTO HISTÓRICO,146.0,PARTIDO DE LA UNIÓN POR LA GENTE - PARTIDO DE LA U,143.0,12.0,24.0,10.0,455.0,489.0,3.0,0.6593406593406593,32.08791208791209,2.6373626373626373,4.215784838134519,0.7627962435477378
Corregimiento La Castilla,Congreso 2026,Cámara,NA,5,4.0,0.375,3,CONSEJO COMUNITARIO EL NARANJO,2.0,COCOPEMA,1.0,0.0,0.0,0.0,4.0,4.0,1.0,25.0,50.0,0.0,2.6666666666666665,0.625
Corregimiento La Castilla,Congreso 2026,Senado,NA,0,462.0,0.26602762317048034,11,PARTIDO DE LA UNIÓN POR LA GENTE - PARTIDO DE LA U,161.0,PACTO HISTÓRICO SENADO,161.0,10.0,10.0,14.0,472.0,496.0,0.0,0.0,34.11016949152542,2.11864406779661,3.7590081363812473,0.7339723768295197
Corregimiento La Castilla,Congreso 2026,Senado,NA,4,1.0,1.0,1,"MOVIMIENTO ALTERNATIVO INDÍGENA Y SOCIAL ""MAIS""",1.0,,0.0,0.0,0.0,0.0,1.0,1.0,1.0,100.0,100.0,0.0,1.0,0.0
Corregimiento La Castilla,Presidencia 2026,Presidencia,1V,0,540.0,0.49876543209876545,6,IVÁN CEPEDA CASTRO,357.0,ABELARDO DE LA ESPRIELLA,127.0,11.0,3.0,0.0,551.0,554.0,230.0,41.74228675136116,64.7912885662432,1.9963702359346642,2.004950495049505,0.5012345679012346
Corregimiento La Castilla,Presidencia 2026,Presidencia,2V,0,638.0,0.5767730269946246,2,IVÁN CEPEDA CASTRO,444.0,ABELARDO DE LA ESPRIELLA,194.0,11.0,3.0,0.0,649.0,652.0,250.0,38.52080123266564,68.41294298921417,1.694915254237288,1.7337842672891146,0.4232269730053754
Corregimiento La Elvira,Congreso 2026,Consultas,NA,0,84.0,0.6601473922902495,3,LA GRAN CONSULTA POR COLOMBIA,67.0,FRENTE POR LA VIDA,12.0,0.0,20.0,4.0,84.0,108.0,55.0,65.47619047619048,79.76190476190477,0.0,1.5148132245598966,0.33985260770975045
Corregimiento La Elvira,Congreso 2026,Cámara,NA,1,473.0,0.2860469585972315,10,MOVIMIENTO POLÍTICO PACTO HISTÓRICO,199.0,PARTIDO DE LA UNIÓN POR LA GENTE - PARTIDO DE LA U,144.0,12.0,12.0,5.0,485.0,502.0,55.0,11.34020618556701,41.03092783505154,2.4742268041237114,3.4959294966951573,0.7139530414027685
Corregimiento La Elvira,Congreso 2026,Cámara,NA,5,0.0,0.0,0,,0.0,,0.0,3.0,7.0,8.0,3.0,18.0,0.0,0.0,0.0,100.0,,1.0
Corregimiento La Elvira,Congreso 2026,Senado,NA,0,471.0,0.2884904052902755,13,PACTO HISTÓRICO SENADO,200.0,PARTIDO DE LA UNIÓN POR LA GENTE - PARTIDO DE LA U,146.0,13.0,8.0,26.0,484.0,518.0,54.0,11.15702479338843,41.32231404958678,2.6859504132231407,3.46631978624666,0.7115095947097245
Corregimiento La Elvira,Presidencia 2026,Presidencia,1V,0,640.0,0.3991259765625,9,IVÁN CEPEDA CASTRO,340.0,ABELARDO DE LA ESPRIELLA,206.0,12.0,2.0,5.0,652.0,659.0,134.0,20.552147239263803,52.14723926380368,1.8404907975460123,2.5054746088254367,0.6008740234375001
Corregimiento La Elvira,Presidencia 2026,Presidencia,2V,0,727.0,0.5125111394076768,2,IVÁN CEPEDA CASTRO,421.0,ABELARDO DE LA ESPRIELLA,306.0,14.0,1.0,2.0,741.0,744.0,115.0,15.519568151147098,56.81511470985156,1.8893387314439947,1.951177102522547,0.4874888605923232
Corregimiento La Leonera,Congreso 2026,Consultas,NA,0,40.0,0.5362499999999999,3,LA GRAN CONSULTA POR COLOMBIA,28.0,"CONSULTA DE LAS SOLUCIONES: SALUD, SEGURIDAD Y EDUCACIÓN",7.0,0.0,8.0,2.0,40.0,50.0,21.0,52.5,70.0,0.0,1.8648018648018652,0.4637500000000001
Corregimiento La Leonera,Congreso 2026,Cámara,NA,1,372.0,0.3392155162446525,13,MOVIMIENTO POLÍTICO PACTO HISTÓRICO,195.0,PARTIDO DE LA UNIÓN POR LA GENTE - PARTIDO DE LA U,86.0,0.0,3.0,9.0,372.0,384.0,109.0,29.301075268817208,52.41935483870967,0.0,2.9479783562694393,0.6607844837553475
Corregimiento La Leonera,Congreso 2026,Cámara,NA,5,6.0,0.5,3,CONSEJO COMUNITARIO EL NARANJO,4.0,CONSEJO COMUNITARIO LA GRAN VÍA DE LOS REMEDIOS,1.0,2.0,1.0,4.0,8.0,13.0,3.0,37.5,50.0,25.0,2.0,0.5
Corregimiento La Leonera,Congreso 2026,Senado,NA,0,372.0,0.3931523875592554,11,PACTO HISTÓRICO SENADO,219.0,PARTIDO DE LA UNIÓN POR LA GENTE - PARTIDO DE LA U,72.0,4.0,4.0,15.0,376.0,395.0,147.0,39.09574468085106,58.24468085106383,1.0638297872340425,2.543542991581811,0.6068476124407446
Corregimiento La Leonera,Congreso 2026,Senado,NA,4,1.0,1.0,1,MOVIMIENTO SI,1.0,,0.0,0.0,0.0,0.0,1.0,1.0,1.0,100.0,100.0,0.0,1.0,0.0
Corregimiento La Leonera,Presidencia 2026,Presidencia,1V,0,531.0,0.5655640319051216,5,IVÁN CEPEDA CASTRO,380.0,ABELARDO DE LA ESPRIELLA,121.0,12.0,6.0,2.0,543.0,551.0,259.0,47.697974217311234,69.9815837937385,2.209944751381215,1.768146387653872,0.4344359680948784
Corregimiento La Leonera,Presidencia 2026,Presidencia,2V,0,601.0,0.6609643937862852,2,IVÁN CEPEDA CASTRO,471.0,ABELARDO DE LA ESPRIELLA,130.0,6.0,3.0,1.0,607.0,611.0,341.0,56.17792421746294,77.59472817133442,0.9884678747940692,1.5129408019569324,0.33903560621371476
Corregimiento La Paz,Congreso 2026,Consultas,NA,0,78.0,0.6084812623274162,3,LA GRAN CONSULTA POR COLOMBIA,59.0,FRENTE POR LA VIDA,14.0,0.0,23.0,10.0,78.0,111.0,45.0,57.692307692307686,75.64102564102564,0.0,1.6434359805510534,0.3915187376725838
Corregimiento La Paz,Congreso 2026,Cámara,NA,1,355.0,0.18766911327117633,10,MOVIMIENTO POLÍTICO PACTO HISTÓRICO,121.0,PARTIDO DE LA UNIÓN POR LA GENTE - PARTIDO DE LA U,58.0,7.0,3.0,9.0,362.0,374.0,63.0,17.403314917127073,33.42541436464088,1.9337016574585635,5.328527334996407,0.8123308867288237
Corregimiento La Paz,Congreso 2026,Cámara,NA,4,2.0,1.0,1,"MOVIMIENTO ALTERNATIVO INDÍGENA Y SOCIAL ""MAIS""",2.0,,0.0,0.0,0.0,0.0,2.0,2.0,2.0,100.0,100.0,0.0,1.0,0.0
Corregimiento La Paz,Congreso 2026,Cámara,NA,5,2.0,0.5,2,CONSEJO COMUNITARIO DE COMUNIDADES NEGRAS CUENCA RÍO OVEJAS,1.0,CONSEJO COMUNITARIO EL NARANJO,1.0,0.0,0.0,0.0,2.0,2.0,0.0,0.0,50.0,0.0,2.0,0.5
Corregimiento La Paz,Congreso 2026,Senado,NA,0,345.0,0.17748372190716236,11,PACTO HISTÓRICO SENADO,117.0,PARTIDO DE LA UNIÓN POR LA GENTE - PARTIDO DE LA U,54.0,7.0,15.0,11.0,352.0,378.0,63.0,17.897727272727273,33.23863636363637,1.9886363636363635,5.634319526627219,0.8225162780928377
Corregimiento La Paz,Presidencia 2026,Presidencia,1V,0,397.0,0.4868440254046406,6,IVÁN CEPEDA CASTRO,249.0,ABELARDO DE LA ESPRIELLA,120.0,12.0,8.0,2.0,409.0,419.0,129.0,31.54034229828851,60.880195599022,2.93398533007335,2.054045952744002,0.5131559745953593
Corregimiento La Paz,Presidencia 2026,Presidencia,2V,0,460.0,0.573194706994329,2,IVÁN CEPEDA CASTRO,318.0,ABELARDO DE LA ESPRIELLA,142.0,6.0,2.0,1.0,466.0,469.0,176.0,37.76824034334764,68.24034334763948,1.2875536480686696,1.7446078754699557,0.42680529300567105
Corregimiento Los Andes,Congreso 2026,Consultas,NA,0,128.0,0.59814453125,3,LA GRAN CONSULTA POR COLOMBIA,96.0,FRENTE POR LA VIDA,22.0,0.0,21.0,10.0,128.0,159.0,74.0,57.8125,75.0,0.0,1.6718367346938776,0.40185546875
Corregimiento Los Andes,Congreso 2026,Cámara,NA,1,665.0,0.2504856125275595,11,MOVIMIENTO POLÍTICO PACTO HISTÓRICO,289.0,PARTIDO DE LA UNIÓN POR LA GENTE - PARTIDO DE LA U,136.0,12.0,14.0,10.0,677.0,701.0,153.0,22.599704579025108,42.68833087149188,1.7725258493353029,3.9922452627492753,0.7495143874724405
Corregimiento Los Andes,Congreso 2026,Cámara,NA,4,16.0,0.8828125,2,MOVIMIENTO UNIDAD EN MINGA POR COLOMBIA,15.0,"MOVIMIENTO ALTERNATIVO INDÍGENA Y SOCIAL ""MAIS""",1.0,0.0,0.0,0.0,16.0,16.0,14.0,87.5,93.75,0.0,1.1327433628318584,0.1171875
Corregimiento Los Andes,Congreso 2026,Cámara,NA,5,4.0,0.375,3,CONSEJO COMUNITARIO EL NARANJO,2.0,CONSEJO COMUNITARIO LA GRAN VÍA DE LOS REMEDIOS,1.0,4.0,5.0,1.0,8.0,14.0,1.0,12.5,25.0,50.0,2.6666666666666665,0.625
Corregimiento Los Andes,Congreso 2026,Senado,NA,0,668.0,0.27460647567141167,14,PACTO HISTÓRICO SENADO,312.0,PARTIDO DE LA UNIÓN POR LA GENTE - PARTIDO DE LA U,133.0,15.0,12.0,16.0,683.0,711.0,179.0,26.207906295754025,45.68081991215227,2.1961932650073206,3.6415747208983484,0.7253935243285883
Corregimiento Los Andes,Congreso 2026,Senado,NA,4,17.0,0.6955017301038062,3,MOVIMIENTO UNIDAD EN MINGA POR COLOMBIA,14.0,ASOCIACIÓN DE AUTORIDADES TRADICIONALES INDÍGENAS,2.0,0.0,0.0,0.0,17.0,17.0,12.0,70.58823529411765,82.35294117647058,0.0,1.4378109452736318,0.3044982698961938
Corregimiento Los Andes,Presidencia 2026,Presidencia,1V,0,904.0,0.5341892473960373,10,IVÁN CEPEDA CASTRO,627.0,ABELARDO DE LA ESPRIELLA,203.0,18.0,7.0,2.0,922.0,931.0,424.0,45.98698481561822,68.00433839479393,1.9522776572668112,1.8719957484629408,0.46581075260396265
Corregimiento Los Andes,Presidencia 2026,Presidencia,2V,0,1002.0,0.6205493205206354,2,IVÁN CEPEDA CASTRO,747.0,ABELARDO DE LA ESPRIELLA,255.0,10.0,6.0,2.0,1012.0,1020.0,492.0,48.616600790513836,73.81422924901186,0.9881422924901186,1.6114754571981624,0.3794506794793646
Corregimiento Montebello,Congreso 2026,Consultas,NA,0,731.0,0.6267167701235682,3,LA GRAN CONSULTA POR COLOMBIA,566.0,FRENTE POR LA VIDA,104.0,0.0,116.0,121.0,731.0,968.0,462.0,63.20109439124487,77.4281805745554,0.0,1.595617107553756,0.3732832298764318
Corregimiento Montebello,Congreso 2026,Cámara,NA,1,3772.0,0.2925399691200103,14,MOVIMIENTO POLÍTICO PACTO HISTÓRICO,1924.0,COALICIÓN LIBERAL - COLOMBIA RENACIENTE,370.0,101.0,106.0,74.0,3873.0,4053.0,1554.0,40.123934934159564,49.67725277562613,2.6077975729408727,3.418336314890922,0.7074600308799897
Corregimiento Montebello,Congreso 2026,Cámara,NA,4,5.0,0.3600000000000001,3,PARTIDO INDÍGENA COLOMBIANO P.I.C,2.0,"MOVIMIENTO ALTERNATIVO INDÍGENA Y SOCIAL ""MAIS""",2.0,5.0,0.0,1.0,10.0,11.0,0.0,0.0,20.0,50.0,2.7777777777777772,0.6399999999999999
Corregimiento Montebello,Congreso 2026,Cámara,NA,5,56.0,0.4253826530612246,14,CONSEJO COMUNITARIO EL NARANJO,36.0,CONSEJO COMUNITARIO DE COMUNIDADES NEGRAS CUENCA RÍO OVEJAS,3.0,15.0,19.0,10.0,71.0,100.0,33.0,46.478873239436616,50.70422535211267,21.12676056338028,2.350824587706146,0.5746173469387754
Corregimiento Montebello,Congreso 2026,Senado,NA,0,3851.0,0.2949983617888928,16,PACTO HISTÓRICO SENADO,1983.0,PARTIDO LIBERAL COLOMBIANO,338.0,92.0,111.0,106.0,3943.0,4160.0,1645.0,41.719502916561,50.29165609941669,2.3332487953335024,3.389849333182472,0.7050016382111072
Corregimiento Montebello,Congreso 2026,Senado,NA,4,4.0,0.375,3,"MOVIMIENTO ALTERNATIVO INDÍGENA Y SOCIAL ""MAIS""",2.0,ASOCIACIÓN DE AUTORIDADES TRADICIONALES INDÍGENAS,1.0,1.0,0.0,1.0,5.0,6.0,1.0,20.0,40.0,20.0,2.6666666666666665,0.625
Corregimiento Montebello,Presidencia 2026,Presidencia,1V,0,4997.0,0.5009401878869968,11,IVÁN CEPEDA CASTRO,3316.0,ABELARDO DE LA ESPRIELLA,1191.0,105.0,68.0,15.0,5102.0,5185.0,2125.0,41.65033320266562,64.99411995295962,2.058016464131713,1.9962463068057583,0.4990598121130032
Corregimiento Montebello,Presidencia 2026,Presidencia,2V,0,5626.0,0.6116041905383427,2,IVÁN CEPEDA CASTRO,4142.0,ABELARDO DE LA ESPRIELLA,1484.0,73.0,42.0,4.0,5699.0,5745.0,2658.0,46.63976136164239,72.67941744165644,1.2809264783295315,1.635044388953231,0.3883958094616573
Corregimiento Navarro,Congreso 2026,Consultas,NA,0,120.0,0.4759722222222223,3,LA GRAN CONSULTA POR COLOMBIA,77.0,"CONSULTA DE LAS SOLUCIONES: SALUD, SEGURIDAD Y EDUCACIÓN",22.0,0.0,19.0,35.0,120.0,174.0,55.0,45.83333333333333,64.16666666666667,0.0,2.1009629413481177,0.5240277777777778
Corregimiento Navarro,Congreso 2026,Cámara,NA,1,1002.0,0.2536782721981187,13,MOVIMIENTO POLÍTICO PACTO HISTÓRICO,429.0,PARTIDO DE LA UNIÓN POR LA GENTE - PARTIDO DE LA U,232.0,30.0,40.0,28.0,1032.0,1100.0,197.0,19.089147286821706,41.56976744186046,2.9069767441860463,3.9420009894226014,0.7463217278018812
Corregimiento Navarro,Congreso 2026,Cámara,NA,4,0.0,0.0,0,,0.0,,0.0,0.0,1.0,1.0,0.0,2.0,0.0,,,,,1.0
Corregimiento Navarro,Congreso 2026,Cámara,NA,5,26.0,0.15680473372781067,13,PARTIDO ECOLOGISTA COLOMBIANO,8.0,CONSEJO COMUNITARIO EL NARANJO,5.0,16.0,29.0,33.0,42.0,104.0,3.0,7.142857142857142,19.047619047619047,38.095238095238095,6.377358490566037,0.8431952662721893
Corregimiento Navarro,Congreso 2026,Senado,NA,0,1038.0,0.23906950152397713,15,PACTO HISTÓRICO SENADO,429.0,COALICIÓN CAMBIO RADICAL - ALMA,228.0,26.0,97.0,37.0,1064.0,1198.0,201.0,18.89097744360902,40.31954887218045,2.443609022556391,4.1828840300639785,0.7609304984760229
Corregimiento Navarro,Congreso 2026,Senado,NA,4,1.0,1.0,1,CABILDO INDÉGENA TEVIS,1.0,,0.0,8.0,2.0,1.0,9.0,12.0,1.0,11.11111111111111,11.11111111111111,88.88888888888889,1.0,0.0
Corregimiento Navarro,Presidencia 2026,Presidencia,1V,0,1187.0,0.5046846311026005,10,IVÁN CEPEDA CASTRO,795.0,ABELARDO DE LA ESPRIELLA,272.0,37.0,39.0,8.0,1224.0,1271.0,523.0,42.728758169934636,64.95098039215686,3.022875816993464,1.9814354120815374,0.49531536889739947
Corregimiento Navarro,Presidencia 2026,Presidencia,2V,0,1563.0,0.6372839769968428,2,IVÁN CEPEDA CASTRO,1191.0,ABELARDO DE LA ESPRIELLA,372.0,28.0,27.0,8.0,1591.0,1626.0,819.0,51.47705845380264,74.8585795097423,1.759899434318039,1.5691591756510679,0.3627160230031572
Corregimiento Pance,Congreso 2026,Consultas,NA,0,1294.0,0.7939652515832196,3,LA GRAN CONSULTA POR COLOMBIA,1148.0,FRENTE POR LA VIDA,94.0,0.0,113.0,24.0,1294.0,1431.0,1054.0,81.45285935085008,88.71715610510046,0.0,1.2595009643129007,0.20603474841678038
Corregimiento Pance,Congreso 2026,Cámara,NA,1,2061.0,0.2340890562256796,14,PARTIDO CENTRO DEMOCRÁTICO,861.0,MOVIMIENTO POLÍTICO PACTO HISTÓRICO,385.0,39.0,25.0,17.0,2100.0,2142.0,476.0,22.666666666666664,41.0,1.8571428571428572,4.271878472763477,0.7659109437743203
Corregimiento Pance,Congreso 2026,Cámara,NA,4,13.0,0.4437869822485207,3,MOVIMIENTO UNIDAD EN MINGA POR COLOMBIA,7.0,"MOVIMIENTO ALTERNATIVO INDÍGENA Y SOCIAL ""MAIS""",5.0,2.0,1.0,0.0,15.0,16.0,2.0,13.333333333333334,46.666666666666664,13.333333333333334,2.2533333333333334,0.5562130177514792
Corregimiento Pance,Congreso 2026,Cámara,NA,5,41.0,0.4193932183224272,6,CONSEJO COMUNITARIO LA GRAN VÍA DE LOS REMEDIOS,23.0,CONSEJO COMUNITARIO EL NARANJO,13.0,5.0,2.0,1.0,46.0,49.0,10.0,21.73913043478261,50.0,10.869565217391305,2.3843971631205667,0.5806067816775728
Corregimiento Pance,Congreso 2026,Senado,NA,0,2122.0,0.21723588704483612,13,PARTIDO CENTRO DEMOCRÁTICO,839.0,PACTO HISTÓRICO SENADO,380.0,29.0,10.0,17.0,2151.0,2178.0,459.0,21.338912133891213,39.00511390051139,1.3482101348210134,4.6032909829194395,0.7827641129551639
Corregimiento Pance,Congreso 2026,Senado,NA,4,17.0,0.3633217993079585,4,"MOVIMIENTO AUTORIDADES INDÍGENAS DE COLOMBIA ""AICO""",8.0,MOVIMIENTO UNIDAD EN MINGA POR COLOMBIA,6.0,4.0,2.0,0.0,21.0,23.0,2.0,9.523809523809524,38.095238095238095,19.047619047619047,2.7523809523809524,0.6366782006920415
Corregimiento Pance,Presidencia 2026,Presidencia,1V,0,2755.0,0.4459298882414748,9,ABELARDO DE LA ESPRIELLA,1676.0,IVÁN CEPEDA CASTRO,718.0,33.0,15.0,2.0,2788.0,2805.0,958.0,34.36154949784792,60.11477761836442,1.1836441893830703,2.242504990960578,0.5540701117585252
Corregimiento Pance,Presidencia 2026,Presidencia,2V,0,2815.0,0.5681152415535904,2,ABELARDO DE LA ESPRIELLA,1927.0,IVÁN CEPEDA CASTRO,888.0,54.0,8.0,3.0,2869.0,2880.0,1039.0,36.214708957825025,67.16626002091321,1.8821889159986056,1.7602062519311408,0.4318847584464096
Corregimiento Pichinde,Congreso 2026,Consultas,NA,0,119.0,0.7063766683143846,3,LA GRAN CONSULTA POR COLOMBIA,99.0,FRENTE POR LA VIDA,11.0,0.0,13.0,12.0,119.0,144.0,88.0,73.94957983193278,83.19327731092437,0.0,1.4156752974107767,0.2936233316856154
Corregimiento Pichinde,Congreso 2026,Cámara,NA,1,374.0,0.2700677743143928,12,MOVIMIENTO POLÍTICO PACTO HISTÓRICO,165.0,PARTIDO DE LA UNIÓN POR LA GENTE - PARTIDO DE LA U,84.0,7.0,5.0,6.0,381.0,392.0,81.0,21.25984251968504,43.30708661417323,1.837270341207349,3.702774248199915,0.7299322256856072
Corregimiento Pichinde,Congreso 2026,Cámara,NA,4,3.0,1.0,1,MOVIMIENTO UNIDAD EN MINGA POR COLOMBIA,3.0,,0.0,0.0,0.0,0.0,3.0,3.0,3.0,100.0,100.0,0.0,1.0,0.0
Corregimiento Pichinde,Congreso 2026,Cámara,NA,5,5.0,1.0,1,CONSEJO COMUNITARIO LA GRAN VÍA DE LOS REMEDIOS,5.0,,0.0,4.0,3.0,4.0,9.0,16.0,5.0,55.55555555555556,55.55555555555556,44.44444444444444,1.0,0.0
Corregimiento Pichinde,Congreso 2026,Senado,NA,0,373.0,0.28798453234048976,13,PACTO HISTÓRICO SENADO,170.0,PARTIDO DE LA UNIÓN POR LA GENTE - PARTIDO DE LA U,85.0,10.0,6.0,21.0,383.0,410.0,85.0,22.193211488250654,44.38642297650131,2.610966057441253,3.472408715401702,0.7120154676595103
Corregimiento Pichinde,Congreso 2026,Senado,NA,4,2.0,1.0,1,MOVIMIENTO UNIDAD EN MINGA POR COLOMBIA,2.0,,0.0,0.0,0.0,0.0,2.0,2.0,2.0,100.0,100.0,0.0,1.0,0.0
Corregimiento Pichinde,Presidencia 2026,Presidencia,1V,0,547.0,0.4381786644118325,9,IVÁN CEPEDA CASTRO,330.0,ABELARDO DE LA ESPRIELLA,140.0,12.0,6.0,2.0,559.0,567.0,190.0,33.98926654740608,59.0339892665474,2.146690518783542,2.2821741020693023,0.5618213355881675
Corregimiento Pichinde,Presidencia 2026,Presidencia,2V,0,600.0,0.5578000000000001,2,IVÁN CEPEDA CASTRO,402.0,ABELARDO DE LA ESPRIELLA,198.0,10.0,3.0,1.0,610.0,614.0,204.0,33.442622950819676,65.90163934426229,1.639344262295082,1.7927572606669055,0.4421999999999999
