territorio_nombre,eleccion,corporacion,vuelta,circunscripcion,unidad,votos,votos_candidatos,blancos,validos,pct_validos
Corregimiento El Saladito,Congreso 2026,Consultas,NA,0,"CONSULTA DE LAS SOLUCIONES: SALUD, SEGURIDAD Y EDUCACIÓN",15,279,0.0,279.0,5.376344086021505
Corregimiento El Saladito,Congreso 2026,Consultas,NA,0,FRENTE POR LA VIDA,34,279,0.0,279.0,12.186379928315413
Corregimiento El Saladito,Congreso 2026,Consultas,NA,0,LA GRAN CONSULTA POR COLOMBIA,230,279,0.0,279.0,82.43727598566308
Corregimiento El Saladito,Congreso 2026,Cámara,NA,1,AHORA COLOMBIA,49,1031,29.0,1060.0,4.622641509433962
Corregimiento El Saladito,Congreso 2026,Cámara,NA,1,COALICIÓN FUERZA CIUDADANA,1,1031,29.0,1060.0,0.09433962264150944
Corregimiento El Saladito,Congreso 2026,Cámara,NA,1,COALICIÓN LIBERAL - COLOMBIA RENACIENTE,181,1031,29.0,1060.0,17.075471698113205
Corregimiento El Saladito,Congreso 2026,Cámara,NA,1,CR-CJL-LIGA DE GOBERNANTES,44,1031,29.0,1060.0,4.150943396226415
Corregimiento El Saladito,Congreso 2026,Cámara,NA,1,FRENTE AMPLIO UNITARIO,2,1031,29.0,1060.0,0.18867924528301888
Corregimiento El Saladito,Congreso 2026,Cámara,NA,1,"MOVIMIENTO AUTORIDADES INDÍGENAS DE COLOMBIA ""AICO""",1,1031,29.0,1060.0,0.09433962264150944
Corregimiento El Saladito,Congreso 2026,Cámara,NA,1,MOVIMIENTO POLÍTICO PACTO HISTÓRICO,345,1031,29.0,1060.0,32.54716981132076
Corregimiento El Saladito,Congreso 2026,Cámara,NA,1,MOVIMIENTO SALVACIÓN NACIONAL,30,1031,29.0,1060.0,2.8301886792452833
Corregimiento El Saladito,Congreso 2026,Cámara,NA,1,PARTIDO ALIANZA VERDE,32,1031,29.0,1060.0,3.018867924528302
Corregimiento El Saladito,Congreso 2026,Cámara,NA,1,PARTIDO CENTRO DEMOCRÁTICO,131,1031,29.0,1060.0,12.358490566037736
Corregimiento El Saladito,Congreso 2026,Cámara,NA,1,PARTIDO CONSERVADOR COLOMBIANO,109,1031,29.0,1060.0,10.283018867924529
Corregimiento El Saladito,Congreso 2026,Cámara,NA,1,PARTIDO DE LA UNIÓN POR LA GENTE - PARTIDO DE LA U,102,1031,29.0,1060.0,9.622641509433963
Corregimiento El Saladito,Congreso 2026,Cámara,NA,1,PARTIDO DEMÓCRATA COLOMBIANO,3,1031,29.0,1060.0,0.2830188679245283
Corregimiento El Saladito,Congreso 2026,Cámara,NA,1,PARTIDO POLÍTICO OXÍGENO,1,1031,29.0,1060.0,0.09433962264150944
Corregimiento El Saladito,Congreso 2026,Cámara,NA,4,FUERZA ANCESTRAL,1,1,1.0,2.0,50.0
Corregimiento El Saladito,Congreso 2026,Cámara,NA,5,ASOCIACIÓN AFRODESCENDIENTE PACÍFICO POR LA PAZ,1,13,3.0,16.0,6.25
Corregimiento El Saladito,Congreso 2026,Cámara,NA,5,CONSEJO COMUNITARIO DE LA COMUNIDAD NEGRA DE LIMONES,1,13,3.0,16.0,6.25
Corregimiento El Saladito,Congreso 2026,Cámara,NA,5,CONSEJO COMUNITARIO EL NARANJO,4,13,3.0,16.0,25.0
Corregimiento El Saladito,Congreso 2026,Cámara,NA,5,CONSEJO COMUNITARIO LA GRAN VÍA DE LOS REMEDIOS,3,13,3.0,16.0,18.75
Corregimiento El Saladito,Congreso 2026,Cámara,NA,5,CRISTIANOS POR COLOMBIA AFROS,3,13,3.0,16.0,18.75
Corregimiento El Saladito,Congreso 2026,Cámara,NA,5,"EXPRESIÓN AFRO, AMBIENTAL Y CULTURAL COLOMBIA CON DIGNIDAD",1,13,3.0,16.0,6.25
Corregimiento El Saladito,Congreso 2026,Senado,NA,0,AHORA COLOMBIA,44,1065,30.0,1095.0,4.018264840182648
Corregimiento El Saladito,Congreso 2026,Senado,NA,0,ALIANZA POR COLOMBIA,58,1065,30.0,1095.0,5.296803652968037
Corregimiento El Saladito,Congreso 2026,Senado,NA,0,COALICIÓN CAMBIO RADICAL - ALMA,83,1065,30.0,1095.0,7.579908675799087
Corregimiento El Saladito,Congreso 2026,Senado,NA,0,COALICIÓN FUERZA CIUDADANA,6,1065,30.0,1095.0,0.547945205479452
Corregimiento El Saladito,Congreso 2026,Senado,NA,0,CREEMOS,2,1065,30.0,1095.0,0.182648401826484
Corregimiento El Saladito,Congreso 2026,Senado,NA,0,FRENTE AMPLIO UNITARIO,7,1065,30.0,1095.0,0.6392694063926941
Corregimiento El Saladito,Congreso 2026,Senado,NA,0,LA LISTA DE OVIEDO - CON TODA POR COLOMBIA,1,1065,30.0,1095.0,0.091324200913242
Corregimiento El Saladito,Congreso 2026,Senado,NA,0,MOVIMIENTO SALVACIÓN NACIONAL,40,1065,30.0,1095.0,3.65296803652968
Corregimiento El Saladito,Congreso 2026,Senado,NA,0,PACTO HISTÓRICO SENADO,381,1065,30.0,1095.0,34.794520547945204
Corregimiento El Saladito,Congreso 2026,Senado,NA,0,PARTIDO CENTRO DEMOCRÁTICO,124,1065,30.0,1095.0,11.32420091324201
Corregimiento El Saladito,Congreso 2026,Senado,NA,0,PARTIDO CONSERVADOR COLOMBIANO,78,1065,30.0,1095.0,7.123287671232877
Corregimiento El Saladito,Congreso 2026,Senado,NA,0,PARTIDO DE LA UNIÓN POR LA GENTE - PARTIDO DE LA U,83,1065,30.0,1095.0,7.579908675799087
Corregimiento El Saladito,Congreso 2026,Senado,NA,0,PARTIDO LIBERAL COLOMBIANO,158,1065,30.0,1095.0,14.429223744292239
Corregimiento El Saladito,Presidencia 2026,Presidencia,1V,0,ABELARDO DE LA ESPRIELLA,463,1365,27.0,1392.0,33.26149425287356
Corregimiento El Saladito,Presidencia 2026,Presidencia,1V,0,CLAUDIA LÓPEZ,9,1365,27.0,1392.0,0.646551724137931
Corregimiento El Saladito,Presidencia 2026,Presidencia,1V,0,IVÁN CEPEDA CASTRO,766,1365,27.0,1392.0,55.02873563218391
Corregimiento El Saladito,Presidencia 2026,Presidencia,1V,0,MIGUEL URIBE LONDOÑO,1,1365,27.0,1392.0,0.07183908045977011
Corregimiento El Saladito,Presidencia 2026,Presidencia,1V,0,PALOMA VALENCIA LASERNA,80,1365,27.0,1392.0,5.747126436781609
Corregimiento El Saladito,Presidencia 2026,Presidencia,1V,0,RAÚL SANTIAGO BOTERO JARAMILLO,7,1365,27.0,1392.0,0.5028735632183908
Corregimiento El Saladito,Presidencia 2026,Presidencia,1V,0,ROY LEONARDO BARRERAS MONTEALEGRE,1,1365,27.0,1392.0,0.07183908045977011
Corregimiento El Saladito,Presidencia 2026,Presidencia,1V,0,SERGIO FAJARDO VALDERRAMA,33,1365,27.0,1392.0,2.3706896551724137
Corregimiento El Saladito,Presidencia 2026,Presidencia,1V,0,SONDRA MACOLLINS GARVIN PINTO,2,1365,27.0,1392.0,0.14367816091954022
Corregimiento El Saladito,Presidencia 2026,Presidencia,1V,0,ÓSCAR MAURICIO LIZCANO ARANGO,3,1365,27.0,1392.0,0.21551724137931033
Corregimiento El Saladito,Presidencia 2026,Presidencia,2V,0,ABELARDO DE LA ESPRIELLA,578,1545,35.0,1580.0,36.58227848101266
Corregimiento El Saladito,Presidencia 2026,Presidencia,2V,0,IVÁN CEPEDA CASTRO,967,1545,35.0,1580.0,61.20253164556962
Corregimiento Felidia,Congreso 2026,Consultas,NA,0,"CONSULTA DE LAS SOLUCIONES: SALUD, SEGURIDAD Y EDUCACIÓN",9,143,0.0,143.0,6.293706293706294
Corregimiento Felidia,Congreso 2026,Consultas,NA,0,FRENTE POR LA VIDA,16,143,0.0,143.0,11.188811188811188
Corregimiento Felidia,Congreso 2026,Consultas,NA,0,LA GRAN CONSULTA POR COLOMBIA,118,143,0.0,143.0,82.51748251748252
Corregimiento Felidia,Congreso 2026,Cámara,NA,1,AHORA COLOMBIA,55,700,26.0,726.0,7.575757575757576
Corregimiento Felidia,Congreso 2026,Cámara,NA,1,COALICIÓN FUERZA CIUDADANA,3,700,26.0,726.0,0.4132231404958678
Corregimiento Felidia,Congreso 2026,Cámara,NA,1,COALICIÓN LIBERAL - COLOMBIA RENACIENTE,52,700,26.0,726.0,7.162534435261708
Corregimiento Felidia,Congreso 2026,Cámara,NA,1,CR-CJL-LIGA DE GOBERNANTES,22,700,26.0,726.0,3.0303030303030303
Corregimiento Felidia,Congreso 2026,Cámara,NA,1,FRENTE AMPLIO UNITARIO,1,700,26.0,726.0,0.13774104683195593
Corregimiento Felidia,Congreso 2026,Cámara,NA,1,MOVIMIENTO POLÍTICO PACTO HISTÓRICO,263,700,26.0,726.0,36.225895316804404
Corregimiento Felidia,Congreso 2026,Cámara,NA,1,MOVIMIENTO SALVACIÓN NACIONAL,21,700,26.0,726.0,2.8925619834710745
Corregimiento Felidia,Congreso 2026,Cámara,NA,1,PARTIDO ALIANZA VERDE,20,700,26.0,726.0,2.7548209366391188
Corregimiento Felidia,Congreso 2026,Cámara,NA,1,PARTIDO CENTRO DEMOCRÁTICO,94,700,26.0,726.0,12.947658402203857
Corregimiento Felidia,Congreso 2026,Cámara,NA,1,PARTIDO CONSERVADOR COLOMBIANO,26,700,26.0,726.0,3.581267217630854
Corregimiento Felidia,Congreso 2026,Cámara,NA,1,PARTIDO DE LA UNIÓN POR LA GENTE - PARTIDO DE LA U,142,700,26.0,726.0,19.55922865013774
Corregimiento Felidia,Congreso 2026,Cámara,NA,1,PARTIDO POLÍTICO OXÍGENO,1,700,26.0,726.0,0.13774104683195593
Corregimiento Felidia,Congreso 2026,Cámara,NA,4,MOVIMIENTO UNIDAD EN MINGA POR COLOMBIA,2,2,1.0,3.0,66.66666666666666
Corregimiento Felidia,Congreso 2026,Senado,NA,0,AHORA COLOMBIA,27,712,26.0,738.0,3.6585365853658534
Corregimiento Felidia,Congreso 2026,Senado,NA,0,ALIANZA POR COLOMBIA,37,712,26.0,738.0,5.013550135501355
Corregimiento Felidia,Congreso 2026,Senado,NA,0,COALICIÓN CAMBIO RADICAL - ALMA,28,712,26.0,738.0,3.7940379403794036
Corregimiento Felidia,Congreso 2026,Senado,NA,0,CREEMOS,1,712,26.0,738.0,0.13550135501355012
Corregimiento Felidia,Congreso 2026,Senado,NA,0,FRENTE AMPLIO UNITARIO,4,712,26.0,738.0,0.5420054200542005
Corregimiento Felidia,Congreso 2026,Senado,NA,0,LA LISTA DE OVIEDO - CON TODA POR COLOMBIA,2,712,26.0,738.0,0.27100271002710025
Corregimiento Felidia,Congreso 2026,Senado,NA,0,MOVIMIENTO SALVACIÓN NACIONAL,35,712,26.0,738.0,4.742547425474255
Corregimiento Felidia,Congreso 2026,Senado,NA,0,PACTO HISTÓRICO SENADO,279,712,26.0,738.0,37.80487804878049
Corregimiento Felidia,Congreso 2026,Senado,NA,0,PARTIDO CENTRO DEMOCRÁTICO,69,712,26.0,738.0,9.34959349593496
Corregimiento Felidia,Congreso 2026,Senado,NA,0,PARTIDO CONSERVADOR COLOMBIANO,17,712,26.0,738.0,2.303523035230352
Corregimiento Felidia,Congreso 2026,Senado,NA,0,PARTIDO DE LA UNIÓN POR LA GENTE - PARTIDO DE LA U,155,712,26.0,738.0,21.00271002710027
Corregimiento Felidia,Congreso 2026,Senado,NA,0,PARTIDO LIBERAL COLOMBIANO,56,712,26.0,738.0,7.588075880758807
Corregimiento Felidia,Congreso 2026,Senado,NA,0,PARTIDO POLÍTICO OXÍGENO,2,712,26.0,738.0,0.27100271002710025
Corregimiento Felidia,Congreso 2026,Senado,NA,4,MOVIMIENTO UNIDAD EN MINGA POR COLOMBIA,2,2,1.0,3.0,66.66666666666666
Corregimiento Felidia,Presidencia 2026,Presidencia,1V,0,ABELARDO DE LA ESPRIELLA,317,1045,34.0,1079.0,29.379054680259497
Corregimiento Felidia,Presidencia 2026,Presidencia,1V,0,CLAUDIA LÓPEZ,9,1045,34.0,1079.0,0.8341056533827619
Corregimiento Felidia,Presidencia 2026,Presidencia,1V,0,IVÁN CEPEDA CASTRO,609,1045,34.0,1079.0,56.441149212233555
Corregimiento Felidia,Presidencia 2026,Presidencia,1V,0,PALOMA VALENCIA LASERNA,58,1045,34.0,1079.0,5.375347544022243
Corregimiento Felidia,Presidencia 2026,Presidencia,1V,0,RAÚL SANTIAGO BOTERO JARAMILLO,15,1045,34.0,1079.0,1.3901760889712698
Corregimiento Felidia,Presidencia 2026,Presidencia,1V,0,ROY LEONARDO BARRERAS MONTEALEGRE,1,1045,34.0,1079.0,0.09267840593141798
Corregimiento Felidia,Presidencia 2026,Presidencia,1V,0,SERGIO FAJARDO VALDERRAMA,29,1045,34.0,1079.0,2.6876737720111215
Corregimiento Felidia,Presidencia 2026,Presidencia,1V,0,SONDRA MACOLLINS GARVIN PINTO,3,1045,34.0,1079.0,0.27803521779425394
Corregimiento Felidia,Presidencia 2026,Presidencia,1V,0,ÓSCAR MAURICIO LIZCANO ARANGO,4,1045,34.0,1079.0,0.3707136237256719
Corregimiento Felidia,Presidencia 2026,Presidencia,2V,0,ABELARDO DE LA ESPRIELLA,386,1215,21.0,1236.0,31.22977346278317
Corregimiento Felidia,Presidencia 2026,Presidencia,2V,0,IVÁN CEPEDA CASTRO,829,1215,21.0,1236.0,67.07119741100324
Corregimiento Golondrinas,Congreso 2026,Consultas,NA,0,"CONSULTA DE LAS SOLUCIONES: SALUD, SEGURIDAD Y EDUCACIÓN",23,209,0.0,209.0,11.004784688995215
Corregimiento Golondrinas,Congreso 2026,Consultas,NA,0,FRENTE POR LA VIDA,25,209,0.0,209.0,11.961722488038278
Corregimiento Golondrinas,Congreso 2026,Consultas,NA,0,LA GRAN CONSULTA POR COLOMBIA,161,209,0.0,209.0,77.03349282296651
Corregimiento Golondrinas,Congreso 2026,Cámara,NA,1,AHORA COLOMBIA,38,1001,10.0,1011.0,3.758654797230465
Corregimiento Golondrinas,Congreso 2026,Cámara,NA,1,COALICIÓN FUERZA CIUDADANA,6,1001,10.0,1011.0,0.5934718100890208
Corregimiento Golondrinas,Congreso 2026,Cámara,NA,1,COALICIÓN LIBERAL - COLOMBIA RENACIENTE,43,1001,10.0,1011.0,4.253214638971316
Corregimiento Golondrinas,Congreso 2026,Cámara,NA,1,CR-CJL-LIGA DE GOBERNANTES,132,1001,10.0,1011.0,13.056379821958458
Corregimiento Golondrinas,Congreso 2026,Cámara,NA,1,FRENTE AMPLIO UNITARIO,4,1001,10.0,1011.0,0.3956478733926805
Corregimiento Golondrinas,Congreso 2026,Cámara,NA,1,MOVIMIENTO POLÍTICO PACTO HISTÓRICO,415,1001,10.0,1011.0,41.0484668644906
Corregimiento Golondrinas,Congreso 2026,Cámara,NA,1,MOVIMIENTO SALVACIÓN NACIONAL,28,1001,10.0,1011.0,2.7695351137487636
Corregimiento Golondrinas,Congreso 2026,Cámara,NA,1,PARTIDO ALIANZA VERDE,27,1001,10.0,1011.0,2.6706231454005933
Corregimiento Golondrinas,Congreso 2026,Cámara,NA,1,PARTIDO CENTRO DEMOCRÁTICO,75,1001,10.0,1011.0,7.418397626112759
Corregimiento Golondrinas,Congreso 2026,Cámara,NA,1,PARTIDO CONSERVADOR COLOMBIANO,71,1001,10.0,1011.0,7.022749752720079
Corregimiento Golondrinas,Congreso 2026,Cámara,NA,1,PARTIDO DE LA UNIÓN POR LA GENTE - PARTIDO DE LA U,159,1001,10.0,1011.0,15.727002967359049
Corregimiento Golondrinas,Congreso 2026,Cámara,NA,1,PARTIDO DEMÓCRATA COLOMBIANO,2,1001,10.0,1011.0,0.19782393669634024
Corregimiento Golondrinas,Congreso 2026,Cámara,NA,1,PARTIDO POLÍTICO OXÍGENO,1,1001,10.0,1011.0,0.09891196834817012
Corregimiento Golondrinas,Congreso 2026,Cámara,NA,4,PARTIDO INDÍGENA COLOMBIANO P.I.C,1,1,0.0,1.0,100.0
Corregimiento Golondrinas,Congreso 2026,Cámara,NA,5,AFROEMPRENDIMIENTO,3,17,22.0,39.0,7.6923076923076925
Corregimiento Golondrinas,Congreso 2026,Cámara,NA,5,C.C. DE LA COMUNIDAD NEGRA DE LA VEREDA EL ESFUERZO,1,17,22.0,39.0,2.564102564102564
Corregimiento Golondrinas,Congreso 2026,Cámara,NA,5,CONSEJO COMUNITARIO DE COMUNIDADES NEGRAS CUENCA RÍO OVEJAS,2,17,22.0,39.0,5.128205128205128
Corregimiento Golondrinas,Congreso 2026,Cámara,NA,5,CONSEJO COMUNITARIO DE LA COMUNIDAD NEGRA DE LIMONES,2,17,22.0,39.0,5.128205128205128
Corregimiento Golondrinas,Congreso 2026,Cámara,NA,5,CONSEJO COMUNITARIO DE QUINAMAYO,2,17,22.0,39.0,5.128205128205128
Corregimiento Golondrinas,Congreso 2026,Cámara,NA,5,CONSEJO COMUNITARIO EL NARANJO,5,17,22.0,39.0,12.82051282051282
Corregimiento Golondrinas,Congreso 2026,Cámara,NA,5,"EXPRESIÓN AFRO, AMBIENTAL Y CULTURAL COLOMBIA CON DIGNIDAD",1,17,22.0,39.0,2.564102564102564
Corregimiento Golondrinas,Congreso 2026,Cámara,NA,5,FUNDACIÓN ORSUBA,1,17,22.0,39.0,2.564102564102564
Corregimiento Golondrinas,Congreso 2026,Senado,NA,0,AHORA COLOMBIA,35,1024,23.0,1047.0,3.3428844317096464
Corregimiento Golondrinas,Congreso 2026,Senado,NA,0,ALIANZA POR COLOMBIA,43,1024,23.0,1047.0,4.106972301814708
Corregimiento Golondrinas,Congreso 2026,Senado,NA,0,COALICIÓN CAMBIO RADICAL - ALMA,120,1024,23.0,1047.0,11.461318051575931
Corregimiento Golondrinas,Congreso 2026,Senado,NA,0,COALICIÓN FUERZA CIUDADANA,1,1024,23.0,1047.0,0.09551098376313276
Corregimiento Golondrinas,Congreso 2026,Senado,NA,0,CREEMOS,1,1024,23.0,1047.0,0.09551098376313276
Corregimiento Golondrinas,Congreso 2026,Senado,NA,0,FRENTE AMPLIO UNITARIO,17,1024,23.0,1047.0,1.6236867239732569
Corregimiento Golondrinas,Congreso 2026,Senado,NA,0,LA LISTA DE OVIEDO - CON TODA POR COLOMBIA,2,1024,23.0,1047.0,0.19102196752626552
Corregimiento Golondrinas,Congreso 2026,Senado,NA,0,MOVIMIENTO SALVACIÓN NACIONAL,29,1024,23.0,1047.0,2.76981852913085
Corregimiento Golondrinas,Congreso 2026,Senado,NA,0,PACTO HISTÓRICO SENADO,440,1024,23.0,1047.0,42.02483285577841
Corregimiento Golondrinas,Congreso 2026,Senado,NA,0,PARTIDO CENTRO DEMOCRÁTICO,75,1024,23.0,1047.0,7.163323782234957
Corregimiento Golondrinas,Congreso 2026,Senado,NA,0,PARTIDO CONSERVADOR COLOMBIANO,41,1024,23.0,1047.0,3.9159503342884436
Corregimiento Golondrinas,Congreso 2026,Senado,NA,0,PARTIDO DE LA UNIÓN POR LA GENTE - PARTIDO DE LA U,163,1024,23.0,1047.0,15.56829035339064
Corregimiento Golondrinas,Congreso 2026,Senado,NA,0,PARTIDO LIBERAL COLOMBIANO,54,1024,23.0,1047.0,5.157593123209169
Corregimiento Golondrinas,Congreso 2026,Senado,NA,0,PARTIDO POLÍTICO OXÍGENO,1,1024,23.0,1047.0,0.09551098376313276
Corregimiento Golondrinas,Congreso 2026,Senado,NA,0,PATRIOTAS,2,1024,23.0,1047.0,0.19102196752626552
Corregimiento Golondrinas,Presidencia 2026,Presidencia,1V,0,ABELARDO DE LA ESPRIELLA,297,1195,40.0,1235.0,24.048582995951417
Corregimiento Golondrinas,Presidencia 2026,Presidencia,1V,0,CLAUDIA LÓPEZ,10,1195,40.0,1235.0,0.8097165991902834
Corregimiento Golondrinas,Presidencia 2026,Presidencia,1V,0,IVÁN CEPEDA CASTRO,753,1195,40.0,1235.0,60.97165991902834
Corregimiento Golondrinas,Presidencia 2026,Presidencia,1V,0,MIGUEL URIBE LONDOÑO,3,1195,40.0,1235.0,0.24291497975708504
Corregimiento Golondrinas,Presidencia 2026,Presidencia,1V,0,PALOMA VALENCIA LASERNA,82,1195,40.0,1235.0,6.6396761133603235
Corregimiento Golondrinas,Presidencia 2026,Presidencia,1V,0,RAÚL SANTIAGO BOTERO JARAMILLO,12,1195,40.0,1235.0,0.9716599190283401
Corregimiento Golondrinas,Presidencia 2026,Presidencia,1V,0,ROY LEONARDO BARRERAS MONTEALEGRE,3,1195,40.0,1235.0,0.24291497975708504
Corregimiento Golondrinas,Presidencia 2026,Presidencia,1V,0,SERGIO FAJARDO VALDERRAMA,30,1195,40.0,1235.0,2.42914979757085
Corregimiento Golondrinas,Presidencia 2026,Presidencia,1V,0,ÓSCAR MAURICIO LIZCANO ARANGO,5,1195,40.0,1235.0,0.4048582995951417
Corregimiento Golondrinas,Presidencia 2026,Presidencia,2V,0,ABELARDO DE LA ESPRIELLA,414,1378,25.0,1403.0,29.508196721311474
Corregimiento Golondrinas,Presidencia 2026,Presidencia,2V,0,IVÁN CEPEDA CASTRO,964,1378,25.0,1403.0,68.70990734141125
Corregimiento Hormiguero,Congreso 2026,Consultas,NA,0,"CONSULTA DE LAS SOLUCIONES: SALUD, SEGURIDAD Y EDUCACIÓN",252,3930,0.0,3930.0,6.412213740458015
Corregimiento Hormiguero,Congreso 2026,Consultas,NA,0,FRENTE POR LA VIDA,332,3930,0.0,3930.0,8.447837150127228
Corregimiento Hormiguero,Congreso 2026,Consultas,NA,0,LA GRAN CONSULTA POR COLOMBIA,3346,3930,0.0,3930.0,85.13994910941476
Corregimiento Hormiguero,Congreso 2026,Cámara,NA,1,AHORA COLOMBIA,573,7662,256.0,7918.0,7.236675928264713
Corregimiento Hormiguero,Congreso 2026,Cámara,NA,1,COALICIÓN FUERZA CIUDADANA,14,7662,256.0,7918.0,0.17681232634503663
Corregimiento Hormiguero,Congreso 2026,Cámara,NA,1,COALICIÓN LIBERAL - COLOMBIA RENACIENTE,536,7662,256.0,7918.0,6.769386208638545
Corregimiento Hormiguero,Congreso 2026,Cámara,NA,1,CR-CJL-LIGA DE GOBERNANTES,559,7662,256.0,7918.0,7.059863601919676
Corregimiento Hormiguero,Congreso 2026,Cámara,NA,1,FRENTE AMPLIO UNITARIO,37,7662,256.0,7918.0,0.46728971962616817
Corregimiento Hormiguero,Congreso 2026,Cámara,NA,1,"MOVIMIENTO AUTORIDADES INDÍGENAS DE COLOMBIA ""AICO""",2,7662,256.0,7918.0,0.025258903763576663
Corregimiento Hormiguero,Congreso 2026,Cámara,NA,1,MOVIMIENTO POLÍTICO PACTO HISTÓRICO,2229,7662,256.0,7918.0,28.15104824450619
Corregimiento Hormiguero,Congreso 2026,Cámara,NA,1,MOVIMIENTO SALVACIÓN NACIONAL,637,7662,256.0,7918.0,8.044960848699166
Corregimiento Hormiguero,Congreso 2026,Cámara,NA,1,PARTIDO ALIANZA VERDE,439,7662,256.0,7918.0,5.544329376105077
Corregimiento Hormiguero,Congreso 2026,Cámara,NA,1,PARTIDO CENTRO DEMOCRÁTICO,1667,7662,256.0,7918.0,21.053296286941148
Corregimiento Hormiguero,Congreso 2026,Cámara,NA,1,PARTIDO CONSERVADOR COLOMBIANO,284,7662,256.0,7918.0,3.586764334427886
Corregimiento Hormiguero,Congreso 2026,Cámara,NA,1,PARTIDO DE LA UNIÓN POR LA GENTE - PARTIDO DE LA U,657,7662,256.0,7918.0,8.297549886334933
Corregimiento Hormiguero,Congreso 2026,Cámara,NA,1,PARTIDO DEMÓCRATA COLOMBIANO,15,7662,256.0,7918.0,0.18944177822682495
Corregimiento Hormiguero,Congreso 2026,Cámara,NA,1,PARTIDO POLÍTICO OXÍGENO,13,7662,256.0,7918.0,0.1641828744632483
Corregimiento Hormiguero,Congreso 2026,Cámara,NA,4,ACMIZSAM,1,17,5.0,22.0,4.545454545454546
Corregimiento Hormiguero,Congreso 2026,Cámara,NA,4,"ASOCIACIÓN NACIONAL INDÍGENA DE COLOMBIA ""ANIC""",1,17,5.0,22.0,4.545454545454546
Corregimiento Hormiguero,Congreso 2026,Cámara,NA,4,FUERZA ANCESTRAL,3,17,5.0,22.0,13.636363636363635
Corregimiento Hormiguero,Congreso 2026,Cámara,NA,4,"MOVIMIENTO ALTERNATIVO INDÍGENA Y SOCIAL ""MAIS""",4,17,5.0,22.0,18.181818181818183
Corregimiento Hormiguero,Congreso 2026,Cámara,NA,4,MOVIMIENTO UNIDAD EN MINGA POR COLOMBIA,5,17,5.0,22.0,22.727272727272727
Corregimiento Hormiguero,Congreso 2026,Cámara,NA,4,PARTIDO INDÍGENA COLOMBIANO P.I.C,2,17,5.0,22.0,9.090909090909092
Corregimiento Hormiguero,Congreso 2026,Cámara,NA,4,TRIETNICO GOBERNATIVO TRIGO,1,17,5.0,22.0,4.545454545454546
Corregimiento Hormiguero,Congreso 2026,Cámara,NA,5,AFRO CYC,3,282,59.0,341.0,0.8797653958944283
Corregimiento Hormiguero,Congreso 2026,Cámara,NA,5,AFROEMPRENDIMIENTO,7,282,59.0,341.0,2.0527859237536656
Corregimiento Hormiguero,Congreso 2026,Cámara,NA,5,AFROSLIBRES,2,282,59.0,341.0,0.5865102639296188
Corregimiento Hormiguero,Congreso 2026,Cámara,NA,5,"ASOCIACIÓN AFROCOLOMBIANA ""ASOMAKIDZON""",1,282,59.0,341.0,0.2932551319648094
Corregimiento Hormiguero,Congreso 2026,Cámara,NA,5,ASOCONEG,1,282,59.0,341.0,0.2932551319648094
Corregimiento Hormiguero,Congreso 2026,Cámara,NA,5,C.C. DE LA COMUNIDAD NEGRA DE LA VEREDA EL ESFUERZO,6,282,59.0,341.0,1.7595307917888565
Corregimiento Hormiguero,Congreso 2026,Cámara,NA,5,COMUNIDAD AFROCOLOMBIANA DE LA SIERRA NEVADA,1,282,59.0,341.0,0.2932551319648094
Corregimiento Hormiguero,Congreso 2026,Cámara,NA,5,CONSEJO COMUNITARIO AFROZABALETAS,1,282,59.0,341.0,0.2932551319648094
Corregimiento Hormiguero,Congreso 2026,Cámara,NA,5,CONSEJO COMUNITARIO AFROÉTNICO DE RISARALDA,1,282,59.0,341.0,0.2932551319648094
Corregimiento Hormiguero,Congreso 2026,Cámara,NA,5,CONSEJO COMUNITARIO ALTO MIRA Y FRONTERA,1,282,59.0,341.0,0.2932551319648094
Corregimiento Hormiguero,Congreso 2026,Cámara,NA,5,CONSEJO COMUNITARIO DE COMUNIDADES NEGRAS CUENCA RÍO OVEJAS,12,282,59.0,341.0,3.519061583577713
Corregimiento Hormiguero,Congreso 2026,Cámara,NA,5,CONSEJO COMUNITARIO DE LA COMUNIDAD NEGRA DE LIMONES,16,282,59.0,341.0,4.69208211143695
Corregimiento Hormiguero,Congreso 2026,Cámara,NA,5,"CONSEJO COMUNITARIO DE PIZARRO ""CONCOPI""",4,282,59.0,341.0,1.1730205278592376
Corregimiento Hormiguero,Congreso 2026,Cámara,NA,5,CONSEJO COMUNITARIO DE QUINAMAYO,1,282,59.0,341.0,0.2932551319648094
Corregimiento Hormiguero,Congreso 2026,Cámara,NA,5,CONSEJO COMUNITARIO EL NARANJO,121,282,59.0,341.0,35.483870967741936
Corregimiento Hormiguero,Congreso 2026,Cámara,NA,5,CONSEJO COMUNITARIO KUSUTOMA - GENDE COKUMALU,1,282,59.0,341.0,0.2932551319648094
Corregimiento Hormiguero,Congreso 2026,Cámara,NA,5,CONSEJO COMUNITARIO LA GRAN VÍA DE LOS REMEDIOS,50,282,59.0,341.0,14.66275659824047
Corregimiento Hormiguero,Congreso 2026,Cámara,NA,5,CONSEJO COMUNITARIO MANUEL ZAPATA OLIVELLA DE SAN ANTERO,12,282,59.0,341.0,3.519061583577713
Corregimiento Hormiguero,Congreso 2026,Cámara,NA,5,CONSEJO COMUNITARIO NEGROS UNIDOS,2,282,59.0,341.0,0.5865102639296188
Corregimiento Hormiguero,Congreso 2026,Cámara,NA,5,CONSEJO COMUNITARIO NUEVA ESPERANZA,1,282,59.0,341.0,0.2932551319648094
Corregimiento Hormiguero,Congreso 2026,Cámara,NA,5,CONSEJO COMUNITARIO PANAMÁ DE ARAUCA,1,282,59.0,341.0,0.2932551319648094
Corregimiento Hormiguero,Congreso 2026,Cámara,NA,5,CONSEJO COMUNITARIO UNIÍN DEL RÍO ROSARIO,2,282,59.0,341.0,0.5865102639296188
Corregimiento Hormiguero,Congreso 2026,Cámara,NA,5,CRISTIANOS POR COLOMBIA AFROS,1,282,59.0,341.0,0.2932551319648094
Corregimiento Hormiguero,Congreso 2026,Cámara,NA,5,"EXPRESIÓN AFRO, AMBIENTAL Y CULTURAL COLOMBIA CON DIGNIDAD",10,282,59.0,341.0,2.932551319648094
Corregimiento Hormiguero,Congreso 2026,Cámara,NA,5,FUNDACIÓN ARTÍSTICA CULTURAL SALSA Y RUMBA,1,282,59.0,341.0,0.2932551319648094
Corregimiento Hormiguero,Congreso 2026,Cámara,NA,5,"FUNDACIÓN ECOLÓGICA, RURAL Y URBANA DEL PACÍFICO ""FUNERPA""",1,282,59.0,341.0,0.2932551319648094
Corregimiento Hormiguero,Congreso 2026,Cámara,NA,5,FUNDACIÓN ORSUBA,3,282,59.0,341.0,0.8797653958944283
Corregimiento Hormiguero,Congreso 2026,Cámara,NA,5,LOS SABANEROS DEL CORREGIMIENTO DE MINGUILLO,1,282,59.0,341.0,0.2932551319648094
Corregimiento Hormiguero,Congreso 2026,Cámara,NA,5,OEAFROBOL,2,282,59.0,341.0,0.5865102639296188
Corregimiento Hormiguero,Congreso 2026,Cámara,NA,5,PARTIDO ECOLOGISTA COLOMBIANO,16,282,59.0,341.0,4.69208211143695
Corregimiento Hormiguero,Congreso 2026,Senado,NA,0,AHORA COLOMBIA,592,8060,247.0,8307.0,7.126519802576141
Corregimiento Hormiguero,Congreso 2026,Senado,NA,0,ALIANZA POR COLOMBIA,808,8060,247.0,8307.0,9.726736487299869
Corregimiento Hormiguero,Congreso 2026,Senado,NA,0,COALICIÓN CAMBIO RADICAL - ALMA,467,8060,247.0,8307.0,5.621764776694354
Corregimiento Hormiguero,Congreso 2026,Senado,NA,0,COALICIÓN FUERZA CIUDADANA,42,8060,247.0,8307.0,0.5055976886962802
Corregimiento Hormiguero,Congreso 2026,Senado,NA,0,COLOMBIA SEGURA Y PRÓSPERA,1,8060,247.0,8307.0,0.012038040207054292
Corregimiento Hormiguero,Congreso 2026,Senado,NA,0,CREEMOS,20,8060,247.0,8307.0,0.2407608041410858
Corregimiento Hormiguero,Congreso 2026,Senado,NA,0,FRENTE AMPLIO UNITARIO,160,8060,247.0,8307.0,1.9260864331286864
Corregimiento Hormiguero,Congreso 2026,Senado,NA,0,LA LISTA DE OVIEDO - CON TODA POR COLOMBIA,64,8060,247.0,8307.0,0.7704345732514747
Corregimiento Hormiguero,Congreso 2026,Senado,NA,0,MOVIMIENTO SALVACIÓN NACIONAL,727,8060,247.0,8307.0,8.75165523052847
Corregimiento Hormiguero,Congreso 2026,Senado,NA,0,PACTO HISTÓRICO SENADO,2264,8060,247.0,8307.0,27.254123028770916
Corregimiento Hormiguero,Congreso 2026,Senado,NA,0,PARTIDO CENTRO DEMOCRÁTICO,1596,8060,247.0,8307.0,19.212712170458648
Corregimiento Hormiguero,Congreso 2026,Senado,NA,0,PARTIDO CONSERVADOR COLOMBIANO,257,8060,247.0,8307.0,3.093776333212953
Corregimiento Hormiguero,Congreso 2026,Senado,NA,0,PARTIDO DE LA UNIÓN POR LA GENTE - PARTIDO DE LA U,557,8060,247.0,8307.0,6.705188395329241
Corregimiento Hormiguero,Congreso 2026,Senado,NA,0,PARTIDO LIBERAL COLOMBIANO,497,8060,247.0,8307.0,5.982905982905983
Corregimiento Hormiguero,Congreso 2026,Senado,NA,0,PARTIDO POLÍTICO OXÍGENO,3,8060,247.0,8307.0,0.03611412062116288
Corregimiento Hormiguero,Congreso 2026,Senado,NA,0,PATRIOTAS,5,8060,247.0,8307.0,0.06019020103527145
Corregimiento Hormiguero,Congreso 2026,Senado,NA,4,ASOCIACIÓN DE AUTORIDADES TRADICIONALES INDÍGENAS,5,16,9.0,25.0,20.0
Corregimiento Hormiguero,Congreso 2026,Senado,NA,4,ASOCIACIÓN DE CABILDOS INDÍGENAS POR COLOMBIA,1,16,9.0,25.0,4.0
Corregimiento Hormiguero,Congreso 2026,Senado,NA,4,"MOVIMIENTO ALTERNATIVO INDÍGENA Y SOCIAL ""MAIS""",4,16,9.0,25.0,16.0
Corregimiento Hormiguero,Congreso 2026,Senado,NA,4,"MOVIMIENTO AUTORIDADES INDÍGENAS DE COLOMBIA ""AICO""",1,16,9.0,25.0,4.0
Corregimiento Hormiguero,Congreso 2026,Senado,NA,4,MOVIMIENTO UNIDAD EN MINGA POR COLOMBIA,5,16,9.0,25.0,20.0
Corregimiento Hormiguero,Presidencia 2026,Presidencia,1V,0,ABELARDO DE LA ESPRIELLA,6692,13986,248.0,14234.0,47.014191372769425
Corregimiento Hormiguero,Presidencia 2026,Presidencia,1V,0,CLAUDIA LÓPEZ,115,13986,248.0,14234.0,0.8079246873682732
Corregimiento Hormiguero,Presidencia 2026,Presidencia,1V,0,IVÁN CEPEDA CASTRO,5060,13986,248.0,14234.0,35.54868624420402
Corregimiento Hormiguero,Presidencia 2026,Presidencia,1V,0,MIGUEL URIBE LONDOÑO,3,13986,248.0,14234.0,0.02107629619221582
Corregimiento Hormiguero,Presidencia 2026,Presidencia,1V,0,PALOMA VALENCIA LASERNA,883,13986,248.0,14234.0,6.203456512575523
Corregimiento Hormiguero,Presidencia 2026,Presidencia,1V,0,RAÚL SANTIAGO BOTERO JARAMILLO,32,13986,248.0,14234.0,0.2248138260503021
Corregimiento Hormiguero,Presidencia 2026,Presidencia,1V,0,ROY LEONARDO BARRERAS MONTEALEGRE,3,13986,248.0,14234.0,0.02107629619221582
Corregimiento Hormiguero,Presidencia 2026,Presidencia,1V,0,SERGIO FAJARDO VALDERRAMA,1179,13986,248.0,14234.0,8.282984403540818
Corregimiento Hormiguero,Presidencia 2026,Presidencia,1V,0,SONDRA MACOLLINS GARVIN PINTO,11,13986,248.0,14234.0,0.07727975270479134
Corregimiento Hormiguero,Presidencia 2026,Presidencia,1V,0,ÓSCAR MAURICIO LIZCANO ARANGO,8,13986,248.0,14234.0,0.05620345651257552
Corregimiento Hormiguero,Presidencia 2026,Presidencia,2V,0,ABELARDO DE LA ESPRIELLA,7633,13982,307.0,14289.0,53.41871369584995
Corregimiento Hormiguero,Presidencia 2026,Presidencia,2V,0,IVÁN CEPEDA CASTRO,6349,13982,307.0,14289.0,44.43278046049409
Corregimiento La Buitrera,Congreso 2026,Consultas,NA,0,"CONSULTA DE LAS SOLUCIONES: SALUD, SEGURIDAD Y EDUCACIÓN",90,1514,0.0,1514.0,5.9445178335535
Corregimiento La Buitrera,Congreso 2026,Consultas,NA,0,FRENTE POR LA VIDA,141,1514,0.0,1514.0,9.313077939233818
Corregimiento La Buitrera,Congreso 2026,Consultas,NA,0,LA GRAN CONSULTA POR COLOMBIA,1283,1514,0.0,1514.0,84.74240422721269
Corregimiento La Buitrera,Congreso 2026,Cámara,NA,1,AHORA COLOMBIA,310,5170,127.0,5297.0,5.85236926562205
Corregimiento La Buitrera,Congreso 2026,Cámara,NA,1,COALICIÓN FUERZA CIUDADANA,9,5170,127.0,5297.0,0.1699074948083821
Corregimiento La Buitrera,Congreso 2026,Cámara,NA,1,COALICIÓN LIBERAL - COLOMBIA RENACIENTE,327,5170,127.0,5297.0,6.17330564470455
Corregimiento La Buitrera,Congreso 2026,Cámara,NA,1,CR-CJL-LIGA DE GOBERNANTES,317,5170,127.0,5297.0,5.984519539361903
Corregimiento La Buitrera,Congreso 2026,Cámara,NA,1,FRENTE AMPLIO UNITARIO,36,5170,127.0,5297.0,0.6796299792335284
Corregimiento La Buitrera,Congreso 2026,Cámara,NA,1,"MOVIMIENTO AUTORIDADES INDÍGENAS DE COLOMBIA ""AICO""",5,5170,127.0,5297.0,0.09439305267132339
Corregimiento La Buitrera,Congreso 2026,Cámara,NA,1,MOVIMIENTO POLÍTICO PACTO HISTÓRICO,2260,5170,127.0,5297.0,42.665659807438175
Corregimiento La Buitrera,Congreso 2026,Cámara,NA,1,MOVIMIENTO SALVACIÓN NACIONAL,280,5170,127.0,5297.0,5.286010949594109
Corregimiento La Buitrera,Congreso 2026,Cámara,NA,1,PARTIDO ALIANZA VERDE,176,5170,127.0,5297.0,3.3226354540305834
Corregimiento La Buitrera,Congreso 2026,Cámara,NA,1,PARTIDO CENTRO DEMOCRÁTICO,716,5170,127.0,5297.0,13.51708514253351
Corregimiento La Buitrera,Congreso 2026,Cámara,NA,1,PARTIDO CONSERVADOR COLOMBIANO,162,5170,127.0,5297.0,3.058334906550878
Corregimiento La Buitrera,Congreso 2026,Cámara,NA,1,PARTIDO DE LA UNIÓN POR LA GENTE - PARTIDO DE LA U,557,5170,127.0,5297.0,10.515386067585426
Corregimiento La Buitrera,Congreso 2026,Cámara,NA,1,PARTIDO DEMÓCRATA COLOMBIANO,8,5170,127.0,5297.0,0.15102888427411743
Corregimiento La Buitrera,Congreso 2026,Cámara,NA,1,PARTIDO POLÍTICO OXÍGENO,7,5170,127.0,5297.0,0.13215027373985275
Corregimiento La Buitrera,Congreso 2026,Cámara,NA,4,ACMIZSAM,2,10,4.0,14.0,14.285714285714285
Corregimiento La Buitrera,Congreso 2026,Cámara,NA,4,ASOCIACIÓN DE CABILDOS INDÍGENAS ZENÚ ORICO,1,10,4.0,14.0,7.142857142857142
Corregimiento La Buitrera,Congreso 2026,Cámara,NA,4,"ASOCIACIÓN NACIONAL INDÍGENA DE COLOMBIA ""ANIC""",1,10,4.0,14.0,7.142857142857142
Corregimiento La Buitrera,Congreso 2026,Cámara,NA,4,"MOVIMIENTO ALTERNATIVO INDÍGENA Y SOCIAL ""MAIS""",3,10,4.0,14.0,21.428571428571427
Corregimiento La Buitrera,Congreso 2026,Cámara,NA,4,MOVIMIENTO UNIDAD EN MINGA POR COLOMBIA,3,10,4.0,14.0,21.428571428571427
Corregimiento La Buitrera,Congreso 2026,Cámara,NA,5,AFROSLIBRES,1,59,43.0,102.0,0.9803921568627451
Corregimiento La Buitrera,Congreso 2026,Cámara,NA,5,C.C. DE LA COMUNIDAD NEGRA DE LA VEREDA EL ESFUERZO,1,59,43.0,102.0,0.9803921568627451
Corregimiento La Buitrera,Congreso 2026,Cámara,NA,5,CONSEJO COMUNITARIO AFROÉTNICO DE RISARALDA,1,59,43.0,102.0,0.9803921568627451
Corregimiento La Buitrera,Congreso 2026,Cámara,NA,5,CONSEJO COMUNITARIO CASIMIRO MEZA MENDOZA-COCONEBO,1,59,43.0,102.0,0.9803921568627451
Corregimiento La Buitrera,Congreso 2026,Cámara,NA,5,CONSEJO COMUNITARIO DE COMUNIDADES NEGRAS CUENCA RÍO OVEJAS,2,59,43.0,102.0,1.9607843137254901
Corregimiento La Buitrera,Congreso 2026,Cámara,NA,5,CONSEJO COMUNITARIO DE LA COMUNIDAD NEGRA DE LIMONES,4,59,43.0,102.0,3.9215686274509802
Corregimiento La Buitrera,Congreso 2026,Cámara,NA,5,CONSEJO COMUNITARIO EL NARANJO,28,59,43.0,102.0,27.450980392156865
Corregimiento La Buitrera,Congreso 2026,Cámara,NA,5,CONSEJO COMUNITARIO LA GRAN VÍA DE LOS REMEDIOS,15,59,43.0,102.0,14.705882352941178
Corregimiento La Buitrera,Congreso 2026,Cámara,NA,5,CONSEJO COMUNITARIO MANUEL ZAPATA OLIVELLA DE SAN ANTERO,2,59,43.0,102.0,1.9607843137254901
Corregimiento La Buitrera,Congreso 2026,Cámara,NA,5,CONSEJO COMUNITARIO NEGROS UNIDOS,1,59,43.0,102.0,0.9803921568627451
Corregimiento La Buitrera,Congreso 2026,Cámara,NA,5,PARTIDO ECOLOGISTA COLOMBIANO,3,59,43.0,102.0,2.941176470588235
Corregimiento La Buitrera,Congreso 2026,Senado,NA,0,AHORA COLOMBIA,306,5281,136.0,5417.0,5.648883145652575
Corregimiento La Buitrera,Congreso 2026,Senado,NA,0,ALIANZA POR COLOMBIA,313,5281,136.0,5417.0,5.778105962709986
Corregimiento La Buitrera,Congreso 2026,Senado,NA,0,COALICIÓN CAMBIO RADICAL - ALMA,267,5281,136.0,5417.0,4.928927450618423
Corregimiento La Buitrera,Congreso 2026,Senado,NA,0,COALICIÓN FUERZA CIUDADANA,18,5281,136.0,5417.0,0.3322872438619162
Corregimiento La Buitrera,Congreso 2026,Senado,NA,0,COLOMBIA SEGURA Y PRÓSPERA,4,5281,136.0,5417.0,0.07384160974709249
Corregimiento La Buitrera,Congreso 2026,Senado,NA,0,CREEMOS,5,5281,136.0,5417.0,0.0923020121838656
Corregimiento La Buitrera,Congreso 2026,Senado,NA,0,FRENTE AMPLIO UNITARIO,77,5281,136.0,5417.0,1.4214509876315304
Corregimiento La Buitrera,Congreso 2026,Senado,NA,0,LA LISTA DE OVIEDO - CON TODA POR COLOMBIA,18,5281,136.0,5417.0,0.3322872438619162
Corregimiento La Buitrera,Congreso 2026,Senado,NA,0,MOVIMIENTO SALVACIÓN NACIONAL,324,5281,136.0,5417.0,5.981170389514491
Corregimiento La Buitrera,Congreso 2026,Senado,NA,0,PACTO HISTÓRICO SENADO,2292,5281,136.0,5417.0,42.311242385084
Corregimiento La Buitrera,Congreso 2026,Senado,NA,0,PARTIDO CENTRO DEMOCRÁTICO,740,5281,136.0,5417.0,13.660697803212111
Corregimiento La Buitrera,Congreso 2026,Senado,NA,0,PARTIDO CONSERVADOR COLOMBIANO,151,5281,136.0,5417.0,2.787520767952741
Corregimiento La Buitrera,Congreso 2026,Senado,NA,0,PARTIDO DE LA UNIÓN POR LA GENTE - PARTIDO DE LA U,490,5281,136.0,5417.0,9.04559719401883
Corregimiento La Buitrera,Congreso 2026,Senado,NA,0,PARTIDO LIBERAL COLOMBIANO,263,5281,136.0,5417.0,4.855085840871331
Corregimiento La Buitrera,Congreso 2026,Senado,NA,0,PARTIDO POLÍTICO OXÍGENO,11,5281,136.0,5417.0,0.20306442680450434
Corregimiento La Buitrera,Congreso 2026,Senado,NA,0,PATRIOTAS,2,5281,136.0,5417.0,0.036920804873546244
Corregimiento La Buitrera,Congreso 2026,Senado,NA,4,ACMIZSAM,1,9,18.0,27.0,3.7037037037037033
Corregimiento La Buitrera,Congreso 2026,Senado,NA,4,ASOCIACIÓN DE AUTORIDADES TRADICIONALES INDÍGENAS,1,9,18.0,27.0,3.7037037037037033
Corregimiento La Buitrera,Congreso 2026,Senado,NA,4,"ASOCIACIÓN NACIONAL INDÍGENA DE COLOMBIA ""ANIC""",1,9,18.0,27.0,3.7037037037037033
Corregimiento La Buitrera,Congreso 2026,Senado,NA,4,"MOVIMIENTO ALTERNATIVO INDÍGENA Y SOCIAL ""MAIS""",2,9,18.0,27.0,7.4074074074074066
Corregimiento La Buitrera,Congreso 2026,Senado,NA,4,MOVIMIENTO UNIDAD EN MINGA POR COLOMBIA,4,9,18.0,27.0,14.814814814814813
Corregimiento La Buitrera,Presidencia 2026,Presidencia,1V,0,ABELARDO DE LA ESPRIELLA,2554,7057,129.0,7186.0,35.541330364597826
Corregimiento La Buitrera,Presidencia 2026,Presidencia,1V,0,CLAUDIA LÓPEZ,50,7057,129.0,7186.0,0.695797383801837
Corregimiento La Buitrera,Presidencia 2026,Presidencia,1V,0,GUSTAVO MATAMOROS CAMACHO,3,7057,129.0,7186.0,0.041747843028110215
Corregimiento La Buitrera,Presidencia 2026,Presidencia,1V,0,IVÁN CEPEDA CASTRO,3698,7057,129.0,7186.0,51.461174505983855
Corregimiento La Buitrera,Presidencia 2026,Presidencia,1V,0,MIGUEL URIBE LONDOÑO,14,7057,129.0,7186.0,0.19482326746451434
Corregimiento La Buitrera,Presidencia 2026,Presidencia,1V,0,PALOMA VALENCIA LASERNA,421,7057,129.0,7186.0,5.858613971611467
Corregimiento La Buitrera,Presidencia 2026,Presidencia,1V,0,RAÚL SANTIAGO BOTERO JARAMILLO,49,7057,129.0,7186.0,0.6818814361258001
Corregimiento La Buitrera,Presidencia 2026,Presidencia,1V,0,ROY LEONARDO BARRERAS MONTEALEGRE,2,7057,129.0,7186.0,0.027831895352073477
Corregimiento La Buitrera,Presidencia 2026,Presidencia,1V,0,SERGIO FAJARDO VALDERRAMA,244,7057,129.0,7186.0,3.3954912329529643
Corregimiento La Buitrera,Presidencia 2026,Presidencia,1V,0,SONDRA MACOLLINS GARVIN PINTO,9,7057,129.0,7186.0,0.12524352908433065
Corregimiento La Buitrera,Presidencia 2026,Presidencia,1V,0,ÓSCAR MAURICIO LIZCANO ARANGO,13,7057,129.0,7186.0,0.18090731978847757
Corregimiento La Buitrera,Presidencia 2026,Presidencia,2V,0,ABELARDO DE LA ESPRIELLA,2979,7641,117.0,7758.0,38.39907192575406
Corregimiento La Buitrera,Presidencia 2026,Presidencia,2V,0,IVÁN CEPEDA CASTRO,4662,7641,117.0,7758.0,60.092807424593964
Corregimiento La Castilla,Congreso 2026,Consultas,NA,0,"CONSULTA DE LAS SOLUCIONES: SALUD, SEGURIDAD Y EDUCACIÓN",5,113,0.0,113.0,4.424778761061947
Corregimiento La Castilla,Congreso 2026,Consultas,NA,0,FRENTE POR LA VIDA,25,113,0.0,113.0,22.123893805309734
Corregimiento La Castilla,Congreso 2026,Consultas,NA,0,LA GRAN CONSULTA POR COLOMBIA,83,113,0.0,113.0,73.45132743362832
Corregimiento La Castilla,Congreso 2026,Cámara,NA,1,AHORA COLOMBIA,12,443,12.0,455.0,2.6373626373626373
Corregimiento La Castilla,Congreso 2026,Cámara,NA,1,COALICIÓN FUERZA CIUDADANA,1,443,12.0,455.0,0.21978021978021978
Corregimiento La Castilla,Congreso 2026,Cámara,NA,1,COALICIÓN LIBERAL - COLOMBIA RENACIENTE,8,443,12.0,455.0,1.7582417582417582
Corregimiento La Castilla,Congreso 2026,Cámara,NA,1,CR-CJL-LIGA DE GOBERNANTES,21,443,12.0,455.0,4.615384615384616
Corregimiento La Castilla,Congreso 2026,Cámara,NA,1,MOVIMIENTO POLÍTICO PACTO HISTÓRICO,146,443,12.0,455.0,32.08791208791209
Corregimiento La Castilla,Congreso 2026,Cámara,NA,1,MOVIMIENTO SALVACIÓN NACIONAL,5,443,12.0,455.0,1.098901098901099
Corregimiento La Castilla,Congreso 2026,Cámara,NA,1,PARTIDO ALIANZA VERDE,41,443,12.0,455.0,9.010989010989011
Corregimiento La Castilla,Congreso 2026,Cámara,NA,1,PARTIDO CENTRO DEMOCRÁTICO,47,443,12.0,455.0,10.329670329670328
Corregimiento La Castilla,Congreso 2026,Cámara,NA,1,PARTIDO CONSERVADOR COLOMBIANO,14,443,12.0,455.0,3.076923076923077
Corregimiento La Castilla,Congreso 2026,Cámara,NA,1,PARTIDO DE LA UNIÓN POR LA GENTE - PARTIDO DE LA U,143,443,12.0,455.0,31.428571428571427
Corregimiento La Castilla,Congreso 2026,Cámara,NA,1,PARTIDO DEMÓCRATA COLOMBIANO,5,443,12.0,455.0,1.098901098901099
Corregimiento La Castilla,Congreso 2026,Cámara,NA,5,COCOPEMA,1,4,0.0,4.0,25.0
Corregimiento La Castilla,Congreso 2026,Cámara,NA,5,CONSEJO COMUNITARIO EL NARANJO,2,4,0.0,4.0,50.0
Corregimiento La Castilla,Congreso 2026,Cámara,NA,5,CONSEJO COMUNITARIO LA GRAN VÍA DE LOS REMEDIOS,1,4,0.0,4.0,25.0
Corregimiento La Castilla,Congreso 2026,Senado,NA,0,AHORA COLOMBIA,10,462,10.0,472.0,2.11864406779661
Corregimiento La Castilla,Congreso 2026,Senado,NA,0,ALIANZA POR COLOMBIA,52,462,10.0,472.0,11.016949152542372
Corregimiento La Castilla,Congreso 2026,Senado,NA,0,COALICIÓN CAMBIO RADICAL - ALMA,7,462,10.0,472.0,1.4830508474576272
Corregimiento La Castilla,Congreso 2026,Senado,NA,0,COALICIÓN FUERZA CIUDADANA,1,462,10.0,472.0,0.211864406779661
Corregimiento La Castilla,Congreso 2026,Senado,NA,0,FRENTE AMPLIO UNITARIO,1,462,10.0,472.0,0.211864406779661
Corregimiento La Castilla,Congreso 2026,Senado,NA,0,MOVIMIENTO SALVACIÓN NACIONAL,6,462,10.0,472.0,1.2711864406779663
Corregimiento La Castilla,Congreso 2026,Senado,NA,0,PACTO HISTÓRICO SENADO,161,462,10.0,472.0,34.11016949152542
Corregimiento La Castilla,Congreso 2026,Senado,NA,0,PARTIDO CENTRO DEMOCRÁTICO,43,462,10.0,472.0,9.110169491525424
Corregimiento La Castilla,Congreso 2026,Senado,NA,0,PARTIDO CONSERVADOR COLOMBIANO,10,462,10.0,472.0,2.11864406779661
Corregimiento La Castilla,Congreso 2026,Senado,NA,0,PARTIDO DE LA UNIÓN POR LA GENTE - PARTIDO DE LA U,161,462,10.0,472.0,34.11016949152542
Corregimiento La Castilla,Congreso 2026,Senado,NA,0,PARTIDO LIBERAL COLOMBIANO,10,462,10.0,472.0,2.11864406779661
Corregimiento La Castilla,Congreso 2026,Senado,NA,4,"MOVIMIENTO ALTERNATIVO INDÍGENA Y SOCIAL ""MAIS""",1,1,0.0,1.0,100.0
Corregimiento La Castilla,Presidencia 2026,Presidencia,1V,0,ABELARDO DE LA ESPRIELLA,127,540,11.0,551.0,23.049001814882033
Corregimiento La Castilla,Presidencia 2026,Presidencia,1V,0,IVÁN CEPEDA CASTRO,357,540,11.0,551.0,64.7912885662432
Corregimiento La Castilla,Presidencia 2026,Presidencia,1V,0,PALOMA VALENCIA LASERNA,42,540,11.0,551.0,7.6225045372050815
Corregimiento La Castilla,Presidencia 2026,Presidencia,1V,0,RAÚL SANTIAGO BOTERO JARAMILLO,4,540,11.0,551.0,0.7259528130671506
Corregimiento La Castilla,Presidencia 2026,Presidencia,1V,0,SERGIO FAJARDO VALDERRAMA,9,540,11.0,551.0,1.6333938294010888
Corregimiento La Castilla,Presidencia 2026,Presidencia,1V,0,ÓSCAR MAURICIO LIZCANO ARANGO,1,540,11.0,551.0,0.18148820326678766
Corregimiento La Castilla,Presidencia 2026,Presidencia,2V,0,ABELARDO DE LA ESPRIELLA,194,638,11.0,649.0,29.892141756548536
Corregimiento La Castilla,Presidencia 2026,Presidencia,2V,0,IVÁN CEPEDA CASTRO,444,638,11.0,649.0,68.41294298921417
Corregimiento La Elvira,Congreso 2026,Consultas,NA,0,"CONSULTA DE LAS SOLUCIONES: SALUD, SEGURIDAD Y EDUCACIÓN",5,84,0.0,84.0,5.952380952380952
Corregimiento La Elvira,Congreso 2026,Consultas,NA,0,FRENTE POR LA VIDA,12,84,0.0,84.0,14.285714285714285
Corregimiento La Elvira,Congreso 2026,Consultas,NA,0,LA GRAN CONSULTA POR COLOMBIA,67,84,0.0,84.0,79.76190476190477
Corregimiento La Elvira,Congreso 2026,Cámara,NA,1,AHORA COLOMBIA,7,473,12.0,485.0,1.443298969072165
Corregimiento La Elvira,Congreso 2026,Cámara,NA,1,COALICIÓN LIBERAL - COLOMBIA RENACIENTE,23,473,12.0,485.0,4.742268041237113
Corregimiento La Elvira,Congreso 2026,Cámara,NA,1,CR-CJL-LIGA DE GOBERNANTES,18,473,12.0,485.0,3.711340206185567
Corregimiento La Elvira,Congreso 2026,Cámara,NA,1,FRENTE AMPLIO UNITARIO,2,473,12.0,485.0,0.4123711340206186
Corregimiento La Elvira,Congreso 2026,Cámara,NA,1,MOVIMIENTO POLÍTICO PACTO HISTÓRICO,199,473,12.0,485.0,41.03092783505154
Corregimiento La Elvira,Congreso 2026,Cámara,NA,1,MOVIMIENTO SALVACIÓN NACIONAL,22,473,12.0,485.0,4.536082474226804
Corregimiento La Elvira,Congreso 2026,Cámara,NA,1,PARTIDO ALIANZA VERDE,6,473,12.0,485.0,1.2371134020618557
Corregimiento La Elvira,Congreso 2026,Cámara,NA,1,PARTIDO CENTRO DEMOCRÁTICO,47,473,12.0,485.0,9.690721649484537
Corregimiento La Elvira,Congreso 2026,Cámara,NA,1,PARTIDO CONSERVADOR COLOMBIANO,5,473,12.0,485.0,1.0309278350515463
Corregimiento La Elvira,Congreso 2026,Cámara,NA,1,PARTIDO DE LA UNIÓN POR LA GENTE - PARTIDO DE LA U,144,473,12.0,485.0,29.690721649484537
Corregimiento La Elvira,Congreso 2026,Senado,NA,0,AHORA COLOMBIA,9,471,13.0,484.0,1.859504132231405
Corregimiento La Elvira,Congreso 2026,Senado,NA,0,ALIANZA POR COLOMBIA,13,471,13.0,484.0,2.6859504132231407
Corregimiento La Elvira,Congreso 2026,Senado,NA,0,COALICIÓN CAMBIO RADICAL - ALMA,7,471,13.0,484.0,1.4462809917355373
Corregimiento La Elvira,Congreso 2026,Senado,NA,0,COALICIÓN FUERZA CIUDADANA,2,471,13.0,484.0,0.4132231404958678
Corregimiento La Elvira,Congreso 2026,Senado,NA,0,CREEMOS,3,471,13.0,484.0,0.6198347107438017
Corregimiento La Elvira,Congreso 2026,Senado,NA,0,MOVIMIENTO SALVACIÓN NACIONAL,20,471,13.0,484.0,4.132231404958678
Corregimiento La Elvira,Congreso 2026,Senado,NA,0,PACTO HISTÓRICO SENADO,200,471,13.0,484.0,41.32231404958678
Corregimiento La Elvira,Congreso 2026,Senado,NA,0,PARTIDO CENTRO DEMOCRÁTICO,38,471,13.0,484.0,7.851239669421488
Corregimiento La Elvira,Congreso 2026,Senado,NA,0,PARTIDO CONSERVADOR COLOMBIANO,9,471,13.0,484.0,1.859504132231405
Corregimiento La Elvira,Congreso 2026,Senado,NA,0,PARTIDO DE LA UNIÓN POR LA GENTE - PARTIDO DE LA U,146,471,13.0,484.0,30.165289256198346
Corregimiento La Elvira,Congreso 2026,Senado,NA,0,PARTIDO LIBERAL COLOMBIANO,21,471,13.0,484.0,4.338842975206612
Corregimiento La Elvira,Congreso 2026,Senado,NA,0,PARTIDO POLÍTICO OXÍGENO,2,471,13.0,484.0,0.4132231404958678
Corregimiento La Elvira,Congreso 2026,Senado,NA,0,PATRIOTAS,1,471,13.0,484.0,0.2066115702479339
Corregimiento La Elvira,Presidencia 2026,Presidencia,1V,0,ABELARDO DE LA ESPRIELLA,206,640,12.0,652.0,31.595092024539877
Corregimiento La Elvira,Presidencia 2026,Presidencia,1V,0,CLAUDIA LÓPEZ,3,640,12.0,652.0,0.4601226993865031
Corregimiento La Elvira,Presidencia 2026,Presidencia,1V,0,IVÁN CEPEDA CASTRO,340,640,12.0,652.0,52.14723926380368
Corregimiento La Elvira,Presidencia 2026,Presidencia,1V,0,MIGUEL URIBE LONDOÑO,1,640,12.0,652.0,0.15337423312883436
Corregimiento La Elvira,Presidencia 2026,Presidencia,1V,0,PALOMA VALENCIA LASERNA,73,640,12.0,652.0,11.196319018404909
Corregimiento La Elvira,Presidencia 2026,Presidencia,1V,0,RAÚL SANTIAGO BOTERO JARAMILLO,3,640,12.0,652.0,0.4601226993865031
Corregimiento La Elvira,Presidencia 2026,Presidencia,1V,0,SERGIO FAJARDO VALDERRAMA,9,640,12.0,652.0,1.3803680981595092
Corregimiento La Elvira,Presidencia 2026,Presidencia,1V,0,SONDRA MACOLLINS GARVIN PINTO,1,640,12.0,652.0,0.15337423312883436
Corregimiento La Elvira,Presidencia 2026,Presidencia,1V,0,ÓSCAR MAURICIO LIZCANO ARANGO,4,640,12.0,652.0,0.6134969325153374
Corregimiento La Elvira,Presidencia 2026,Presidencia,2V,0,ABELARDO DE LA ESPRIELLA,306,727,14.0,741.0,41.29554655870445
Corregimiento La Elvira,Presidencia 2026,Presidencia,2V,0,IVÁN CEPEDA CASTRO,421,727,14.0,741.0,56.81511470985156
Corregimiento La Leonera,Congreso 2026,Consultas,NA,0,"CONSULTA DE LAS SOLUCIONES: SALUD, SEGURIDAD Y EDUCACIÓN",7,40,0.0,40.0,17.5
Corregimiento La Leonera,Congreso 2026,Consultas,NA,0,FRENTE POR LA VIDA,5,40,0.0,40.0,12.5
Corregimiento La Leonera,Congreso 2026,Consultas,NA,0,LA GRAN CONSULTA POR COLOMBIA,28,40,0.0,40.0,70.0
Corregimiento La Leonera,Congreso 2026,Cámara,NA,1,AHORA COLOMBIA,7,372,0.0,372.0,1.881720430107527
Corregimiento La Leonera,Congreso 2026,Cámara,NA,1,COALICIÓN FUERZA CIUDADANA,1,372,0.0,372.0,0.2688172043010753
Corregimiento La Leonera,Congreso 2026,Cámara,NA,1,COALICIÓN LIBERAL - COLOMBIA RENACIENTE,19,372,0.0,372.0,5.10752688172043
Corregimiento La Leonera,Congreso 2026,Cámara,NA,1,CR-CJL-LIGA DE GOBERNANTES,5,372,0.0,372.0,1.3440860215053763
Corregimiento La Leonera,Congreso 2026,Cámara,NA,1,FRENTE AMPLIO UNITARIO,1,372,0.0,372.0,0.2688172043010753
Corregimiento La Leonera,Congreso 2026,Cámara,NA,1,MOVIMIENTO POLÍTICO PACTO HISTÓRICO,195,372,0.0,372.0,52.41935483870967
Corregimiento La Leonera,Congreso 2026,Cámara,NA,1,MOVIMIENTO SALVACIÓN NACIONAL,7,372,0.0,372.0,1.881720430107527
Corregimiento La Leonera,Congreso 2026,Cámara,NA,1,PARTIDO ALIANZA VERDE,24,372,0.0,372.0,6.451612903225806
Corregimiento La Leonera,Congreso 2026,Cámara,NA,1,PARTIDO CENTRO DEMOCRÁTICO,21,372,0.0,372.0,5.64516129032258
Corregimiento La Leonera,Congreso 2026,Cámara,NA,1,PARTIDO CONSERVADOR COLOMBIANO,4,372,0.0,372.0,1.0752688172043012
Corregimiento La Leonera,Congreso 2026,Cámara,NA,1,PARTIDO DE LA UNIÓN POR LA GENTE - PARTIDO DE LA U,86,372,0.0,372.0,23.118279569892472
Corregimiento La Leonera,Congreso 2026,Cámara,NA,1,PARTIDO DEMÓCRATA COLOMBIANO,1,372,0.0,372.0,0.2688172043010753
Corregimiento La Leonera,Congreso 2026,Cámara,NA,1,PARTIDO POLÍTICO OXÍGENO,1,372,0.0,372.0,0.2688172043010753
Corregimiento La Leonera,Congreso 2026,Cámara,NA,5,CONSEJO COMUNITARIO EL NARANJO,4,6,2.0,8.0,50.0
Corregimiento La Leonera,Congreso 2026,Cámara,NA,5,CONSEJO COMUNITARIO LA GRAN VÍA DE LOS REMEDIOS,1,6,2.0,8.0,12.5
Corregimiento La Leonera,Congreso 2026,Cámara,NA,5,CONSEJO COMUNITARIO MANUEL ZAPATA OLIVELLA DE SAN ANTERO,1,6,2.0,8.0,12.5
Corregimiento La Leonera,Congreso 2026,Senado,NA,0,AHORA COLOMBIA,3,372,4.0,376.0,0.7978723404255319
Corregimiento La Leonera,Congreso 2026,Senado,NA,0,ALIANZA POR COLOMBIA,17,372,4.0,376.0,4.521276595744681
Corregimiento La Leonera,Congreso 2026,Senado,NA,0,COALICIÓN CAMBIO RADICAL - ALMA,6,372,4.0,376.0,1.5957446808510638
Corregimiento La Leonera,Congreso 2026,Senado,NA,0,COLOMBIA SEGURA Y PRÓSPERA,1,372,4.0,376.0,0.26595744680851063
Corregimiento La Leonera,Congreso 2026,Senado,NA,0,FRENTE AMPLIO UNITARIO,2,372,4.0,376.0,0.5319148936170213
Corregimiento La Leonera,Congreso 2026,Senado,NA,0,MOVIMIENTO SALVACIÓN NACIONAL,11,372,4.0,376.0,2.925531914893617
Corregimiento La Leonera,Congreso 2026,Senado,NA,0,PACTO HISTÓRICO SENADO,219,372,4.0,376.0,58.24468085106383
Corregimiento La Leonera,Congreso 2026,Senado,NA,0,PARTIDO CENTRO DEMOCRÁTICO,20,372,4.0,376.0,5.319148936170213
Corregimiento La Leonera,Congreso 2026,Senado,NA,0,PARTIDO CONSERVADOR COLOMBIANO,1,372,4.0,376.0,0.26595744680851063
Corregimiento La Leonera,Congreso 2026,Senado,NA,0,PARTIDO DE LA UNIÓN POR LA GENTE - PARTIDO DE LA U,72,372,4.0,376.0,19.148936170212767
Corregimiento La Leonera,Congreso 2026,Senado,NA,0,PARTIDO LIBERAL COLOMBIANO,20,372,4.0,376.0,5.319148936170213
Corregimiento La Leonera,Congreso 2026,Senado,NA,4,MOVIMIENTO SI,1,1,0.0,1.0,100.0
Corregimiento La Leonera,Presidencia 2026,Presidencia,1V,0,ABELARDO DE LA ESPRIELLA,121,531,12.0,543.0,22.283609576427256
Corregimiento La Leonera,Presidencia 2026,Presidencia,1V,0,CLAUDIA LÓPEZ,4,531,12.0,543.0,0.7366482504604052
Corregimiento La Leonera,Presidencia 2026,Presidencia,1V,0,IVÁN CEPEDA CASTRO,380,531,12.0,543.0,69.9815837937385
Corregimiento La Leonera,Presidencia 2026,Presidencia,1V,0,PALOMA VALENCIA LASERNA,19,531,12.0,543.0,3.4990791896869244
Corregimiento La Leonera,Presidencia 2026,Presidencia,1V,0,SERGIO FAJARDO VALDERRAMA,7,531,12.0,543.0,1.289134438305709
Corregimiento La Leonera,Presidencia 2026,Presidencia,2V,0,ABELARDO DE LA ESPRIELLA,130,601,6.0,607.0,21.4168039538715
Corregimiento La Leonera,Presidencia 2026,Presidencia,2V,0,IVÁN CEPEDA CASTRO,471,601,6.0,607.0,77.59472817133442
Corregimiento La Paz,Congreso 2026,Consultas,NA,0,"CONSULTA DE LAS SOLUCIONES: SALUD, SEGURIDAD Y EDUCACIÓN",5,78,0.0,78.0,6.41025641025641
Corregimiento La Paz,Congreso 2026,Consultas,NA,0,FRENTE POR LA VIDA,14,78,0.0,78.0,17.94871794871795
Corregimiento La Paz,Congreso 2026,Consultas,NA,0,LA GRAN CONSULTA POR COLOMBIA,59,78,0.0,78.0,75.64102564102564
Corregimiento La Paz,Congreso 2026,Cámara,NA,1,AHORA COLOMBIA,32,355,7.0,362.0,8.83977900552486
Corregimiento La Paz,Congreso 2026,Cámara,NA,1,COALICIÓN LIBERAL - COLOMBIA RENACIENTE,30,355,7.0,362.0,8.287292817679557
Corregimiento La Paz,Congreso 2026,Cámara,NA,1,CR-CJL-LIGA DE GOBERNANTES,26,355,7.0,362.0,7.18232044198895
Corregimiento La Paz,Congreso 2026,Cámara,NA,1,FRENTE AMPLIO UNITARIO,1,355,7.0,362.0,0.2762430939226519
Corregimiento La Paz,Congreso 2026,Cámara,NA,1,MOVIMIENTO POLÍTICO PACTO HISTÓRICO,121,355,7.0,362.0,33.42541436464088
Corregimiento La Paz,Congreso 2026,Cámara,NA,1,MOVIMIENTO SALVACIÓN NACIONAL,4,355,7.0,362.0,1.1049723756906076
Corregimiento La Paz,Congreso 2026,Cámara,NA,1,PARTIDO ALIANZA VERDE,12,355,7.0,362.0,3.314917127071823
Corregimiento La Paz,Congreso 2026,Cámara,NA,1,PARTIDO CENTRO DEMOCRÁTICO,49,355,7.0,362.0,13.535911602209943
Corregimiento La Paz,Congreso 2026,Cámara,NA,1,PARTIDO CONSERVADOR COLOMBIANO,22,355,7.0,362.0,6.077348066298343
Corregimiento La Paz,Congreso 2026,Cámara,NA,1,PARTIDO DE LA UNIÓN POR LA GENTE - PARTIDO DE LA U,58,355,7.0,362.0,16.022099447513813
Corregimiento La Paz,Congreso 2026,Cámara,NA,4,"MOVIMIENTO ALTERNATIVO INDÍGENA Y SOCIAL ""MAIS""",2,2,0.0,2.0,100.0
Corregimiento La Paz,Congreso 2026,Cámara,NA,5,CONSEJO COMUNITARIO DE COMUNIDADES NEGRAS CUENCA RÍO OVEJAS,1,2,0.0,2.0,50.0
Corregimiento La Paz,Congreso 2026,Cámara,NA,5,CONSEJO COMUNITARIO EL NARANJO,1,2,0.0,2.0,50.0
Corregimiento La Paz,Congreso 2026,Senado,NA,0,AHORA COLOMBIA,18,345,7.0,352.0,5.113636363636364
Corregimiento La Paz,Congreso 2026,Senado,NA,0,ALIANZA POR COLOMBIA,26,345,7.0,352.0,7.386363636363637
Corregimiento La Paz,Congreso 2026,Senado,NA,0,COALICIÓN CAMBIO RADICAL - ALMA,28,345,7.0,352.0,7.954545454545454
Corregimiento La Paz,Congreso 2026,Senado,NA,0,CREEMOS,1,345,7.0,352.0,0.2840909090909091
Corregimiento La Paz,Congreso 2026,Senado,NA,0,FRENTE AMPLIO UNITARIO,5,345,7.0,352.0,1.4204545454545454
Corregimiento La Paz,Congreso 2026,Senado,NA,0,MOVIMIENTO SALVACIÓN NACIONAL,10,345,7.0,352.0,2.840909090909091
Corregimiento La Paz,Congreso 2026,Senado,NA,0,PACTO HISTÓRICO SENADO,117,345,7.0,352.0,33.23863636363637
Corregimiento La Paz,Congreso 2026,Senado,NA,0,PARTIDO CENTRO DEMOCRÁTICO,32,345,7.0,352.0,9.090909090909092
Corregimiento La Paz,Congreso 2026,Senado,NA,0,PARTIDO CONSERVADOR COLOMBIANO,19,345,7.0,352.0,5.3977272727272725
Corregimiento La Paz,Congreso 2026,Senado,NA,0,PARTIDO DE LA UNIÓN POR LA GENTE - PARTIDO DE LA U,54,345,7.0,352.0,15.340909090909092
Corregimiento La Paz,Congreso 2026,Senado,NA,0,PARTIDO LIBERAL COLOMBIANO,35,345,7.0,352.0,9.943181818181818
Corregimiento La Paz,Presidencia 2026,Presidencia,1V,0,ABELARDO DE LA ESPRIELLA,120,397,12.0,409.0,29.3398533007335
Corregimiento La Paz,Presidencia 2026,Presidencia,1V,0,CLAUDIA LÓPEZ,3,397,12.0,409.0,0.7334963325183375
Corregimiento La Paz,Presidencia 2026,Presidencia,1V,0,IVÁN CEPEDA CASTRO,249,397,12.0,409.0,60.880195599022
Corregimiento La Paz,Presidencia 2026,Presidencia,1V,0,PALOMA VALENCIA LASERNA,17,397,12.0,409.0,4.156479217603912
Corregimiento La Paz,Presidencia 2026,Presidencia,1V,0,RAÚL SANTIAGO BOTERO JARAMILLO,4,397,12.0,409.0,0.9779951100244498
Corregimiento La Paz,Presidencia 2026,Presidencia,1V,0,SERGIO FAJARDO VALDERRAMA,4,397,12.0,409.0,0.9779951100244498
Corregimiento La Paz,Presidencia 2026,Presidencia,2V,0,ABELARDO DE LA ESPRIELLA,142,460,6.0,466.0,30.472103004291846
Corregimiento La Paz,Presidencia 2026,Presidencia,2V,0,IVÁN CEPEDA CASTRO,318,460,6.0,466.0,68.24034334763948
Corregimiento Los Andes,Congreso 2026,Consultas,NA,0,"CONSULTA DE LAS SOLUCIONES: SALUD, SEGURIDAD Y EDUCACIÓN",10,128,0.0,128.0,7.8125
Corregimiento Los Andes,Congreso 2026,Consultas,NA,0,FRENTE POR LA VIDA,22,128,0.0,128.0,17.1875
Corregimiento Los Andes,Congreso 2026,Consultas,NA,0,LA GRAN CONSULTA POR COLOMBIA,96,128,0.0,128.0,75.0
Corregimiento Los Andes,Congreso 2026,Cámara,NA,1,AHORA COLOMBIA,45,665,12.0,677.0,6.646971935007386
Corregimiento Los Andes,Congreso 2026,Cámara,NA,1,COALICIÓN FUERZA CIUDADANA,9,665,12.0,677.0,1.329394387001477
Corregimiento Los Andes,Congreso 2026,Cámara,NA,1,COALICIÓN LIBERAL - COLOMBIA RENACIENTE,33,665,12.0,677.0,4.874446085672083
Corregimiento Los Andes,Congreso 2026,Cámara,NA,1,CR-CJL-LIGA DE GOBERNANTES,33,665,12.0,677.0,4.874446085672083
Corregimiento Los Andes,Congreso 2026,Cámara,NA,1,FRENTE AMPLIO UNITARIO,8,665,12.0,677.0,1.1816838995568686
Corregimiento Los Andes,Congreso 2026,Cámara,NA,1,MOVIMIENTO POLÍTICO PACTO HISTÓRICO,289,665,12.0,677.0,42.68833087149188
Corregimiento Los Andes,Congreso 2026,Cámara,NA,1,MOVIMIENTO SALVACIÓN NACIONAL,17,665,12.0,677.0,2.511078286558346
Corregimiento Los Andes,Congreso 2026,Cámara,NA,1,PARTIDO ALIANZA VERDE,9,665,12.0,677.0,1.329394387001477
Corregimiento Los Andes,Congreso 2026,Cámara,NA,1,PARTIDO CENTRO DEMOCRÁTICO,56,665,12.0,677.0,8.27178729689808
Corregimiento Los Andes,Congreso 2026,Cámara,NA,1,PARTIDO CONSERVADOR COLOMBIANO,30,665,12.0,677.0,4.431314623338257
Corregimiento Los Andes,Congreso 2026,Cámara,NA,1,PARTIDO DE LA UNIÓN POR LA GENTE - PARTIDO DE LA U,136,665,12.0,677.0,20.088626292466767
Corregimiento Los Andes,Congreso 2026,Cámara,NA,4,"MOVIMIENTO ALTERNATIVO INDÍGENA Y SOCIAL ""MAIS""",1,16,0.0,16.0,6.25
Corregimiento Los Andes,Congreso 2026,Cámara,NA,4,MOVIMIENTO UNIDAD EN MINGA POR COLOMBIA,15,16,0.0,16.0,93.75
Corregimiento Los Andes,Congreso 2026,Cámara,NA,5,CONSEJO COMUNITARIO EL NARANJO,2,4,4.0,8.0,25.0
Corregimiento Los Andes,Congreso 2026,Cámara,NA,5,CONSEJO COMUNITARIO LA GRAN VÍA DE LOS REMEDIOS,1,4,4.0,8.0,12.5
Corregimiento Los Andes,Congreso 2026,Cámara,NA,5,TODO ES POSIBLE,1,4,4.0,8.0,12.5
Corregimiento Los Andes,Congreso 2026,Senado,NA,0,AHORA COLOMBIA,36,668,15.0,683.0,5.27086383601757
Corregimiento Los Andes,Congreso 2026,Senado,NA,0,ALIANZA POR COLOMBIA,12,668,15.0,683.0,1.7569546120058566
Corregimiento Los Andes,Congreso 2026,Senado,NA,0,COALICIÓN CAMBIO RADICAL - ALMA,41,668,15.0,683.0,6.002928257686676
Corregimiento Los Andes,Congreso 2026,Senado,NA,0,COALICIÓN FUERZA CIUDADANA,5,668,15.0,683.0,0.7320644216691069
Corregimiento Los Andes,Congreso 2026,Senado,NA,0,CREEMOS,1,668,15.0,683.0,0.14641288433382138
Corregimiento Los Andes,Congreso 2026,Senado,NA,0,FRENTE AMPLIO UNITARIO,17,668,15.0,683.0,2.4890190336749636
Corregimiento Los Andes,Congreso 2026,Senado,NA,0,LA LISTA DE OVIEDO - CON TODA POR COLOMBIA,2,668,15.0,683.0,0.29282576866764276
Corregimiento Los Andes,Congreso 2026,Senado,NA,0,MOVIMIENTO SALVACIÓN NACIONAL,19,668,15.0,683.0,2.781844802342606
Corregimiento Los Andes,Congreso 2026,Senado,NA,0,PACTO HISTÓRICO SENADO,312,668,15.0,683.0,45.68081991215227
Corregimiento Los Andes,Congreso 2026,Senado,NA,0,PARTIDO CENTRO DEMOCRÁTICO,56,668,15.0,683.0,8.199121522693996
Corregimiento Los Andes,Congreso 2026,Senado,NA,0,PARTIDO CONSERVADOR COLOMBIANO,11,668,15.0,683.0,1.610541727672035
Corregimiento Los Andes,Congreso 2026,Senado,NA,0,PARTIDO DE LA UNIÓN POR LA GENTE - PARTIDO DE LA U,133,668,15.0,683.0,19.472913616398245
Corregimiento Los Andes,Congreso 2026,Senado,NA,0,PARTIDO LIBERAL COLOMBIANO,21,668,15.0,683.0,3.074670571010249
Corregimiento Los Andes,Congreso 2026,Senado,NA,0,PARTIDO POLÍTICO OXÍGENO,2,668,15.0,683.0,0.29282576866764276
Corregimiento Los Andes,Congreso 2026,Senado,NA,4,ASOCIACIÓN DE AUTORIDADES TRADICIONALES INDÍGENAS,2,17,0.0,17.0,11.76470588235294
Corregimiento Los Andes,Congreso 2026,Senado,NA,4,"MOVIMIENTO AUTORIDADES INDÍGENAS DE COLOMBIA ""AICO""",1,17,0.0,17.0,5.88235294117647
Corregimiento Los Andes,Congreso 2026,Senado,NA,4,MOVIMIENTO UNIDAD EN MINGA POR COLOMBIA,14,17,0.0,17.0,82.35294117647058
Corregimiento Los Andes,Presidencia 2026,Presidencia,1V,0,ABELARDO DE LA ESPRIELLA,203,904,18.0,922.0,22.017353579175705
Corregimiento Los Andes,Presidencia 2026,Presidencia,1V,0,CLAUDIA LÓPEZ,7,904,18.0,922.0,0.7592190889370932
Corregimiento Los Andes,Presidencia 2026,Presidencia,1V,0,IVÁN CEPEDA CASTRO,627,904,18.0,922.0,68.00433839479393
Corregimiento Los Andes,Presidencia 2026,Presidencia,1V,0,MIGUEL URIBE LONDOÑO,1,904,18.0,922.0,0.10845986984815618
Corregimiento Los Andes,Presidencia 2026,Presidencia,1V,0,PALOMA VALENCIA LASERNA,44,904,18.0,922.0,4.772234273318872
Corregimiento Los Andes,Presidencia 2026,Presidencia,1V,0,RAÚL SANTIAGO BOTERO JARAMILLO,5,904,18.0,922.0,0.5422993492407809
Corregimiento Los Andes,Presidencia 2026,Presidencia,1V,0,ROY LEONARDO BARRERAS MONTEALEGRE,1,904,18.0,922.0,0.10845986984815618
Corregimiento Los Andes,Presidencia 2026,Presidencia,1V,0,SERGIO FAJARDO VALDERRAMA,14,904,18.0,922.0,1.5184381778741864
Corregimiento Los Andes,Presidencia 2026,Presidencia,1V,0,SONDRA MACOLLINS GARVIN PINTO,1,904,18.0,922.0,0.10845986984815618
Corregimiento Los Andes,Presidencia 2026,Presidencia,1V,0,ÓSCAR MAURICIO LIZCANO ARANGO,1,904,18.0,922.0,0.10845986984815618
Corregimiento Los Andes,Presidencia 2026,Presidencia,2V,0,ABELARDO DE LA ESPRIELLA,255,1002,10.0,1012.0,25.197628458498023
Corregimiento Los Andes,Presidencia 2026,Presidencia,2V,0,IVÁN CEPEDA CASTRO,747,1002,10.0,1012.0,73.81422924901186
Corregimiento Montebello,Congreso 2026,Consultas,NA,0,"CONSULTA DE LAS SOLUCIONES: SALUD, SEGURIDAD Y EDUCACIÓN",61,731,0.0,731.0,8.344733242134064
Corregimiento Montebello,Congreso 2026,Consultas,NA,0,FRENTE POR LA VIDA,104,731,0.0,731.0,14.227086183310533
Corregimiento Montebello,Congreso 2026,Consultas,NA,0,LA GRAN CONSULTA POR COLOMBIA,566,731,0.0,731.0,77.4281805745554
Corregimiento Montebello,Congreso 2026,Cámara,NA,1,AHORA COLOMBIA,192,3772,101.0,3873.0,4.95739736638265
Corregimiento Montebello,Congreso 2026,Cámara,NA,1,COALICIÓN FUERZA CIUDADANA,19,3772,101.0,3873.0,0.4905757810482829
Corregimiento Montebello,Congreso 2026,Cámara,NA,1,COALICIÓN LIBERAL - COLOMBIA RENACIENTE,370,3772,101.0,3873.0,9.553317841466564
Corregimiento Montebello,Congreso 2026,Cámara,NA,1,CR-CJL-LIGA DE GOBERNANTES,186,3772,101.0,3873.0,4.802478698683191
Corregimiento Montebello,Congreso 2026,Cámara,NA,1,FRENTE AMPLIO UNITARIO,33,3772,101.0,3873.0,0.8520526723470179
Corregimiento Montebello,Congreso 2026,Cámara,NA,1,"MOVIMIENTO AUTORIDADES INDÍGENAS DE COLOMBIA ""AICO""",2,3772,101.0,3873.0,0.05163955589981926
Corregimiento Montebello,Congreso 2026,Cámara,NA,1,MOVIMIENTO POLÍTICO PACTO HISTÓRICO,1924,3772,101.0,3873.0,49.67725277562613
Corregimiento Montebello,Congreso 2026,Cámara,NA,1,MOVIMIENTO SALVACIÓN NACIONAL,99,3772,101.0,3873.0,2.5561580170410534
Corregimiento Montebello,Congreso 2026,Cámara,NA,1,PARTIDO ALIANZA VERDE,145,3772,101.0,3873.0,3.7438678027368963
Corregimiento Montebello,Congreso 2026,Cámara,NA,1,PARTIDO CENTRO DEMOCRÁTICO,279,3772,101.0,3873.0,7.203718048024788
Corregimiento Montebello,Congreso 2026,Cámara,NA,1,PARTIDO CONSERVADOR COLOMBIANO,178,3772,101.0,3873.0,4.595920475083915
Corregimiento Montebello,Congreso 2026,Cámara,NA,1,PARTIDO DE LA UNIÓN POR LA GENTE - PARTIDO DE LA U,332,3772,101.0,3873.0,8.572166279369997
Corregimiento Montebello,Congreso 2026,Cámara,NA,1,PARTIDO DEMÓCRATA COLOMBIANO,8,3772,101.0,3873.0,0.20655822359927703
Corregimiento Montebello,Congreso 2026,Cámara,NA,1,PARTIDO POLÍTICO OXÍGENO,5,3772,101.0,3873.0,0.12909888974954814
Corregimiento Montebello,Congreso 2026,Cámara,NA,4,"MOVIMIENTO ALTERNATIVO INDÍGENA Y SOCIAL ""MAIS""",2,5,5.0,10.0,20.0
Corregimiento Montebello,Congreso 2026,Cámara,NA,4,MOVIMIENTO UNIDAD EN MINGA POR COLOMBIA,1,5,5.0,10.0,10.0
Corregimiento Montebello,Congreso 2026,Cámara,NA,4,PARTIDO INDÍGENA COLOMBIANO P.I.C,2,5,5.0,10.0,20.0
Corregimiento Montebello,Congreso 2026,Cámara,NA,5,AFROEMPRENDIMIENTO,1,56,15.0,71.0,1.4084507042253522
Corregimiento Montebello,Congreso 2026,Cámara,NA,5,CONSEJO COMUNITARIO CASIMIRO MEZA MENDOZA-COCONEBO,1,56,15.0,71.0,1.4084507042253522
Corregimiento Montebello,Congreso 2026,Cámara,NA,5,CONSEJO COMUNITARIO DE COMUNIDADES NEGRAS CUENCA RÍO OVEJAS,3,56,15.0,71.0,4.225352112676056
Corregimiento Montebello,Congreso 2026,Cámara,NA,5,CONSEJO COMUNITARIO DE LA COMUNIDAD NEGRA DE LIMONES,2,56,15.0,71.0,2.8169014084507045
Corregimiento Montebello,Congreso 2026,Cámara,NA,5,"CONSEJO COMUNITARIO DE TRUANDO - LA TERESITA ""COCOTRUMETE""",1,56,15.0,71.0,1.4084507042253522
Corregimiento Montebello,Congreso 2026,Cámara,NA,5,CONSEJO COMUNITARIO EL NARANJO,36,56,15.0,71.0,50.70422535211267
Corregimiento Montebello,Congreso 2026,Cámara,NA,5,CONSEJO COMUNITARIO LA GRAN VÍA DE LOS REMEDIOS,1,56,15.0,71.0,1.4084507042253522
Corregimiento Montebello,Congreso 2026,Cámara,NA,5,CONSEJO COMUNITARIO MANUEL ZAPATA OLIVELLA DE SAN ANTERO,1,56,15.0,71.0,1.4084507042253522
Corregimiento Montebello,Congreso 2026,Cámara,NA,5,CONSEJO COMUNITARIO NUEVA ESPERANZA,2,56,15.0,71.0,2.8169014084507045
Corregimiento Montebello,Congreso 2026,Cámara,NA,5,CONSEJO LABORAL AFROCOLOMBIANO CLAF - BOGOTÁ,1,56,15.0,71.0,1.4084507042253522
Corregimiento Montebello,Congreso 2026,Cámara,NA,5,CRISTIANOS POR COLOMBIA AFROS,2,56,15.0,71.0,2.8169014084507045
Corregimiento Montebello,Congreso 2026,Cámara,NA,5,"EXPRESIÓN AFRO, AMBIENTAL Y CULTURAL COLOMBIA CON DIGNIDAD",1,56,15.0,71.0,1.4084507042253522
Corregimiento Montebello,Congreso 2026,Cámara,NA,5,FUNDACIÓN ORSUBA,1,56,15.0,71.0,1.4084507042253522
Corregimiento Montebello,Congreso 2026,Cámara,NA,5,PARTIDO ECOLOGISTA COLOMBIANO,3,56,15.0,71.0,4.225352112676056
Corregimiento Montebello,Congreso 2026,Senado,NA,0,AHORA COLOMBIA,215,3851,92.0,3943.0,5.452700989094597
Corregimiento Montebello,Congreso 2026,Senado,NA,0,ALIANZA POR COLOMBIA,173,3851,92.0,3943.0,4.387522191224956
Corregimiento Montebello,Congreso 2026,Senado,NA,0,COALICIÓN CAMBIO RADICAL - ALMA,237,3851,92.0,3943.0,6.010651787978697
Corregimiento Montebello,Congreso 2026,Senado,NA,0,COALICIÓN FUERZA CIUDADANA,21,3851,92.0,3943.0,0.5325893989348212
Corregimiento Montebello,Congreso 2026,Senado,NA,0,COLOMBIA SEGURA Y PRÓSPERA,1,3851,92.0,3943.0,0.025361399949277198
Corregimiento Montebello,Congreso 2026,Senado,NA,0,CREEMOS,5,3851,92.0,3943.0,0.12680699974638598
Corregimiento Montebello,Congreso 2026,Senado,NA,0,FRENTE AMPLIO UNITARIO,64,3851,92.0,3943.0,1.6231295967537407
Corregimiento Montebello,Congreso 2026,Senado,NA,0,LA LISTA DE OVIEDO - CON TODA POR COLOMBIA,9,3851,92.0,3943.0,0.2282525995434948
Corregimiento Montebello,Congreso 2026,Senado,NA,0,MOVIMIENTO SALVACIÓN NACIONAL,94,3851,92.0,3943.0,2.383971595232057
Corregimiento Montebello,Congreso 2026,Senado,NA,0,PACTO HISTÓRICO SENADO,1983,3851,92.0,3943.0,50.29165609941669
Corregimiento Montebello,Congreso 2026,Senado,NA,0,PARTIDO CENTRO DEMOCRÁTICO,308,3851,92.0,3943.0,7.811311184377377
Corregimiento Montebello,Congreso 2026,Senado,NA,0,PARTIDO CONSERVADOR COLOMBIANO,130,3851,92.0,3943.0,3.2969819934060363
Corregimiento Montebello,Congreso 2026,Senado,NA,0,PARTIDO DE LA UNIÓN POR LA GENTE - PARTIDO DE LA U,266,3851,92.0,3943.0,6.7461323865077345
Corregimiento Montebello,Congreso 2026,Senado,NA,0,PARTIDO LIBERAL COLOMBIANO,338,3851,92.0,3943.0,8.572153182855693
Corregimiento Montebello,Congreso 2026,Senado,NA,0,PARTIDO POLÍTICO OXÍGENO,5,3851,92.0,3943.0,0.12680699974638598
Corregimiento Montebello,Congreso 2026,Senado,NA,0,PATRIOTAS,2,3851,92.0,3943.0,0.050722799898554397
Corregimiento Montebello,Congreso 2026,Senado,NA,4,ASOCIACIÓN DE AUTORIDADES TRADICIONALES INDÍGENAS,1,4,1.0,5.0,20.0
Corregimiento Montebello,Congreso 2026,Senado,NA,4,CABILDO INDÉGENA TEVIS,1,4,1.0,5.0,20.0
Corregimiento Montebello,Congreso 2026,Senado,NA,4,"MOVIMIENTO ALTERNATIVO INDÍGENA Y SOCIAL ""MAIS""",2,4,1.0,5.0,40.0
Corregimiento Montebello,Presidencia 2026,Presidencia,1V,0,ABELARDO DE LA ESPRIELLA,1191,4997,105.0,5102.0,23.343786750294
Corregimiento Montebello,Presidencia 2026,Presidencia,1V,0,CLAUDIA LÓPEZ,23,4997,105.0,5102.0,0.4508036064288515
Corregimiento Montebello,Presidencia 2026,Presidencia,1V,0,GUSTAVO MATAMOROS CAMACHO,3,4997,105.0,5102.0,0.058800470403763225
Corregimiento Montebello,Presidencia 2026,Presidencia,1V,0,IVÁN CEPEDA CASTRO,3316,4997,105.0,5102.0,64.99411995295962
Corregimiento Montebello,Presidencia 2026,Presidencia,1V,0,MIGUEL URIBE LONDOÑO,4,4997,105.0,5102.0,0.07840062720501764
Corregimiento Montebello,Presidencia 2026,Presidencia,1V,0,PALOMA VALENCIA LASERNA,265,4997,105.0,5102.0,5.194041552332418
Corregimiento Montebello,Presidencia 2026,Presidencia,1V,0,RAÚL SANTIAGO BOTERO JARAMILLO,33,4997,105.0,5102.0,0.6468051744413955
Corregimiento Montebello,Presidencia 2026,Presidencia,1V,0,ROY LEONARDO BARRERAS MONTEALEGRE,5,4997,105.0,5102.0,0.09800078400627205
Corregimiento Montebello,Presidencia 2026,Presidencia,1V,0,SERGIO FAJARDO VALDERRAMA,149,4997,105.0,5102.0,2.9204233633869072
Corregimiento Montebello,Presidencia 2026,Presidencia,1V,0,SONDRA MACOLLINS GARVIN PINTO,1,4997,105.0,5102.0,0.01960015680125441
Corregimiento Montebello,Presidencia 2026,Presidencia,1V,0,ÓSCAR MAURICIO LIZCANO ARANGO,7,4997,105.0,5102.0,0.13720109760878088
Corregimiento Montebello,Presidencia 2026,Presidencia,2V,0,ABELARDO DE LA ESPRIELLA,1484,5626,73.0,5699.0,26.03965608001404
Corregimiento Montebello,Presidencia 2026,Presidencia,2V,0,IVÁN CEPEDA CASTRO,4142,5626,73.0,5699.0,72.67941744165644
Corregimiento Navarro,Congreso 2026,Consultas,NA,0,"CONSULTA DE LAS SOLUCIONES: SALUD, SEGURIDAD Y EDUCACIÓN",22,120,0.0,120.0,18.333333333333332
Corregimiento Navarro,Congreso 2026,Consultas,NA,0,FRENTE POR LA VIDA,21,120,0.0,120.0,17.5
Corregimiento Navarro,Congreso 2026,Consultas,NA,0,LA GRAN CONSULTA POR COLOMBIA,77,120,0.0,120.0,64.16666666666667
Corregimiento Navarro,Congreso 2026,Cámara,NA,1,AHORA COLOMBIA,54,1002,30.0,1032.0,5.232558139534884
Corregimiento Navarro,Congreso 2026,Cámara,NA,1,COALICIÓN FUERZA CIUDADANA,9,1002,30.0,1032.0,0.872093023255814
Corregimiento Navarro,Congreso 2026,Cámara,NA,1,COALICIÓN LIBERAL - COLOMBIA RENACIENTE,52,1002,30.0,1032.0,5.038759689922481
Corregimiento Navarro,Congreso 2026,Cámara,NA,1,CR-CJL-LIGA DE GOBERNANTES,69,1002,30.0,1032.0,6.686046511627906
Corregimiento Navarro,Congreso 2026,Cámara,NA,1,FRENTE AMPLIO UNITARIO,9,1002,30.0,1032.0,0.872093023255814
Corregimiento Navarro,Congreso 2026,Cámara,NA,1,"MOVIMIENTO AUTORIDADES INDÍGENAS DE COLOMBIA ""AICO""",3,1002,30.0,1032.0,0.29069767441860467
Corregimiento Navarro,Congreso 2026,Cámara,NA,1,MOVIMIENTO POLÍTICO PACTO HISTÓRICO,429,1002,30.0,1032.0,41.56976744186046
Corregimiento Navarro,Congreso 2026,Cámara,NA,1,MOVIMIENTO SALVACIÓN NACIONAL,15,1002,30.0,1032.0,1.4534883720930232
Corregimiento Navarro,Congreso 2026,Cámara,NA,1,PARTIDO ALIANZA VERDE,31,1002,30.0,1032.0,3.003875968992248
Corregimiento Navarro,Congreso 2026,Cámara,NA,1,PARTIDO CENTRO DEMOCRÁTICO,65,1002,30.0,1032.0,6.2984496124031
Corregimiento Navarro,Congreso 2026,Cámara,NA,1,PARTIDO CONSERVADOR COLOMBIANO,29,1002,30.0,1032.0,2.810077519379845
Corregimiento Navarro,Congreso 2026,Cámara,NA,1,PARTIDO DE LA UNIÓN POR LA GENTE - PARTIDO DE LA U,232,1002,30.0,1032.0,22.48062015503876
Corregimiento Navarro,Congreso 2026,Cámara,NA,1,PARTIDO DEMÓCRATA COLOMBIANO,5,1002,30.0,1032.0,0.4844961240310077
Corregimiento Navarro,Congreso 2026,Cámara,NA,5,AFROEMPRENDIMIENTO,1,26,16.0,42.0,2.380952380952381
Corregimiento Navarro,Congreso 2026,Cámara,NA,5,ASOCIACIÓN AFRODESCENDIENTE PACÍFICO POR LA PAZ,1,26,16.0,42.0,2.380952380952381
Corregimiento Navarro,Congreso 2026,Cámara,NA,5,ASOCONEG,1,26,16.0,42.0,2.380952380952381
Corregimiento Navarro,Congreso 2026,Cámara,NA,5,COCOPEMA,1,26,16.0,42.0,2.380952380952381
Corregimiento Navarro,Congreso 2026,Cámara,NA,5,CONSEJO COMUNITARIO DE COMUNIDADES NEGRAS CUENCA RÍO OVEJAS,1,26,16.0,42.0,2.380952380952381
Corregimiento Navarro,Congreso 2026,Cámara,NA,5,CONSEJO COMUNITARIO DE LA COMUNIDAD NEGRA DE LIMONES,1,26,16.0,42.0,2.380952380952381
Corregimiento Navarro,Congreso 2026,Cámara,NA,5,"CONSEJO COMUNITARIO DE PIZARRO ""CONCOPI""",1,26,16.0,42.0,2.380952380952381
Corregimiento Navarro,Congreso 2026,Cámara,NA,5,CONSEJO COMUNITARIO DE QUINAMAYO,1,26,16.0,42.0,2.380952380952381
Corregimiento Navarro,Congreso 2026,Cámara,NA,5,CONSEJO COMUNITARIO EL NARANJO,5,26,16.0,42.0,11.904761904761903
Corregimiento Navarro,Congreso 2026,Cámara,NA,5,CONSEJO COMUNITARIO LA GRAN VÍA DE LOS REMEDIOS,1,26,16.0,42.0,2.380952380952381
Corregimiento Navarro,Congreso 2026,Cámara,NA,5,CONSEJO COMUNITARIO MANUEL ZAPATA OLIVELLA DE SAN ANTERO,2,26,16.0,42.0,4.761904761904762
Corregimiento Navarro,Congreso 2026,Cámara,NA,5,"EXPRESIÓN AFRO, AMBIENTAL Y CULTURAL COLOMBIA CON DIGNIDAD",2,26,16.0,42.0,4.761904761904762
Corregimiento Navarro,Congreso 2026,Cámara,NA,5,PARTIDO ECOLOGISTA COLOMBIANO,8,26,16.0,42.0,19.047619047619047
Corregimiento Navarro,Congreso 2026,Senado,NA,0,AHORA COLOMBIA,57,1038,26.0,1064.0,5.357142857142857
Corregimiento Navarro,Congreso 2026,Senado,NA,0,ALIANZA POR COLOMBIA,33,1038,26.0,1064.0,3.101503759398496
Corregimiento Navarro,Congreso 2026,Senado,NA,0,COALICIÓN CAMBIO RADICAL - ALMA,228,1038,26.0,1064.0,21.428571428571427
Corregimiento Navarro,Congreso 2026,Senado,NA,0,COALICIÓN FUERZA CIUDADANA,3,1038,26.0,1064.0,0.28195488721804507
Corregimiento Navarro,Congreso 2026,Senado,NA,0,CREEMOS,4,1038,26.0,1064.0,0.37593984962406013
Corregimiento Navarro,Congreso 2026,Senado,NA,0,FRENTE AMPLIO UNITARIO,12,1038,26.0,1064.0,1.1278195488721803
Corregimiento Navarro,Congreso 2026,Senado,NA,0,LA LISTA DE OVIEDO - CON TODA POR COLOMBIA,4,1038,26.0,1064.0,0.37593984962406013
Corregimiento Navarro,Congreso 2026,Senado,NA,0,MOVIMIENTO SALVACIÓN NACIONAL,23,1038,26.0,1064.0,2.161654135338346
Corregimiento Navarro,Congreso 2026,Senado,NA,0,PACTO HISTÓRICO SENADO,429,1038,26.0,1064.0,40.31954887218045
Corregimiento Navarro,Congreso 2026,Senado,NA,0,PARTIDO CENTRO DEMOCRÁTICO,48,1038,26.0,1064.0,4.511278195488721
Corregimiento Navarro,Congreso 2026,Senado,NA,0,PARTIDO CONSERVADOR COLOMBIANO,42,1038,26.0,1064.0,3.9473684210526314
Corregimiento Navarro,Congreso 2026,Senado,NA,0,PARTIDO DE LA UNIÓN POR LA GENTE - PARTIDO DE LA U,97,1038,26.0,1064.0,9.11654135338346
Corregimiento Navarro,Congreso 2026,Senado,NA,0,PARTIDO LIBERAL COLOMBIANO,55,1038,26.0,1064.0,5.169172932330826
Corregimiento Navarro,Congreso 2026,Senado,NA,0,PARTIDO POLÍTICO OXÍGENO,1,1038,26.0,1064.0,0.09398496240601503
Corregimiento Navarro,Congreso 2026,Senado,NA,0,PATRIOTAS,2,1038,26.0,1064.0,0.18796992481203006
Corregimiento Navarro,Congreso 2026,Senado,NA,4,CABILDO INDÉGENA TEVIS,1,1,8.0,9.0,11.11111111111111
Corregimiento Navarro,Presidencia 2026,Presidencia,1V,0,ABELARDO DE LA ESPRIELLA,272,1187,37.0,1224.0,22.22222222222222
Corregimiento Navarro,Presidencia 2026,Presidencia,1V,0,CLAUDIA LÓPEZ,8,1187,37.0,1224.0,0.6535947712418301
Corregimiento Navarro,Presidencia 2026,Presidencia,1V,0,GUSTAVO MATAMOROS CAMACHO,1,1187,37.0,1224.0,0.08169934640522876
Corregimiento Navarro,Presidencia 2026,Presidencia,1V,0,IVÁN CEPEDA CASTRO,795,1187,37.0,1224.0,64.95098039215686
Corregimiento Navarro,Presidencia 2026,Presidencia,1V,0,MIGUEL URIBE LONDOÑO,6,1187,37.0,1224.0,0.49019607843137253
Corregimiento Navarro,Presidencia 2026,Presidencia,1V,0,PALOMA VALENCIA LASERNA,67,1187,37.0,1224.0,5.473856209150327
Corregimiento Navarro,Presidencia 2026,Presidencia,1V,0,RAÚL SANTIAGO BOTERO JARAMILLO,14,1187,37.0,1224.0,1.1437908496732025
Corregimiento Navarro,Presidencia 2026,Presidencia,1V,0,ROY LEONARDO BARRERAS MONTEALEGRE,3,1187,37.0,1224.0,0.24509803921568626
Corregimiento Navarro,Presidencia 2026,Presidencia,1V,0,SERGIO FAJARDO VALDERRAMA,16,1187,37.0,1224.0,1.3071895424836601
Corregimiento Navarro,Presidencia 2026,Presidencia,1V,0,ÓSCAR MAURICIO LIZCANO ARANGO,5,1187,37.0,1224.0,0.40849673202614384
Corregimiento Navarro,Presidencia 2026,Presidencia,2V,0,ABELARDO DE LA ESPRIELLA,372,1563,28.0,1591.0,23.38152105593966
Corregimiento Navarro,Presidencia 2026,Presidencia,2V,0,IVÁN CEPEDA CASTRO,1191,1563,28.0,1591.0,74.8585795097423
Corregimiento Pance,Congreso 2026,Consultas,NA,0,"CONSULTA DE LAS SOLUCIONES: SALUD, SEGURIDAD Y EDUCACIÓN",52,1294,0.0,1294.0,4.01854714064915
Corregimiento Pance,Congreso 2026,Consultas,NA,0,FRENTE POR LA VIDA,94,1294,0.0,1294.0,7.2642967542503865
Corregimiento Pance,Congreso 2026,Consultas,NA,0,LA GRAN CONSULTA POR COLOMBIA,1148,1294,0.0,1294.0,88.71715610510046
Corregimiento Pance,Congreso 2026,Cámara,NA,1,AHORA COLOMBIA,90,2061,39.0,2100.0,4.285714285714286
Corregimiento Pance,Congreso 2026,Cámara,NA,1,COALICIÓN FUERZA CIUDADANA,2,2061,39.0,2100.0,0.09523809523809523
Corregimiento Pance,Congreso 2026,Cámara,NA,1,COALICIÓN LIBERAL - COLOMBIA RENACIENTE,96,2061,39.0,2100.0,4.571428571428571
Corregimiento Pance,Congreso 2026,Cámara,NA,1,CR-CJL-LIGA DE GOBERNANTES,122,2061,39.0,2100.0,5.809523809523809
Corregimiento Pance,Congreso 2026,Cámara,NA,1,FRENTE AMPLIO UNITARIO,4,2061,39.0,2100.0,0.19047619047619047
Corregimiento Pance,Congreso 2026,Cámara,NA,1,"MOVIMIENTO AUTORIDADES INDÍGENAS DE COLOMBIA ""AICO""",2,2061,39.0,2100.0,0.09523809523809523
Corregimiento Pance,Congreso 2026,Cámara,NA,1,MOVIMIENTO POLÍTICO PACTO HISTÓRICO,385,2061,39.0,2100.0,18.333333333333332
Corregimiento Pance,Congreso 2026,Cámara,NA,1,MOVIMIENTO SALVACIÓN NACIONAL,170,2061,39.0,2100.0,8.095238095238095
Corregimiento Pance,Congreso 2026,Cámara,NA,1,PARTIDO ALIANZA VERDE,77,2061,39.0,2100.0,3.6666666666666665
Corregimiento Pance,Congreso 2026,Cámara,NA,1,PARTIDO CENTRO DEMOCRÁTICO,861,2061,39.0,2100.0,41.0
Corregimiento Pance,Congreso 2026,Cámara,NA,1,PARTIDO CONSERVADOR COLOMBIANO,59,2061,39.0,2100.0,2.8095238095238098
Corregimiento Pance,Congreso 2026,Cámara,NA,1,PARTIDO DE LA UNIÓN POR LA GENTE - PARTIDO DE LA U,185,2061,39.0,2100.0,8.80952380952381
Corregimiento Pance,Congreso 2026,Cámara,NA,1,PARTIDO DEMÓCRATA COLOMBIANO,6,2061,39.0,2100.0,0.2857142857142857
Corregimiento Pance,Congreso 2026,Cámara,NA,1,PARTIDO POLÍTICO OXÍGENO,2,2061,39.0,2100.0,0.09523809523809523
Corregimiento Pance,Congreso 2026,Cámara,NA,4,ASOCIACIÓN DE CABILDOS INDÍGENAS ZENÚ ORICO,1,13,2.0,15.0,6.666666666666667
Corregimiento Pance,Congreso 2026,Cámara,NA,4,"MOVIMIENTO ALTERNATIVO INDÍGENA Y SOCIAL ""MAIS""",5,13,2.0,15.0,33.33333333333333
Corregimiento Pance,Congreso 2026,Cámara,NA,4,MOVIMIENTO UNIDAD EN MINGA POR COLOMBIA,7,13,2.0,15.0,46.666666666666664
Corregimiento Pance,Congreso 2026,Cámara,NA,5,CONSEJO COMUNITARIO DE LA COMUNIDAD NEGRA DE LIMONES,1,41,5.0,46.0,2.1739130434782608
Corregimiento Pance,Congreso 2026,Cámara,NA,5,CONSEJO COMUNITARIO EL NARANJO,13,41,5.0,46.0,28.26086956521739
Corregimiento Pance,Congreso 2026,Cámara,NA,5,CONSEJO COMUNITARIO LA GRAN VÍA DE LOS REMEDIOS,23,41,5.0,46.0,50.0
Corregimiento Pance,Congreso 2026,Cámara,NA,5,CONSEJO COMUNITARIO UNIÍN DEL RÍO ROSARIO,2,41,5.0,46.0,4.3478260869565215
Corregimiento Pance,Congreso 2026,Cámara,NA,5,"EXPRESIÓN AFRO, AMBIENTAL Y CULTURAL COLOMBIA CON DIGNIDAD",1,41,5.0,46.0,2.1739130434782608
Corregimiento Pance,Congreso 2026,Cámara,NA,5,PARTIDO ECOLOGISTA COLOMBIANO,1,41,5.0,46.0,2.1739130434782608
Corregimiento Pance,Congreso 2026,Senado,NA,0,AHORA COLOMBIA,96,2122,29.0,2151.0,4.463040446304045
Corregimiento Pance,Congreso 2026,Senado,NA,0,ALIANZA POR COLOMBIA,127,2122,29.0,2151.0,5.904230590423059
Corregimiento Pance,Congreso 2026,Senado,NA,0,COALICIÓN CAMBIO RADICAL - ALMA,94,2122,29.0,2151.0,4.370060437006043
Corregimiento Pance,Congreso 2026,Senado,NA,0,COALICIÓN FUERZA CIUDADANA,10,2122,29.0,2151.0,0.46490004649000466
Corregimiento Pance,Congreso 2026,Senado,NA,0,CREEMOS,1,2122,29.0,2151.0,0.046490004649000466
Corregimiento Pance,Congreso 2026,Senado,NA,0,FRENTE AMPLIO UNITARIO,34,2122,29.0,2151.0,1.5806601580660158
Corregimiento Pance,Congreso 2026,Senado,NA,0,LA LISTA DE OVIEDO - CON TODA POR COLOMBIA,5,2122,29.0,2151.0,0.23245002324500233
Corregimiento Pance,Congreso 2026,Senado,NA,0,MOVIMIENTO SALVACIÓN NACIONAL,221,2122,29.0,2151.0,10.274291027429102
Corregimiento Pance,Congreso 2026,Senado,NA,0,PACTO HISTÓRICO SENADO,380,2122,29.0,2151.0,17.666201766620176
Corregimiento Pance,Congreso 2026,Senado,NA,0,PARTIDO CENTRO DEMOCRÁTICO,839,2122,29.0,2151.0,39.00511390051139
Corregimiento Pance,Congreso 2026,Senado,NA,0,PARTIDO CONSERVADOR COLOMBIANO,47,2122,29.0,2151.0,2.1850302185030217
Corregimiento Pance,Congreso 2026,Senado,NA,0,PARTIDO DE LA UNIÓN POR LA GENTE - PARTIDO DE LA U,195,2122,29.0,2151.0,9.06555090655509
Corregimiento Pance,Congreso 2026,Senado,NA,0,PARTIDO LIBERAL COLOMBIANO,73,2122,29.0,2151.0,3.3937703393770344
Corregimiento Pance,Congreso 2026,Senado,NA,4,ASOCIACIÓN DE AUTORIDADES TRADICIONALES INDÍGENAS,1,17,4.0,21.0,4.761904761904762
Corregimiento Pance,Congreso 2026,Senado,NA,4,"MOVIMIENTO ALTERNATIVO INDÍGENA Y SOCIAL ""MAIS""",2,17,4.0,21.0,9.523809523809524
Corregimiento Pance,Congreso 2026,Senado,NA,4,"MOVIMIENTO AUTORIDADES INDÍGENAS DE COLOMBIA ""AICO""",8,17,4.0,21.0,38.095238095238095
Corregimiento Pance,Congreso 2026,Senado,NA,4,MOVIMIENTO UNIDAD EN MINGA POR COLOMBIA,6,17,4.0,21.0,28.57142857142857
Corregimiento Pance,Presidencia 2026,Presidencia,1V,0,ABELARDO DE LA ESPRIELLA,1676,2755,33.0,2788.0,60.11477761836442
Corregimiento Pance,Presidencia 2026,Presidencia,1V,0,CLAUDIA LÓPEZ,12,2755,33.0,2788.0,0.430416068866571
Corregimiento Pance,Presidencia 2026,Presidencia,1V,0,IVÁN CEPEDA CASTRO,718,2755,33.0,2788.0,25.753228120516496
Corregimiento Pance,Presidencia 2026,Presidencia,1V,0,MIGUEL URIBE LONDOÑO,2,2755,33.0,2788.0,0.07173601147776185
Corregimiento Pance,Presidencia 2026,Presidencia,1V,0,PALOMA VALENCIA LASERNA,211,2755,33.0,2788.0,7.568149210903874
Corregimiento Pance,Presidencia 2026,Presidencia,1V,0,RAÚL SANTIAGO BOTERO JARAMILLO,8,2755,33.0,2788.0,0.2869440459110474
Corregimiento Pance,Presidencia 2026,Presidencia,1V,0,SERGIO FAJARDO VALDERRAMA,124,2755,33.0,2788.0,4.447632711621234
Corregimiento Pance,Presidencia 2026,Presidencia,1V,0,SONDRA MACOLLINS GARVIN PINTO,1,2755,33.0,2788.0,0.03586800573888092
Corregimiento Pance,Presidencia 2026,Presidencia,1V,0,ÓSCAR MAURICIO LIZCANO ARANGO,3,2755,33.0,2788.0,0.10760401721664276
Corregimiento Pance,Presidencia 2026,Presidencia,2V,0,ABELARDO DE LA ESPRIELLA,1927,2815,54.0,2869.0,67.16626002091321
Corregimiento Pance,Presidencia 2026,Presidencia,2V,0,IVÁN CEPEDA CASTRO,888,2815,54.0,2869.0,30.951551063088186
Corregimiento Pichinde,Congreso 2026,Consultas,NA,0,"CONSULTA DE LAS SOLUCIONES: SALUD, SEGURIDAD Y EDUCACIÓN",9,119,0.0,119.0,7.563025210084033
Corregimiento Pichinde,Congreso 2026,Consultas,NA,0,FRENTE POR LA VIDA,11,119,0.0,119.0,9.243697478991598
Corregimiento Pichinde,Congreso 2026,Consultas,NA,0,LA GRAN CONSULTA POR COLOMBIA,99,119,0.0,119.0,83.19327731092437
Corregimiento Pichinde,Congreso 2026,Cámara,NA,1,AHORA COLOMBIA,14,374,7.0,381.0,3.674540682414698
Corregimiento Pichinde,Congreso 2026,Cámara,NA,1,COALICIÓN FUERZA CIUDADANA,2,374,7.0,381.0,0.5249343832020997
Corregimiento Pichinde,Congreso 2026,Cámara,NA,1,COALICIÓN LIBERAL - COLOMBIA RENACIENTE,16,374,7.0,381.0,4.199475065616798
Corregimiento Pichinde,Congreso 2026,Cámara,NA,1,CR-CJL-LIGA DE GOBERNANTES,19,374,7.0,381.0,4.986876640419948
Corregimiento Pichinde,Congreso 2026,Cámara,NA,1,FRENTE AMPLIO UNITARIO,2,374,7.0,381.0,0.5249343832020997
Corregimiento Pichinde,Congreso 2026,Cámara,NA,1,MOVIMIENTO POLÍTICO PACTO HISTÓRICO,165,374,7.0,381.0,43.30708661417323
Corregimiento Pichinde,Congreso 2026,Cámara,NA,1,MOVIMIENTO SALVACIÓN NACIONAL,4,374,7.0,381.0,1.0498687664041995
Corregimiento Pichinde,Congreso 2026,Cámara,NA,1,PARTIDO ALIANZA VERDE,6,374,7.0,381.0,1.574803149606299
Corregimiento Pichinde,Congreso 2026,Cámara,NA,1,PARTIDO CENTRO DEMOCRÁTICO,50,374,7.0,381.0,13.123359580052494
Corregimiento Pichinde,Congreso 2026,Cámara,NA,1,PARTIDO CONSERVADOR COLOMBIANO,11,374,7.0,381.0,2.8871391076115485
Corregimiento Pichinde,Congreso 2026,Cámara,NA,1,PARTIDO DE LA UNIÓN POR LA GENTE - PARTIDO DE LA U,84,374,7.0,381.0,22.04724409448819
Corregimiento Pichinde,Congreso 2026,Cámara,NA,1,PARTIDO POLÍTICO OXÍGENO,1,374,7.0,381.0,0.26246719160104987
Corregimiento Pichinde,Congreso 2026,Cámara,NA,4,MOVIMIENTO UNIDAD EN MINGA POR COLOMBIA,3,3,0.0,3.0,100.0
Corregimiento Pichinde,Congreso 2026,Cámara,NA,5,CONSEJO COMUNITARIO LA GRAN VÍA DE LOS REMEDIOS,5,5,4.0,9.0,55.55555555555556
Corregimiento Pichinde,Congreso 2026,Senado,NA,0,AHORA COLOMBIA,10,373,10.0,383.0,2.610966057441253
Corregimiento Pichinde,Congreso 2026,Senado,NA,0,ALIANZA POR COLOMBIA,18,373,10.0,383.0,4.699738903394255
Corregimiento Pichinde,Congreso 2026,Senado,NA,0,COALICIÓN CAMBIO RADICAL - ALMA,12,373,10.0,383.0,3.1331592689295036
Corregimiento Pichinde,Congreso 2026,Senado,NA,0,COALICIÓN FUERZA CIUDADANA,1,373,10.0,383.0,0.26109660574412535
Corregimiento Pichinde,Congreso 2026,Senado,NA,0,FRENTE AMPLIO UNITARIO,1,373,10.0,383.0,0.26109660574412535
Corregimiento Pichinde,Congreso 2026,Senado,NA,0,MOVIMIENTO SALVACIÓN NACIONAL,6,373,10.0,383.0,1.5665796344647518
Corregimiento Pichinde,Congreso 2026,Senado,NA,0,PACTO HISTÓRICO SENADO,170,373,10.0,383.0,44.38642297650131
Corregimiento Pichinde,Congreso 2026,Senado,NA,0,PARTIDO CENTRO DEMOCRÁTICO,57,373,10.0,383.0,14.882506527415144
Corregimiento Pichinde,Congreso 2026,Senado,NA,0,PARTIDO CONSERVADOR COLOMBIANO,9,373,10.0,383.0,2.3498694516971277
Corregimiento Pichinde,Congreso 2026,Senado,NA,0,PARTIDO DE LA UNIÓN POR LA GENTE - PARTIDO DE LA U,85,373,10.0,383.0,22.193211488250654
Corregimiento Pichinde,Congreso 2026,Senado,NA,0,PARTIDO LIBERAL COLOMBIANO,2,373,10.0,383.0,0.5221932114882507
Corregimiento Pichinde,Congreso 2026,Senado,NA,0,PARTIDO POLÍTICO OXÍGENO,1,373,10.0,383.0,0.26109660574412535
Corregimiento Pichinde,Congreso 2026,Senado,NA,0,PATRIOTAS,1,373,10.0,383.0,0.26109660574412535
Corregimiento Pichinde,Congreso 2026,Senado,NA,4,MOVIMIENTO UNIDAD EN MINGA POR COLOMBIA,2,2,0.0,2.0,100.0
Corregimiento Pichinde,Presidencia 2026,Presidencia,1V,0,ABELARDO DE LA ESPRIELLA,140,547,12.0,559.0,25.044722719141323
Corregimiento Pichinde,Presidencia 2026,Presidencia,1V,0,CLAUDIA LÓPEZ,5,547,12.0,559.0,0.8944543828264758
Corregimiento Pichinde,Presidencia 2026,Presidencia,1V,0,IVÁN CEPEDA CASTRO,330,547,12.0,559.0,59.0339892665474
Corregimiento Pichinde,Presidencia 2026,Presidencia,1V,0,MIGUEL URIBE LONDOÑO,2,547,12.0,559.0,0.35778175313059035
Corregimiento Pichinde,Presidencia 2026,Presidencia,1V,0,PALOMA VALENCIA LASERNA,48,547,12.0,559.0,8.586762075134168
Corregimiento Pichinde,Presidencia 2026,Presidencia,1V,0,RAÚL SANTIAGO BOTERO JARAMILLO,4,547,12.0,559.0,0.7155635062611807
Corregimiento Pichinde,Presidencia 2026,Presidencia,1V,0,ROY LEONARDO BARRERAS MONTEALEGRE,1,547,12.0,559.0,0.17889087656529518
Corregimiento Pichinde,Presidencia 2026,Presidencia,1V,0,SERGIO FAJARDO VALDERRAMA,16,547,12.0,559.0,2.862254025044723
Corregimiento Pichinde,Presidencia 2026,Presidencia,1V,0,ÓSCAR MAURICIO LIZCANO ARANGO,1,547,12.0,559.0,0.17889087656529518
Corregimiento Pichinde,Presidencia 2026,Presidencia,2V,0,ABELARDO DE LA ESPRIELLA,198,600,10.0,610.0,32.459016393442624
Corregimiento Pichinde,Presidencia 2026,Presidencia,2V,0,IVÁN CEPEDA CASTRO,402,600,10.0,610.0,65.90163934426229
