_valle,eleccion,corporacion,vuelta,circunscripcion,unidad,votos,votos_candidatos,blancos,validos,pct_validos
VALLE DEL CAUCA,Congreso 2026,Consultas,NA,0,"CONSULTA DE LAS SOLUCIONES: SALUD, SEGURIDAD Y EDUCACIÓN",35903,456842,0,456842,7.858953423721987
VALLE DEL CAUCA,Congreso 2026,Consultas,NA,0,FRENTE POR LA VIDA,59887,456842,0,456842,13.108908550439757
VALLE DEL CAUCA,Congreso 2026,Consultas,NA,0,LA GRAN CONSULTA POR COLOMBIA,361052,456842,0,456842,79.03213802583825
VALLE DEL CAUCA,Congreso 2026,Cámara,NA,1,AHORA COLOMBIA,91391,1621544,41934,1663478,5.4939710654424045
VALLE DEL CAUCA,Congreso 2026,Cámara,NA,1,COALICIÓN FUERZA CIUDADANA,4033,1621544,41934,1663478,0.24244384356150186
VALLE DEL CAUCA,Congreso 2026,Cámara,NA,1,COALICIÓN LIBERAL - COLOMBIA RENACIENTE,145370,1621544,41934,1663478,8.738919300405536
VALLE DEL CAUCA,Congreso 2026,Cámara,NA,1,CR-CJL-LIGA DE GOBERNANTES,96135,1621544,41934,1663478,5.779156682565083
VALLE DEL CAUCA,Congreso 2026,Cámara,NA,1,FRENTE AMPLIO UNITARIO,10767,1621544,41934,1663478,0.6472583346458444
VALLE DEL CAUCA,Congreso 2026,Cámara,NA,1,"MOVIMIENTO AUTORIDADES INDÍGENAS DE COLOMBIA ""AICO""",1171,1621544,41934,1663478,0.07039467910005422
VALLE DEL CAUCA,Congreso 2026,Cámara,NA,1,MOVIMIENTO POLÍTICO PACTO HISTÓRICO,595362,1621544,41934,1663478,35.79019379877582
VALLE DEL CAUCA,Congreso 2026,Cámara,NA,1,MOVIMIENTO SALVACIÓN NACIONAL,61233,1621544,41934,1663478,3.6810225323088135
VALLE DEL CAUCA,Congreso 2026,Cámara,NA,1,PARTIDO ALIANZA VERDE,75002,1621544,41934,1663478,4.508746133101851
VALLE DEL CAUCA,Congreso 2026,Cámara,NA,1,PARTIDO CENTRO DEMOCRÁTICO,187644,1621544,41934,1663478,11.28022131942833
VALLE DEL CAUCA,Congreso 2026,Cámara,NA,1,PARTIDO CONSERVADOR COLOMBIANO,76925,1621544,41934,1663478,4.624347301256764
VALLE DEL CAUCA,Congreso 2026,Cámara,NA,1,PARTIDO DE LA UNIÓN POR LA GENTE - PARTIDO DE LA U,271184,1621544,41934,1663478,16.302229425336552
VALLE DEL CAUCA,Congreso 2026,Cámara,NA,1,PARTIDO DEMÓCRATA COLOMBIANO,3723,1621544,41934,1663478,0.22380818982878042
VALLE DEL CAUCA,Congreso 2026,Cámara,NA,1,PARTIDO POLÍTICO OXÍGENO,1604,1621544,41934,1663478,0.0964244793138232
VALLE DEL CAUCA,Congreso 2026,Cámara,NA,4,ACMIZSAM,76,5700,1689,7389,1.0285559615644877
VALLE DEL CAUCA,Congreso 2026,Cámara,NA,4,ASOCIACIÓN DE CABILDOS INDÍGENAS ZENÚ ORICO,122,5700,1689,7389,1.651102990932467
VALLE DEL CAUCA,Congreso 2026,Cámara,NA,4,"ASOCIACIÓN NACIONAL INDÍGENA DE COLOMBIA ""ANIC""",134,5700,1689,7389,1.8135065638110706
VALLE DEL CAUCA,Congreso 2026,Cámara,NA,4,CABILDO INDÉGENA TEVIS,79,5700,1689,7389,1.0691568547841386
VALLE DEL CAUCA,Congreso 2026,Cámara,NA,4,FUERZA ANCESTRAL,234,5700,1689,7389,3.1668696711327646
VALLE DEL CAUCA,Congreso 2026,Cámara,NA,4,"MOVIMIENTO ALTERNATIVO INDÍGENA Y SOCIAL ""MAIS""",2770,5700,1689,7389,37.48815807281093
VALLE DEL CAUCA,Congreso 2026,Cámara,NA,4,MOVIMIENTO UNIDAD EN MINGA POR COLOMBIA,1643,5700,1689,7389,22.235755853295437
VALLE DEL CAUCA,Congreso 2026,Cámara,NA,4,PARTIDO INDÉGENA ZENÚ (PIZ),66,5700,1689,7389,0.8932196508323184
VALLE DEL CAUCA,Congreso 2026,Cámara,NA,4,PARTIDO INDÍGENA COLOMBIANO P.I.C,537,5700,1689,7389,7.267559886317498
VALLE DEL CAUCA,Congreso 2026,Cámara,NA,4,TRIETNICO GOBERNATIVO TRIGO,39,5700,1689,7389,0.5278116118554608
VALLE DEL CAUCA,Congreso 2026,Cámara,NA,5,AFRO CYC,71,40040,9935,49975,0.14207103551775888
VALLE DEL CAUCA,Congreso 2026,Cámara,NA,5,AFROEMPRENDIMIENTO,768,40040,9935,49975,1.536768384192096
VALLE DEL CAUCA,Congreso 2026,Cámara,NA,5,AFROSLIBRES,356,40040,9935,49975,0.7123561780890445
VALLE DEL CAUCA,Congreso 2026,Cámara,NA,5,"ASOCIACIÓN AFROCOLOMBIANA ""ASOMAKIDZON""",120,40040,9935,49975,0.240120060030015
VALLE DEL CAUCA,Congreso 2026,Cámara,NA,5,ASOCIACIÓN AFRODESCENDIENTE PACÍFICO POR LA PAZ,210,40040,9935,49975,0.42021010505252626
VALLE DEL CAUCA,Congreso 2026,Cámara,NA,5,ASOCIACIÓN ÉTNICA MUNDO DIVERSO INTERCULTURAL,64,40040,9935,49975,0.128064032016008
VALLE DEL CAUCA,Congreso 2026,Cámara,NA,5,ASOCONEG,216,40040,9935,49975,0.43221610805402705
VALLE DEL CAUCA,Congreso 2026,Cámara,NA,5,ASTECA,45,40040,9935,49975,0.09004502251125564
VALLE DEL CAUCA,Congreso 2026,Cámara,NA,5,C.C. DE LA COMUNIDAD NEGRA DE LA VEREDA EL ESFUERZO,1381,40040,9935,49975,2.7633816908454225
VALLE DEL CAUCA,Congreso 2026,Cámara,NA,5,COCOPEMA,167,40040,9935,49975,0.3341670835417709
VALLE DEL CAUCA,Congreso 2026,Cámara,NA,5,COMUNIDAD AFROCOLOMBIANA DE LA SIERRA NEVADA,173,40040,9935,49975,0.34617308654327167
VALLE DEL CAUCA,Congreso 2026,Cámara,NA,5,CONSEJO COMUNITARIO AFROZABALETAS,357,40040,9935,49975,0.7143571785892947
VALLE DEL CAUCA,Congreso 2026,Cámara,NA,5,CONSEJO COMUNITARIO AFROÉTNICO DE RISARALDA,148,40040,9935,49975,0.29614807403701854
VALLE DEL CAUCA,Congreso 2026,Cámara,NA,5,CONSEJO COMUNITARIO ALTO MIRA Y FRONTERA,43,40040,9935,49975,0.08604302151075538
VALLE DEL CAUCA,Congreso 2026,Cámara,NA,5,CONSEJO COMUNITARIO CASIMIRO MEZA MENDOZA-COCONEBO,34,40040,9935,49975,0.06803401700850426
VALLE DEL CAUCA,Congreso 2026,Cámara,NA,5,CONSEJO COMUNITARIO DE COMUNIDADES NEGRAS CUENCA RÍO OVEJAS,2399,40040,9935,49975,4.80040020010005
VALLE DEL CAUCA,Congreso 2026,Cámara,NA,5,CONSEJO COMUNITARIO DE CÉRTEGUI,68,40040,9935,49975,0.1360680340170085
VALLE DEL CAUCA,Congreso 2026,Cámara,NA,5,CONSEJO COMUNITARIO DE LA COMUNIDAD NEGRA DE LIMONES,5781,40040,9935,49975,11.567783891945973
VALLE DEL CAUCA,Congreso 2026,Cámara,NA,5,"CONSEJO COMUNITARIO DE PIZARRO ""CONCOPI""",637,40040,9935,49975,1.2746373186593296
VALLE DEL CAUCA,Congreso 2026,Cámara,NA,5,CONSEJO COMUNITARIO DE QUINAMAYO,407,40040,9935,49975,0.8144072036018009
VALLE DEL CAUCA,Congreso 2026,Cámara,NA,5,"CONSEJO COMUNITARIO DE TRUANDO - LA TERESITA ""COCOTRUMETE""",57,40040,9935,49975,0.11405702851425713
VALLE DEL CAUCA,Congreso 2026,Cámara,NA,5,CONSEJO COMUNITARIO EL NARANJO,13729,40040,9935,49975,27.471735867933965
VALLE DEL CAUCA,Congreso 2026,Cámara,NA,5,"CONSEJO COMUNITARIO INTEGRAL DE LLORÓ ""COCOILLO""",34,40040,9935,49975,0.06803401700850426
VALLE DEL CAUCA,Congreso 2026,Cámara,NA,5,CONSEJO COMUNITARIO KUSUTOMA - GENDE COKUMALU,123,40040,9935,49975,0.24612306153076538
VALLE DEL CAUCA,Congreso 2026,Cámara,NA,5,CONSEJO COMUNITARIO LA GRAN VÍA DE LOS REMEDIOS,4098,40040,9935,49975,8.200100050025013
VALLE DEL CAUCA,Congreso 2026,Cámara,NA,5,CONSEJO COMUNITARIO MANUEL ZAPATA OLIVELLA DE SAN ANTERO,1782,40040,9935,49975,3.5657828914457226
VALLE DEL CAUCA,Congreso 2026,Cámara,NA,5,CONSEJO COMUNITARIO NEGROS UNIDOS,63,40040,9935,49975,0.12606303151575787
VALLE DEL CAUCA,Congreso 2026,Cámara,NA,5,CONSEJO COMUNITARIO NUEVA ESPERANZA,178,40040,9935,49975,0.35617808904452225
VALLE DEL CAUCA,Congreso 2026,Cámara,NA,5,CONSEJO COMUNITARIO PANAMÁ DE ARAUCA,23,40040,9935,49975,0.04602301150575288
VALLE DEL CAUCA,Congreso 2026,Cámara,NA,5,CONSEJO COMUNITARIO RÍO DE GUADUAS - CHIGORODÓ,161,40040,9935,49975,0.32216108054027015
VALLE DEL CAUCA,Congreso 2026,Cámara,NA,5,CONSEJO COMUNITARIO UNIÍN DEL RÍO ROSARIO,167,40040,9935,49975,0.3341670835417709
VALLE DEL CAUCA,Congreso 2026,Cámara,NA,5,CONSEJO COMUNITARIO VEREDAS UNIDAS POR UN BIEN COMÚN,103,40040,9935,49975,0.2061030515257629
VALLE DEL CAUCA,Congreso 2026,Cámara,NA,5,CONSEJO LABORAL AFROCOLOMBIANO CLAF - BOGOTÁ,46,40040,9935,49975,0.09204602301150576
VALLE DEL CAUCA,Congreso 2026,Cámara,NA,5,CRISTIANOS POR COLOMBIA AFROS,144,40040,9935,49975,0.288144072036018
VALLE DEL CAUCA,Congreso 2026,Cámara,NA,5,"EXPRESIÓN AFRO, AMBIENTAL Y CULTURAL COLOMBIA CON DIGNIDAD",1215,40040,9935,49975,2.4312156078039022
VALLE DEL CAUCA,Congreso 2026,Cámara,NA,5,FUNDACIÓN ARTÍSTICA CULTURAL SALSA Y RUMBA,209,40040,9935,49975,0.41820910455227617
VALLE DEL CAUCA,Congreso 2026,Cámara,NA,5,"FUNDACIÓN ECOLÓGICA, RURAL Y URBANA DEL PACÍFICO ""FUNERPA""",113,40040,9935,49975,0.22611305652826416
VALLE DEL CAUCA,Congreso 2026,Cámara,NA,5,FUNDACIÓN ORSUBA,866,40040,9935,49975,1.7328664332166084
VALLE DEL CAUCA,Congreso 2026,Cámara,NA,5,"FUNDACIÓN SEMILLAS PARA UNA VIDA DIGNA ""FUSEMVID""",184,40040,9935,49975,0.36818409204602304
VALLE DEL CAUCA,Congreso 2026,Cámara,NA,5,LOS SABANEROS DEL CORREGIMIENTO DE MINGUILLO,114,40040,9935,49975,0.22811405702851426
VALLE DEL CAUCA,Congreso 2026,Cámara,NA,5,OEAFROBOL,39,40040,9935,49975,0.07803901950975488
VALLE DEL CAUCA,Congreso 2026,Cámara,NA,5,OEAPUN,20,40040,9935,49975,0.04002001000500251
VALLE DEL CAUCA,Congreso 2026,Cámara,NA,5,OSAVIPLAR,27,40040,9935,49975,0.05402701350675338
VALLE DEL CAUCA,Congreso 2026,Cámara,NA,5,PARTIDO DEMÓCRATA COLOMBIANO,199,40040,9935,49975,0.3981990995497749
VALLE DEL CAUCA,Congreso 2026,Cámara,NA,5,PARTIDO ECOLOGISTA COLOMBIANO,2211,40040,9935,49975,4.424212106053027
VALLE DEL CAUCA,Congreso 2026,Cámara,NA,5,TODO ES POSIBLE,690,40040,9935,49975,1.3806903451725863
VALLE DEL CAUCA,Congreso 2026,Senado,NA,0,AHORA COLOMBIA,86875,1675721,44681,1720402,5.049691874340997
VALLE DEL CAUCA,Congreso 2026,Senado,NA,0,ALIANZA POR COLOMBIA,108396,1675721,44681,1720402,6.30062043638638
VALLE DEL CAUCA,Congreso 2026,Senado,NA,0,COALICIÓN CAMBIO RADICAL - ALMA,101366,1675721,44681,1720402,5.8919950104684835
VALLE DEL CAUCA,Congreso 2026,Senado,NA,0,COALICIÓN FUERZA CIUDADANA,5559,1675721,44681,1720402,0.3231221540081911
VALLE DEL CAUCA,Congreso 2026,Senado,NA,0,COLOMBIA SEGURA Y PRÓSPERA,622,1675721,44681,1720402,0.03615434067154072
VALLE DEL CAUCA,Congreso 2026,Senado,NA,0,CREEMOS,2937,1675721,44681,1720402,0.17071591407124614
VALLE DEL CAUCA,Congreso 2026,Senado,NA,0,FRENTE AMPLIO UNITARIO,31422,1675721,44681,1720402,1.8264335893587662
VALLE DEL CAUCA,Congreso 2026,Senado,NA,0,LA LISTA DE OVIEDO - CON TODA POR COLOMBIA,4006,1675721,44681,1720402,0.23285255422860468
VALLE DEL CAUCA,Congreso 2026,Senado,NA,0,MOVIMIENTO SALVACIÓN NACIONAL,68995,1675721,44681,1720402,4.010399894908283
VALLE DEL CAUCA,Congreso 2026,Senado,NA,0,PACTO HISTÓRICO SENADO,624376,1675721,44681,1720402,36.29244792786802
VALLE DEL CAUCA,Congreso 2026,Senado,NA,0,PARTIDO CENTRO DEMOCRÁTICO,191942,1675721,44681,1720402,11.156811024400112
VALLE DEL CAUCA,Congreso 2026,Senado,NA,0,PARTIDO CONSERVADOR COLOMBIANO,70189,1675721,44681,1720402,4.079802278769729
VALLE DEL CAUCA,Congreso 2026,Senado,NA,0,PARTIDO DE LA UNIÓN POR LA GENTE - PARTIDO DE LA U,243238,1675721,44681,1720402,14.138439736759198
VALLE DEL CAUCA,Congreso 2026,Senado,NA,0,PARTIDO LIBERAL COLOMBIANO,133079,1675721,44681,1720402,7.735343251170367
VALLE DEL CAUCA,Congreso 2026,Senado,NA,0,PARTIDO POLÍTICO OXÍGENO,1730,1675721,44681,1720402,0.10055789286457467
VALLE DEL CAUCA,Congreso 2026,Senado,NA,0,PATRIOTAS,989,1675721,44681,1720402,0.0574865641867424
VALLE DEL CAUCA,Congreso 2026,Senado,NA,4,ACMIZSAM,41,8553,2309,10862,0.3774627140489781
VALLE DEL CAUCA,Congreso 2026,Senado,NA,4,ASOCIACIÓN DE AUTORIDADES TRADICIONALES INDÍGENAS,434,8553,2309,10862,3.995580924323329
VALLE DEL CAUCA,Congreso 2026,Senado,NA,4,ASOCIACIÓN DE CABILDOS INDÍGENAS POR COLOMBIA,85,8553,2309,10862,0.7825446510771498
VALLE DEL CAUCA,Congreso 2026,Senado,NA,4,"ASOCIACIÓN NACIONAL INDÍGENA DE COLOMBIA ""ANIC""",155,8553,2309,10862,1.4269931872583317
VALLE DEL CAUCA,Congreso 2026,Senado,NA,4,CABILDO INDÉGENA TEVIS,67,8553,2309,10862,0.6168293132019885
VALLE DEL CAUCA,Congreso 2026,Senado,NA,4,"MOVIMIENTO ALTERNATIVO INDÍGENA Y SOCIAL ""MAIS""",3491,8553,2309,10862,32.13956914012152
VALLE DEL CAUCA,Congreso 2026,Senado,NA,4,"MOVIMIENTO AUTORIDADES INDÍGENAS DE COLOMBIA ""AICO""",2267,8553,2309,10862,20.870926164610566
VALLE DEL CAUCA,Congreso 2026,Senado,NA,4,MOVIMIENTO SI,142,8553,2309,10862,1.3073098876818265
VALLE DEL CAUCA,Congreso 2026,Senado,NA,4,MOVIMIENTO UNIDAD EN MINGA POR COLOMBIA,1842,8553,2309,10862,16.95820290922482
VALLE DEL CAUCA,Congreso 2026,Senado,NA,4,TRIETNICO GOBERNATIVO TRIGO,29,8553,2309,10862,0.266985822132204
VALLE DEL CAUCA,Presidencia 2026,Presidencia,1V,0,ABELARDO DE LA ESPRIELLA,711766,2068619,40004,2108623,33.75501452843871
VALLE DEL CAUCA,Presidencia 2026,Presidencia,1V,0,CLAUDIA LÓPEZ,12525,2068619,40004,2108623,0.5939895372477678
VALLE DEL CAUCA,Presidencia 2026,Presidencia,1V,0,GUSTAVO MATAMOROS CAMACHO,483,2068619,40004,2108623,0.02290594383159057
VALLE DEL CAUCA,Presidencia 2026,Presidencia,1V,0,IVÁN CEPEDA CASTRO,1124311,2068619,40004,2108623,53.319678292421166
VALLE DEL CAUCA,Presidencia 2026,Presidencia,1V,0,MIGUEL URIBE LONDOÑO,2033,2068619,40004,2108623,0.0964136310758253
VALLE DEL CAUCA,Presidencia 2026,Presidencia,1V,0,PALOMA VALENCIA LASERNA,118664,2068619,40004,2108623,5.627558838161208
VALLE DEL CAUCA,Presidencia 2026,Presidencia,1V,0,RAÚL SANTIAGO BOTERO JARAMILLO,15232,2068619,40004,2108623,0.7223671561962475
VALLE DEL CAUCA,Presidencia 2026,Presidencia,1V,0,ROY LEONARDO BARRERAS MONTEALEGRE,1498,2068619,40004,2108623,0.07104162289797654
VALLE DEL CAUCA,Presidencia 2026,Presidencia,1V,0,SERGIO FAJARDO VALDERRAMA,77322,2068619,40004,2108623,3.6669428342572377
VALLE DEL CAUCA,Presidencia 2026,Presidencia,1V,0,SONDRA MACOLLINS GARVIN PINTO,1668,2068619,40004,2108623,0.07910375633766681
VALLE DEL CAUCA,Presidencia 2026,Presidencia,1V,0,ÓSCAR MAURICIO LIZCANO ARANGO,3117,2068619,40004,2108623,0.1478215878324385
VALLE DEL CAUCA,Presidencia 2026,Presidencia,2V,0,ABELARDO DE LA ESPRIELLA,869833,2273795,34385,2308180,37.68479927908569
VALLE DEL CAUCA,Presidencia 2026,Presidencia,2V,0,IVÁN CEPEDA CASTRO,1403962,2273795,34385,2308180,60.825498877903804
