DEP,MUN,ZONA,PUESTO,ID_PUESTO,PUESNOMBRE,territorio_tipo,territorio_codigo,territorio_nombre,barrio,latitud,longitud,metodo_cruce,estado_cruce,comuna_electoral,comuna_cartografica,correg_electoral,correg_cartografico
31,001,01,01,31-001-01-01,ESC. JOSE ACEVEDO Y GOMEZ,comuna,01,Comuna 1,,,,SOLO_ELECTORAL,NO_ENCONTRADO,1,,,
31,001,01,02,31-001-01-02,IE JOSE HOLGUIN GARCES,comuna,01,Comuna 1,,,,SOLO_ELECTORAL,NO_ENCONTRADO,1,,,
31,001,01,03,31-001-01-03,IE JOSE CELESTINO MUTIS,comuna,01,Comuna 1,,,,SOLO_ELECTORAL,NO_ENCONTRADO,1,,,
31,001,01,04,31-001-01-04,COLISEO BAJO AGUACATAL,comuna,01,Comuna 1,,,,SOLO_ELECTORAL,NO_ENCONTRADO,1,,,
31,001,01,05,31-001-01-05,IE CECILIA CABALLERO,comuna,01,Comuna 1,Vista Hermosa,3.454033033891556,-76.57731316633559,ID_EXACTO+ESPACIAL,EXACTO,1,1,,
31,001,01,06,31-001-01-06,SEDE MARICE SINISTERRA TERRON,comuna,01,Comuna 1,Terron Colorado,3.4522250072943743,-76.56734439979735,ID_EXACTO+ESPACIAL,EXACTO,1,1,,
31,001,01,07,31-001-01-07,COL SANTA ISABEL DE HUNGRIA AGUACATAL,comuna,01,Comuna 1,Terron Colorado,3.454956565791356,-76.55902228613482,ID_EXACTO+ESPACIAL,EXACTO,1,1,,
31,001,01,08,31-001-01-08,IE ISAIAS GAMBOA,comuna,01,Comuna 1,Aguacatal,3.4586074798209228,-76.55045271798146,ID_EXACTO+ESPACIAL,EXACTO,1,1,,
31,001,01,09,31-001-01-09,IE LUIS FERNANDO CAICEDO,comuna,01,Comuna 1,,,,SOLO_ELECTORAL,NO_ENCONTRADO,1,,,
31,001,02,01,31-001-02-01,INST UNIV ANTONIO JOSE CAMACHO,comuna,02,Comuna 2,Vista Hermosa,3.457121155315596,-76.5826152800038,ID_EXACTO+ESPACIAL,REQUIERE_VALIDACION,2,1,,
31,001,02,02,31-001-02-02,EDIFICIO FERROCARRILES NACIONALES,comuna,02,Comuna 2,Vista Hermosa,3.4527710571663803,-76.57618017680701,ID_EXACTO+ESPACIAL,REQUIERE_VALIDACION,2,1,,
31,001,02,03,31-001-02-03,C.A.M.,comuna,02,Comuna 2,Aguacatal,3.456347410555836,-76.56281982775414,ID_EXACTO+ESPACIAL,REQUIERE_VALIDACION,2,1,,
31,001,02,04,31-001-02-04,COLEGIO ODONTOLOGICO,comuna,02,Comuna 2,Aguacatal,3.462343711769519,-76.56033848195571,ID_EXACTO+ESPACIAL,REQUIERE_VALIDACION,2,1,,
31,001,02,05,31-001-02-05,ACADEMIA DE DIBUJO PROFESIONAL,comuna,02,Comuna 2,Santa Mónica,3.47097765036368,-76.52703550778197,ID_EXACTO+ESPACIAL,EXACTO,2,2,,
31,001,02,06,31-001-02-06,COLEGIO HISPANOAMERICANO,comuna,02,Comuna 2,San Vicente,3.466520935662591,-76.52305206331621,ID_EXACTO+ESPACIAL,EXACTO,2,2,,
31,001,03,01,31-001-03-01,PARQUE DE LAS ORQUIDEAS,comuna,02,Comuna 2,Centenario,3.4545191237065227,-76.53415952706058,ID_EXACTO+ESPACIAL,EXACTO,2,2,,
31,001,03,02,31-001-03-02,IE SANTA CECILIA,comuna,02,Comuna 2,Granada,3.4561474942742154,-76.53300999645252,ID_EXACTO+ESPACIAL,EXACTO,2,2,,
31,001,03,03,31-001-03-03,ESCUELA REPUBLICA DEL BRASIL,comuna,02,Comuna 2,Santa Mónica,3.4703909891832123,-76.53102907164174,ID_EXACTO+ESPACIAL,EXACTO,2,2,,
31,001,03,04,31-001-03-04,ESCUELA BRISAS DE LOS ALAMOS,comuna,02,Comuna 2,Prados del Norte,3.473443454186896,-76.5224846379267,ID_EXACTO+ESPACIAL,EXACTO,2,2,,
31,001,03,05,31-001-03-05,COLEGIO LEONISTICO LA MERCED,comuna,02,Comuna 2,Urbanización La Merced,3.4779034913700775,-76.51180643781319,ID_EXACTO+ESPACIAL,EXACTO,2,2,,
31,001,03,06,31-001-03-06,CORPORACION PARA LA TERCERA EDAD,comuna,02,Comuna 2,,,,SOLO_ELECTORAL,NO_ENCONTRADO,2,,,
31,001,04,01,31-001-04-01,ASAMBLEA DEPARTAMENTAL,comuna,03,Comuna 3,Ciudad Los Alamos,3.4882824978202387,-76.50874233576907,ID_EXACTO+ESPACIAL,REQUIERE_VALIDACION,3,2,,
31,001,04,02,31-001-04-02,ESCUELA CARLOS A SARDI,comuna,03,Comuna 3,La Campiña,3.4821306638865073,-76.52863954185506,ID_EXACTO+ESPACIAL,REQUIERE_VALIDACION,3,2,,
31,001,04,03,31-001-04-03,IE SANTA LIBRADA,comuna,03,Comuna 3,Brisas de Los Alamos,3.491574267894871,-76.50453080238346,ID_EXACTO+ESPACIAL,REQUIERE_VALIDACION,3,2,,
31,001,04,04,31-001-04-04,IE NORMAL SUPERIOR LOS FARALLONES,comuna,03,Comuna 3,Vipasa,3.479334543313502,-76.51968064044468,ID_EXACTO+ESPACIAL,REQUIERE_VALIDACION,3,2,,
31,001,04,05,31-001-04-05,ESCUELA REPUBLICA DE MEXICO,comuna,03,Comuna 3,Santa Rosa,3.448349314693651,-76.53392528341601,ID_EXACTO+ESPACIAL,EXACTO,3,3,,
31,001,04,06,31-001-04-06,CENTRO COMERCIAL ARISTI,comuna,03,Comuna 3,,,,SOLO_ELECTORAL,NO_ENCONTRADO,3,,,
31,001,04,07,31-001-04-07,CENTRO COMERCIAL GRAN COMERCIO,comuna,03,Comuna 3,,,,SOLO_ELECTORAL,NO_ENCONTRADO,3,,,
31,001,05,01,31-001-05-01,SEDE MANUELA BELTRAN,comuna,04,Comuna 4,San Antonio,3.4482602766083845,-76.5394710283908,ID_EXACTO+ESPACIAL,REQUIERE_VALIDACION,4,3,,
31,001,05,02,31-001-05-02,IE JOSE ANTONIO GALAN,comuna,04,Comuna 4,San Juan Bosco,3.4416500437310766,-76.53564130030477,ID_EXACTO+ESPACIAL,REQUIERE_VALIDACION,4,3,,
31,001,05,03,31-001-05-03,ESCUELA RAFAEL ZAMORANO,comuna,04,Comuna 4,Navarro - La chanca,3.442623688096716,-76.54400794531396,ID_EXACTO+ESPACIAL,REQUIERE_VALIDACION,4,3,,
31,001,05,04,31-001-05-04,COLEGIO INEM,comuna,04,Comuna 4,San Nicolas,3.4542149912130657,-76.52506173642733,ID_EXACTO+ESPACIAL,REQUIERE_VALIDACION,4,3,,
31,001,05,05,31-001-05-05,IE CASD SEDE SANTO TOMAS,comuna,04,Comuna 4,Santander,3.462994206011471,-76.51424131895436,ID_EXACTO+ESPACIAL,EXACTO,4,4,,
31,001,05,06,31-001-05-06,SEDE SAN VICENTE DE PAUL,comuna,04,Comuna 4,Popular,3.469212230697215,-76.51267500359735,ID_EXACTO+ESPACIAL,EXACTO,4,4,,
31,001,05,07,31-001-05-07,INSTITUTO COMERCIAL ARQUIDIOCESANO,comuna,04,Comuna 4,Guillermo Valencia,3.472120558778714,-76.50941291119577,ID_EXACTO+ESPACIAL,EXACTO,4,4,,
31,001,05,08,31-001-05-08,IE LA MERCED,comuna,04,Comuna 4,Flora Industrial,3.481836278081527,-76.50213622140019,ID_EXACTO+ESPACIAL,EXACTO,4,4,,
31,001,06,01,31-001-06-01,SENA,comuna,05,Comuna 5,Sultana - Berlina,3.46642638073513,-76.51690003754145,ID_EXACTO+ESPACIAL,REQUIERE_VALIDACION,5,4,,
31,001,06,02,31-001-06-02,IE CELMIRA BUENO DE OREJUELA,comuna,05,Comuna 5,Salomia,3.465227451356427,-76.50593290074707,ID_EXACTO+ESPACIAL,REQUIERE_VALIDACION,5,4,,
31,001,06,03,31-001-06-03,ESCUELA MARIANO OSPINA PEREZ,comuna,05,Comuna 5,Olaya Herrera,3.47992493957179,-76.50856036499688,ID_EXACTO+ESPACIAL,REQUIERE_VALIDACION,5,4,,
31,001,06,04,31-001-06-04,ESCUELA MARIA PANESSO,comuna,05,Comuna 5,Salomia,3.4623909066862004,-76.503012816086,ID_EXACTO+ESPACIAL,REQUIERE_VALIDACION,5,4,,
31,001,06,05,31-001-06-05,ESCUELA MARIO LLOREDA,comuna,05,Comuna 5,El Sena,3.4676550187446162,-76.5010732215539,ID_EXACTO+ESPACIAL,EXACTO,5,5,,
31,001,06,06,31-001-06-06,IE SIMON RODRIGUEZ,comuna,05,Comuna 5,,,,SOLO_ELECTORAL,NO_ENCONTRADO,5,,,
31,001,07,01,31-001-07-01,POLIDEPORTIVO LOS GUADUALES,comuna,06,Comuna 6,Chiminangos II,3.4784579980501205,-76.4935691135156,ID_EXACTO+ESPACIAL,REQUIERE_VALIDACION,6,5,,
31,001,07,02,31-001-07-02,ESCUELA LAS AMERICAS,comuna,06,Comuna 6,Los Guayacanes,3.4724736873969833,-76.48878054718837,ID_EXACTO+ESPACIAL,REQUIERE_VALIDACION,6,5,,
31,001,07,03,31-001-07-03,ESCUELA PABLO EMILIO CAICEDO,comuna,06,Comuna 6,El Sena,3.4651202883937873,-76.50369364034269,ID_EXACTO+ESPACIAL,REQUIERE_VALIDACION,6,5,,
31,001,07,04,31-001-07-04,SANTA ISABEL DE HUNGRIA CALIMIO NORTE,comuna,06,Comuna 6,El Sena,3.4712320578070877,-76.50335497531387,ID_EXACTO+ESPACIAL,REQUIERE_VALIDACION,6,5,,
31,001,07,05,31-001-07-05,SEDE CECILIA MUÑOZ RICAURTE,comuna,06,Comuna 6,Los Guaduales,3.489657570862342,-76.50186073828075,ID_EXACTO+ESPACIAL,EXACTO,6,6,,
31,001,08,01,31-001-08-01,ESCUELA SAN JORGE,comuna,06,Comuna 6,Ciudadela Floralia,3.496981639728727,-76.49141223772746,ID_EXACTO+ESPACIAL,EXACTO,6,6,,
31,001,08,02,31-001-08-02,IE PEDRO ANTONIO MOLINA,comuna,06,Comuna 6,Paso del Comercio,3.4935860070056575,-76.48995152543799,ID_EXACTO+ESPACIAL,EXACTO,6,6,,
31,001,08,03,31-001-08-03,ESCUELA TRES DE JULIO,comuna,06,Comuna 6,Urb. Calimio,3.489247207007567,-76.48549195563542,ID_EXACTO+ESPACIAL,EXACTO,6,6,,
31,001,08,04,31-001-08-04,ESCUELA ATANASIO GIRARDOT,comuna,06,Comuna 6,Ciudadela Floralia,3.4979973796502355,-76.49502034580618,ID_EXACTO+ESPACIAL,EXACTO,6,6,,
31,001,08,05,31-001-08-05,UNIDAD DEPORTIVA PETECUY II,comuna,06,Comuna 6,Petecuy III,3.475796076203375,-76.48144869864976,ID_EXACTO+ESPACIAL,EXACTO,6,6,,
31,001,08,06,31-001-08-06,SEDE LOS VENCEDORES,comuna,06,Comuna 6,San Luis,3.481884751657617,-76.48756038964014,ID_EXACTO+ESPACIAL,EXACTO,6,6,,
31,001,09,01,31-001-09-01,COL STA ISABEL HUNGRIA ALFONSO LOPEZ,comuna,07,Comuna 7,La Rivera I,3.4756359334919034,-76.48647158110595,ID_EXACTO+ESPACIAL,REQUIERE_VALIDACION,7,6,,
31,001,09,02,31-001-09-02,ESCUELA LOS FARALLONES,comuna,07,Comuna 7,Los Alcazares,3.4876755410291542,-76.49144075506585,ID_EXACTO+ESPACIAL,REQUIERE_VALIDACION,7,6,,
31,001,09,03,31-001-09-03,IE VICENTE BORRERO COSTA,comuna,07,Comuna 7,Petecuy Segunda Etapa,3.47936457141744,-76.48253705551049,ID_EXACTO+ESPACIAL,REQUIERE_VALIDACION,7,6,,
31,001,09,04,31-001-09-04,ESCUELA MANUEL MARIA MALLARINO,comuna,07,Comuna 7,San Luis II,3.4886226319035543,-76.48776516083272,ID_EXACTO+ESPACIAL,REQUIERE_VALIDACION,7,6,,
31,001,09,05,31-001-09-05,IE JUAN BAUTISTA DE LA SALLE,comuna,07,Comuna 7,Alfonso Lopez II,3.459403758655039,-76.47980423646361,ID_EXACTO+ESPACIAL,EXACTO,7,7,,
31,001,09,06,31-001-09-06,IE ALFONSO LOPEZ PUMAREJO,comuna,07,Comuna 7,Alfonso Lopez II,3.4583256711178896,-76.48186114209264,ID_EXACTO+ESPACIAL,EXACTO,7,7,,
31,001,09,07,31-001-09-07,SEDE CENTRAL PROVIVIENDA,comuna,07,Comuna 7,,,,SOLO_ELECTORAL,NO_ENCONTRADO,7,,,
31,001,10,01,31-001-10-01,IE MANUEL MARIA MALLARINO CEIBAS,comuna,07,Comuna 7,Alfonso Lopez III,3.4534826473061155,-76.48017582454403,ID_EXACTO+ESPACIAL,EXACTO,7,7,,
31,001,10,02,31-001-10-02,ESCUELA CARLOS HOLGUIN SARDI,comuna,07,Comuna 7,Puerto Mallarino,3.4485163474225895,-76.47910643316816,ID_EXACTO+ESPACIAL,EXACTO,7,7,,
31,001,10,03,31-001-10-03,ESCUELA ANA MARIA VERNAZA,comuna,07,Comuna 7,Urb. El Angel del Hogar,3.448421143561875,-76.48168379241748,ID_EXACTO+ESPACIAL,EXACTO,7,7,,
31,001,10,04,31-001-10-04,IE SIETE DE AGOSTO,comuna,07,Comuna 7,Alfonso Lopez III,3.4540335389638144,-76.48352907548451,ID_EXACTO+ESPACIAL,EXACTO,7,7,,
31,001,11,01,31-001-11-01,ESCUELA MANUEL REBOLLEDO,comuna,08,Comuna 8,Las Ceibas,3.4576016061739137,-76.48862387034787,ID_EXACTO+ESPACIAL,REQUIERE_VALIDACION,8,7,,
31,001,11,02,31-001-11-02,INST TEC COMERCIAL LAS AMERICAS,comuna,08,Comuna 8,San Marino,3.4602907410034094,-76.48793198459086,ID_EXACTO+ESPACIAL,REQUIERE_VALIDACION,8,7,,
31,001,11,03,31-001-11-03,IE SANTA FE,comuna,08,Comuna 8,Siete de Agosto,3.450407292911329,-76.48447737405799,ID_EXACTO+ESPACIAL,REQUIERE_VALIDACION,8,7,,
31,001,11,04,31-001-11-04,IE BENJAMIN HERRERA,comuna,08,Comuna 8,Siete de Agosto,3.4472758130706382,-76.48658199297299,ID_EXACTO+ESPACIAL,REQUIERE_VALIDACION,8,7,,
31,001,11,05,31-001-11-05,IE EVARISTO GARCIA,comuna,08,Comuna 8,Rafael Uribe Uribe,3.4399186834702253,-76.51076559543372,ID_EXACTO+ESPACIAL,EXACTO,8,8,,
31,001,12,01,31-001-12-01,COLEGIO LEON DE GREIFF,comuna,08,Comuna 8,Las Americas,3.446938260501079,-76.50720296918911,ID_EXACTO+ESPACIAL,EXACTO,8,8,,
31,001,12,02,31-001-12-02,COLEGIO NUESTRA SRA DE LA ANUNCIACION,comuna,08,Comuna 8,Santa Fe,3.441477011317521,-76.50754721886383,ID_EXACTO+ESPACIAL,EXACTO,8,8,,
31,001,12,03,31-001-12-03,COLEGIO SAN FRANCISCO DE ASIS,comuna,08,Comuna 8,Benjamin Herrera,3.4469136372284948,-76.51768588810904,ID_EXACTO+ESPACIAL,EXACTO,8,8,,
31,001,12,04,31-001-12-04,IE ALBERTO CARVAJAL BORRERO,comuna,08,Comuna 8,,,,SOLO_ELECTORAL,NO_ENCONTRADO,8,,,
31,001,13,01,31-001-13-01,ESCUELA MARCO FIDEL SUAREZ,comuna,09,Comuna 9,Saavedra Galindo,3.442737703254965,-76.51346535584346,ID_EXACTO+ESPACIAL,REQUIERE_VALIDACION,9,8,,
31,001,13,02,31-001-13-02,ESC NUESTRA SEÑORA DE LOS REMEDIOS,comuna,09,Comuna 9,Villacolombia,3.4473887425263494,-76.50005078290705,ID_EXACTO+ESPACIAL,REQUIERE_VALIDACION,9,8,,
31,001,13,03,31-001-13-03,IE REPUBLICA DE ARGENTINA,comuna,09,Comuna 9,El Trebol,3.444764125555513,-76.4963691569493,ID_EXACTO+ESPACIAL,REQUIERE_VALIDACION,9,8,,
31,001,13,04,31-001-13-04,ESCUELA OLGA LUCIA LLOREDA,comuna,09,Comuna 9,Chapinero,3.444754036310429,-76.49963828552258,ID_EXACTO+ESPACIAL,REQUIERE_VALIDACION,9,8,,
31,001,13,05,31-001-13-05,IE ANTONIO JOSE CAMACHO,comuna,09,Comuna 9,Alameda,3.440546808913636,-76.53489050284708,ID_EXACTO+ESPACIAL,EXACTO,9,9,,
31,001,13,06,31-001-13-06,IE GENERAL ALFREDO VASQUEZ COBO,comuna,09,Comuna 9,Belalcazar,3.439755568943563,-76.52162835293356,ID_EXACTO+ESPACIAL,EXACTO,9,9,,
31,001,14,01,31-001-14-01,SEDE REPUBLICA DE COSTA RICA,comuna,10,Comuna 10,Obrero,3.447801457447054,-76.51933103038583,ID_EXACTO+ESPACIAL,REQUIERE_VALIDACION,10,9,,
31,001,14,02,31-001-14-02,ESCUELA FERNANDO VELASCO,comuna,10,Comuna 10,Junin,3.435338245244065,-76.52683939523583,ID_EXACTO+ESPACIAL,REQUIERE_VALIDACION,10,9,,
31,001,14,03,31-001-14-03,IE NORMAL SUPERIOR SANTIAGO,comuna,10,Comuna 10,Guayaquil,3.4409299111705183,-76.52947632458853,ID_EXACTO+ESPACIAL,REQUIERE_VALIDACION,10,9,,
31,001,14,04,31-001-14-04,IE CARLOS HOLGUIN LLOREDA,comuna,10,Comuna 10,Guayaquil,3.4368465961724586,-76.5252462048824,ID_EXACTO+ESPACIAL,REQUIERE_VALIDACION,10,9,,
31,001,14,05,31-001-14-05,IE JOSE MARIA VIVAS BALCAZAR,comuna,10,Comuna 10,El Guabal,3.415564351150725,-76.5261896934715,ID_EXACTO+ESPACIAL,EXACTO,10,10,,
31,001,15,01,31-001-15-01,CENTRO PARROQUIAL SAN JUAN BAUTISTA,comuna,10,Comuna 10,San Judas Tadeo I,3.41093779838605,-76.52309879568048,ID_EXACTO+ESPACIAL,EXACTO,10,10,,
31,001,15,02,31-001-15-02,ESCUELA SAN ROQUE,comuna,10,Comuna 10,Colseguros Andes,3.424299585023878,-76.53107513159495,ID_EXACTO+ESPACIAL,EXACTO,10,10,,
31,001,15,03,31-001-15-03,IE RAFAEL NAVIA VARON,comuna,10,Comuna 10,El Guabal,3.418360158240239,-76.52250796343192,ID_EXACTO+ESPACIAL,EXACTO,10,10,,
31,001,15,04,31-001-15-04,ESCUELA GENERAL CARLOS ALBAN,comuna,10,Comuna 10,La Selva,3.409485208914934,-76.53007652316568,ID_EXACTO+ESPACIAL,EXACTO,10,10,,
31,001,16,01,31-001-16-01,IE AGUSTIN NIETO CABALLERO,comuna,11,Comuna 11,El Guabal,3.4158206112642424,-76.52986622601237,ID_EXACTO+ESPACIAL,REQUIERE_VALIDACION,11,10,,
31,001,16,02,31-001-16-02,IE CIUDAD MODELO,comuna,11,Comuna 11,Cristobal Colon,3.4251571921476898,-76.52540735156684,ID_EXACTO+ESPACIAL,REQUIERE_VALIDACION,11,10,,
31,001,16,03,31-001-16-03,ESCUELA MARINO RENGIFO SALCEDO,comuna,11,Comuna 11,Departamental,3.4134731997432683,-76.53600632562777,ID_EXACTO+ESPACIAL,REQUIERE_VALIDACION,11,10,,
31,001,16,04,31-001-16-04,ESCUELA SUSANA VINASCO DE QUINTANA,comuna,11,Comuna 11,Santa Elena,3.4316781490215336,-76.52481993045,ID_EXACTO+ESPACIAL,REQUIERE_VALIDACION,11,10,,
31,001,16,05,31-001-16-05,IE VILLA DEL SUR,comuna,11,Comuna 11,,,,SOLO_ELECTORAL,NO_ENCONTRADO,11,,,
31,001,17,01,31-001-17-01,ESCUELA JOSE VICENTE CONCHA,comuna,11,Comuna 11,El Jardin,3.420440687386654,-76.5183416586816,ID_EXACTO+ESPACIAL,EXACTO,11,11,,
31,001,17,02,31-001-17-02,IE CIUDAD DE CALI,comuna,11,Comuna 11,Los Sauces,3.41780449623044,-76.51330806654492,ID_EXACTO+ESPACIAL,EXACTO,11,11,,
31,001,17,03,31-001-17-03,IE 10 DE MAYO,comuna,11,Comuna 11,Villa del Sur,3.4111625047500174,-76.51994408556459,ID_EXACTO+ESPACIAL,EXACTO,11,11,,
31,001,17,04,31-001-17-04,CDI MADRE ALBERTA FE Y ALEGRIA,comuna,11,Comuna 11,San Carlos,3.4233827604598632,-76.51361981906419,ID_EXACTO+ESPACIAL,EXACTO,11,11,,
31,001,18,01,31-001-18-01,IE JUAN XXIII SEDE CIUDAD DE CALI,comuna,12,Comuna 12,La Fortaleza,3.426486922393667,-76.51374345412846,ID_EXACTO+ESPACIAL,REQUIERE_VALIDACION,12,11,,
31,001,18,02,31-001-18-02,IE MARICE SINISTERRA,comuna,12,Comuna 12,Prados de Oriente,3.4322414200104507,-76.51438535322993,ID_EXACTO+ESPACIAL,REQUIERE_VALIDACION,12,11,,
31,001,18,03,31-001-18-03,IE HERNANDO NAVIA VARON,comuna,12,Comuna 12,Aguablanca,3.4319669451327672,-76.51821911487893,ID_EXACTO+ESPACIAL,REQUIERE_VALIDACION,12,11,,
31,001,18,04,31-001-18-04,ESCUELA FENALCO ASTURIAS,comuna,12,Comuna 12,La Gran Colombia,3.42234867359743,-76.50680073055601,ID_EXACTO+ESPACIAL,REQUIERE_VALIDACION,12,11,,
31,001,18,05,31-001-18-05,IE JULIO DE CAICEDO Y TELLEZ,comuna,12,Comuna 12,Doce de Octubre,3.427138395189336,-76.50406691783817,ID_EXACTO+ESPACIAL,EXACTO,12,12,,
31,001,18,06,31-001-18-06,COLEGIO LA PRESENTACION EL PARAISO,comuna,12,Comuna 12,El Rodeo,3.4353251265370712,-76.50346796243385,ID_EXACTO+ESPACIAL,EXACTO,12,12,,
31,001,19,01,31-001-19-01,COL PARROQUIAL SEÑOR DE LOS MILAGROS,comuna,13,Comuna 13,Nueva Floresta,3.432851939079168,-76.49963603594243,ID_EXACTO+ESPACIAL,REQUIERE_VALIDACION,13,12,,
31,001,19,02,31-001-19-02,IE EL DIAMANTE,comuna,13,Comuna 13,El Rodeo,3.4366914468369063,-76.5004707108626,ID_EXACTO+ESPACIAL,REQUIERE_VALIDACION,13,12,,
31,001,19,03,31-001-19-03,ESCUELA RODRIGO LLOREDA,comuna,13,Comuna 13,Nueva Floresta,3.4404254251963877,-76.49455798321479,ID_EXACTO+ESPACIAL,REQUIERE_VALIDACION,13,12,,
31,001,19,04,31-001-19-04,ESCUELA MIGUEL CAMACHO PEREA,comuna,13,Comuna 13,El Paraiso,3.4305696397183665,-76.50658646242601,ID_EXACTO+ESPACIAL,REQUIERE_VALIDACION,13,12,,
31,001,19,05,31-001-19-05,CENTRO DE CAPACITACION DON BOSCO,comuna,13,Comuna 13,El Vergel,3.4172980522524554,-76.50099816375537,ID_EXACTO+ESPACIAL,EXACTO,13,13,,
31,001,19,06,31-001-19-06,COLEGIO COMFANDI CALIPSO,comuna,13,Comuna 13,El Diamante,3.4201890579092344,-76.50192821072612,ID_EXACTO+ESPACIAL,EXACTO,13,13,,
31,001,20,01,31-001-20-01,IE SANTA ROSA,comuna,13,Comuna 13,El Poblado I,3.4177843084539576,-76.49808890077128,ID_EXACTO+ESPACIAL,EXACTO,13,13,,
31,001,20,02,31-001-20-02,COLEGIO PANAMERICANO LOS LAGOS,comuna,13,Comuna 13,Los Comuneros II,3.4274274976392203,-76.49502468638674,ID_EXACTO+ESPACIAL,EXACTO,13,13,,
31,001,20,03,31-001-20-03,IE BARTOLOME LOBOGUERRERO,comuna,13,Comuna 13,El Diamante,3.4212406842354905,-76.50310378568905,ID_EXACTO+ESPACIAL,EXACTO,13,13,,
31,001,20,04,31-001-20-04,SENA CDTI,comuna,13,Comuna 13,Calipso,3.4263138439033543,-76.50026713688035,ID_EXACTO+ESPACIAL,EXACTO,13,13,,
31,001,20,05,31-001-20-05,IE JESUS VILLAFAÑE FRANCO,comuna,13,Comuna 13,El Poblado II,3.422662281756714,-76.48812632064056,ID_EXACTO+ESPACIAL,EXACTO,13,13,,
31,001,20,06,31-001-20-06,SEDE ENRIQUE OLAYA HERRERA,comuna,13,Comuna 13,Los Lagos,3.430518695368625,-76.48556267612952,ID_EXACTO+ESPACIAL,EXACTO,13,13,,
31,001,20,07,31-001-20-07,IE LUZ HAYDEE GUERRERO MOLINA,comuna,13,Comuna 13,Lleras Restrepo,3.436060104711489,-76.49364601236593,ID_EXACTO+ESPACIAL,EXACTO,13,13,,
31,001,21,01,31-001-21-01,IE LA ANUNCIACION,comuna,14,Comuna 14,Sector Laguna del Pondaje,3.4302477508634386,-76.49159704911571,ID_EXACTO+ESPACIAL,REQUIERE_VALIDACION,14,13,,
31,001,21,02,31-001-21-02,SEDE PUERTA DEL SOL,comuna,14,Comuna 14,Sect. Laguna del Pondaje,3.4326767007415797,-76.48740966007671,ID_EXACTO+ESPACIAL,REQUIERE_VALIDACION,14,13,,
31,001,21,03,31-001-21-03,ESCUELA RAUL SILVA HOLGUIN,comuna,14,Comuna 14,Ulpiano Lloreda,3.439370613954605,-76.4918993246227,ID_EXACTO+ESPACIAL,REQUIERE_VALIDACION,14,13,,
31,001,21,04,31-001-21-04,IE MONSEÑOR RAMON ARCILA,comuna,14,Comuna 14,Los Robles,3.4207862638374404,-76.49433609273676,ID_EXACTO+ESPACIAL,REQUIERE_VALIDACION,14,13,,
31,001,21,05,31-001-21-05,IE LLANO VERDE SEDE BARTOLOME MITRE,comuna,14,Comuna 14,Alirio Mora Beltran,3.439906503697531,-76.48006568826551,ID_EXACTO+ESPACIAL,EXACTO,14,14,,
31,001,22,01,31-001-22-01,COL FRAY LUIS AMIGO FE Y ALEGRIA,comuna,14,Comuna 14,Manuela Beltran,3.4316126871109622,-76.47480113937536,ID_EXACTO+ESPACIAL,EXACTO,14,14,,
31,001,22,02,31-001-22-02,IE GABRIELA MISTRAL,comuna,14,Comuna 14,Jose Manuel Marroquin I,3.4273628115754042,-76.4808114310892,ID_EXACTO+ESPACIAL,EXACTO,14,14,,
31,001,22,03,31-001-22-03,COL PARROQUIAL SAN FRANCISCO JAVIER,comuna,14,Comuna 14,Jose Manuel Marroquin II,3.4281630648622747,-76.4812132220373,ID_EXACTO+ESPACIAL,EXACTO,14,14,,
31,001,22,04,31-001-22-04,IE ELIAS SALAZAR GARCIA,comuna,14,Comuna 14,Jose Manuel Marroquin II,3.4383778621754084,-76.48302548957874,ID_EXACTO+ESPACIAL,EXACTO,14,14,,
31,001,22,05,31-001-22-05,IE NUEVO LATIR,comuna,14,Comuna 14,Manuela Beltran,3.4182301188244515,-76.47134834653554,ID_EXACTO+ESPACIAL,EXACTO,14,14,,
31,001,23,01,31-001-23-01,IE CUDAD CORDOBA,comuna,15,Comuna 15,Alfonso Bonilla Aragon,3.417777503211926,-76.48055253891637,ID_EXACTO+ESPACIAL,REQUIERE_VALIDACION,15,14,,
31,001,23,02,31-001-23-02,ESCUELA OLAYA HERRERA,comuna,15,Comuna 15,Las Orquideas,3.4150306004217086,-76.47713637919226,ID_EXACTO+ESPACIAL,REQUIERE_VALIDACION,15,14,,
31,001,23,03,31-001-23-03,ESCUELA JOSE RAMON BEJARANO,comuna,15,Comuna 15,Manuela Beltran,3.423713804550839,-76.47185727706984,ID_EXACTO+ESPACIAL,REQUIERE_VALIDACION,15,14,,
31,001,23,04,31-001-23-04,IE GABRIEL GARCIA MARQUEZ,comuna,15,Comuna 15,Alfonso Bonilla Aragon,3.4194920858517235,-76.48691027876798,ID_EXACTO+ESPACIAL,REQUIERE_VALIDACION,15,14,,
31,001,23,05,31-001-23-05,IE ISAIAS DUARTE CANCINO,comuna,15,Comuna 15,Ciudad Cordoba,3.396148685520405,-76.5139153407188,ID_EXACTO+ESPACIAL,EXACTO,15,15,,
31,001,23,06,31-001-23-06,IE CARLOS HOLGUIN MALLARINO,comuna,15,Comuna 15,El Vallado,3.407353100286051,-76.50142185561533,ID_EXACTO+ESPACIAL,EXACTO,15,15,,
31,001,23,07,31-001-23-07,COLEGIO MADRE SIFFREDI FE Y ALEGRIA,comuna,15,Comuna 15,Laureano Gomez,3.4135470969198676,-76.49605914173343,ID_EXACTO+ESPACIAL,EXACTO,15,15,,
31,001,23,08,31-001-23-08,IE LLANO VERDE,comuna,15,Comuna 15,Los Comuneros I,3.4130263648757526,-76.49230658430554,ID_EXACTO+ESPACIAL,EXACTO,15,15,,
31,001,24,01,31-001-24-01,IE RODRIGO LLOREDA INTENALCO,comuna,16,Comuna 16,Navarro,3.411586417814548,-76.4870056090383,ID_EXACTO+ESPACIAL,REQUIERE_VALIDACION,16,,,51
31,001,24,02,31-001-24-02,IE CRISTOBAL COLON,comuna,16,Comuna 16,Los Comuneros I,3.4110033265390856,-76.49189395337277,ID_EXACTO+ESPACIAL,REQUIERE_VALIDACION,16,15,,
31,001,24,03,31-001-24-03,IE CARLOS HOLMES TRUJILLO,comuna,16,Comuna 16,El Vallado,3.4065427111401108,-76.4983021886561,ID_EXACTO+ESPACIAL,REQUIERE_VALIDACION,16,15,,
31,001,24,04,31-001-24-04,ESCUELA PABLO NERUDA,comuna,16,Comuna 16,Navarro,3.3913026152161203,-76.50475607442743,ID_EXACTO+ESPACIAL,REQUIERE_VALIDACION,16,,,51
31,001,24,05,31-001-24-05,SEDE CRISTO MAESTRO,comuna,16,Comuna 16,Mariano Ramos,3.4066132583061317,-76.51856351919642,ID_EXACTO+ESPACIAL,EXACTO,16,16,,
31,001,24,06,31-001-24-06,SANTA ISABEL DE HUNGRIA CIUDAD 2000,comuna,16,Comuna 16,Mariano Ramos,3.4026507808117206,-76.5150719579714,ID_EXACTO+ESPACIAL,EXACTO,16,16,,
31,001,24,07,31-001-24-07,SEDE ANGELICA SIERRA,comuna,16,Comuna 16,Republica de Israel,3.406297515225237,-76.51278685837534,ID_EXACTO+ESPACIAL,EXACTO,16,16,,
31,001,25,01,31-001-25-01,COLEGIO LOS ANDES,comuna,17,Comuna 17,Antonio Nariño,3.416787735080011,-76.50842010567536,ID_EXACTO+ESPACIAL,REQUIERE_VALIDACION,17,16,,
31,001,25,02,31-001-25-02,COLEGIO COMFANDI,comuna,17,Comuna 17,Union de Vivieda Popular,3.409307387299161,-76.50811672534743,ID_EXACTO+ESPACIAL,REQUIERE_VALIDACION,17,16,,
31,001,25,03,31-001-25-03,COLEGIO REYES CATOLICOS,comuna,17,Comuna 17,Ciudad 2000,3.3967267123065175,-76.51708517512401,ID_EXACTO+ESPACIAL,REQUIERE_VALIDACION,17,16,,
31,001,25,04,31-001-25-04,UNIVALLE SEDE MELENDEZ,comuna,17,Comuna 17,Union de Vivieda Popular,3.4120362780671063,-76.51151697171919,ID_EXACTO+ESPACIAL,REQUIERE_VALIDACION,17,16,,
31,001,26,01,31-001-26-01,ESCUELA LUIS CARLOS ROJAS,comuna,17,Comuna 17,Los Portales - Nuevo Rey,3.3939163524669533,-76.53964026017354,ID_EXACTO+ESPACIAL,EXACTO,17,17,,
31,001,26,02,31-001-26-02,CVC,comuna,17,Comuna 17,Ciudadela Comfandi,3.3840994799093433,-76.52222523761809,ID_EXACTO+ESPACIAL,EXACTO,17,17,,
31,001,26,03,31-001-26-03,CENTRO CULTURAL COLOMBO AMERICANO,comuna,17,Comuna 17,La Hacienda,3.3925788360430595,-76.5340542624288,ID_EXACTO+ESPACIAL,EXACTO,17,17,,
31,001,26,04,31-001-26-04,IETI COMUNA 17,comuna,17,Comuna 17,Ciudad Universitaria,3.375731694472895,-76.53353816281066,ID_EXACTO+ESPACIAL,EXACTO,17,17,,
31,001,26,05,31-001-26-05,COLEGIO NUESTRA SRA DE LA CONSOLACION,comuna,17,Comuna 17,Primero de Mayo,3.40392291764188,-76.53218291895645,ID_EXACTO+ESPACIAL,EXACTO,17,17,,
31,001,27,01,31-001-27-01,ESCUELA ALVARO ESCOBAR NAVIA,comuna,18,Comuna 18,Santa Anita-La Selva,3.4058631927404024,-76.53873737166766,ID_EXACTO+ESPACIAL,REQUIERE_VALIDACION,18,17,,
31,001,27,02,31-001-27-02,INSTITUTO CENTRAL DE COMERCIO,comuna,18,Comuna 18,Santa Anita-La Selva,3.407585700492281,-76.53795299444079,ID_EXACTO+ESPACIAL,REQUIERE_VALIDACION,18,17,,
31,001,27,03,31-001-27-03,IE JUAN PABLO II,comuna,18,Comuna 18,Cañaverales - Los Samanes,3.4038026422356364,-76.52408635378015,ID_EXACTO+ESPACIAL,REQUIERE_VALIDACION,18,17,,
31,001,27,04,31-001-27-04,ESCUELA PORTETE DE TARQUI,comuna,18,Comuna 18,Los Portales - Nuevo Rey,3.395533177775142,-76.54018484674219,ID_EXACTO+ESPACIAL,REQUIERE_VALIDACION,18,17,,
31,001,27,05,31-001-27-05,UNIVERSIDAD COOPERATIVA,comuna,18,Comuna 18,Lourdes,3.3905704966132015,-76.55437623313297,ID_EXACTO+ESPACIAL,EXACTO,18,18,,
31,001,27,06,31-001-27-06,SEDE CELIMO RUEDA,comuna,18,Comuna 18,Buenos Aires,3.3920493250353143,-76.54680591601175,ID_EXACTO+ESPACIAL,EXACTO,18,18,,
31,001,27,07,31-001-27-07,SEDE JHON F KENNEDY,comuna,18,Comuna 18,Prados del Sur,3.386575548178025,-76.55579189543977,ID_EXACTO+ESPACIAL,EXACTO,18,18,,
31,001,28,01,31-001-28-01,IE LA ESPERANZA,comuna,18,Comuna 18,Lourdes,3.3909404843696405,-76.5574437521243,ID_EXACTO+ESPACIAL,EXACTO,18,18,,
31,001,28,02,31-001-28-02,COLEGIO AMERICANO,comuna,18,Comuna 18,Alférez Real,3.390814274838763,-76.55086011459952,ID_EXACTO+ESPACIAL,EXACTO,18,18,,
31,001,28,03,31-001-28-03,ESC MAGDALENA ORTEGA DE NARIÑO,comuna,18,Comuna 18,Alferez Real,3.3912997787341053,-76.54842146735511,ID_EXACTO+ESPACIAL,EXACTO,18,18,,
31,001,28,04,31-001-28-04,ACADEMIA JOSE MARIA CABAL,comuna,18,Comuna 18,Caldas,3.394993658052256,-76.54920207926597,ID_EXACTO+ESPACIAL,EXACTO,18,18,,
31,001,28,05,31-001-28-05,UNIVERSIDAD CATOLICA SEDE MELENDEZ,comuna,18,Comuna 18,Sect. Alto Jordan,3.3769371893688103,-76.5538324313164,ID_EXACTO+ESPACIAL,EXACTO,18,18,,
31,001,28,06,31-001-28-06,SEDE EDUARDO RIASCOS GRUESO,comuna,18,Comuna 18,,,,SOLO_ELECTORAL,NO_ENCONTRADO,18,,,
31,001,29,01,31-001-29-01,IE EUSTAQUIO PALACIOS,comuna,19,Comuna 19,Melendez,3.3784999907336335,-76.54478313758935,ID_EXACTO+ESPACIAL,REQUIERE_VALIDACION,19,18,,
31,001,29,02,31-001-29-02,INSTITUTO PARA NIÑOS CIEGOS Y SORDOS,comuna,19,Comuna 19,Polvorines,3.3743162183060753,-76.55886506158622,ID_EXACTO+ESPACIAL,REQUIERE_VALIDACION,19,18,,
31,001,29,03,31-001-29-03,COL SANTA MARIA STELLA MARIS,comuna,19,Comuna 19,Cuarteles de Napoles,3.3818719386690583,-76.55909499761763,ID_EXACTO+ESPACIAL,REQUIERE_VALIDACION,19,18,,
31,001,29,04,31-001-29-04,ESCUELA 25 DE JULIO,comuna,19,Comuna 19,Sector Meléndez,3.375450039792845,-76.54504286130593,ID_EXACTO+ESPACIAL,REQUIERE_VALIDACION,19,18,,
31,001,29,05,31-001-29-05,COLEGIO POLITECNICO,comuna,19,Comuna 19,El Lido,3.415904084061217,-76.55158130285345,ID_EXACTO+ESPACIAL,EXACTO,19,19,,
31,001,29,06,31-001-29-06,IE MULTIPROPOSITO,comuna,19,Comuna 19,San Fernando Nuevo,3.427802020842227,-76.54423850071821,ID_EXACTO+ESPACIAL,EXACTO,19,19,,
31,001,30,01,31-001-30-01,UNIVALLE SEDE SAN FERNANDO,comuna,19,Comuna 19,Santa Isabel,3.4266347472405285,-76.54941083244888,ID_EXACTO+ESPACIAL,EXACTO,19,19,,
31,001,30,02,31-001-30-02,UNID DEP PANAM CANCHA DE TEJO,comuna,19,Comuna 19,Camino Real - Joaquin Borrero Sinisterra,3.4057620526666335,-76.54535200555662,ID_EXACTO+ESPACIAL,EXACTO,19,19,,
31,001,30,03,31-001-30-03,IE LICEO DEPARTAMENTAL,comuna,19,Comuna 19,Pampalinda,3.4035549255827977,-76.55363844639837,ID_EXACTO+ESPACIAL,EXACTO,19,19,,
31,001,30,04,31-001-30-04,ESCUELA FRANCISCO JOSE DE CALDAS,comuna,19,Comuna 19,Sect. Cañaveralejo Guadalupe Antigua,3.411211914981174,-76.56115428614348,ID_EXACTO+ESPACIAL,EXACTO,19,19,,
31,001,30,05,31-001-30-05,ESCUELA CAMILO TORRES,comuna,19,Comuna 19,Santa Isabel,3.4295047929691664,-76.54738248156747,ID_EXACTO+ESPACIAL,EXACTO,19,19,,
31,001,30,06,31-001-30-06,ESCUELA GRAN COLOMBIA,comuna,19,Comuna 19,Champagnat,3.422890974061502,-76.53705665403922,ID_EXACTO+ESPACIAL,EXACTO,19,19,,
31,001,30,07,31-001-30-07,SEDE LOS CRISTALES,comuna,19,Comuna 19,Eucaristico,3.4231013083532935,-76.5388690209666,ID_EXACTO+ESPACIAL,EXACTO,19,19,,
31,001,31,01,31-001-31-01,COLEGIO ARQUIDIOCESANO JUAN PABLO II,comuna,20,Comuna 20,Venezuela - Urb. Cañaveralejo,3.414844535825646,-76.56146824119647,ID_EXACTO+ESPACIAL,EXACTO,20,20,,
31,001,31,01,31-001-31-01,COLEGIO ARQUIDIOCESANO JUAN PABLO II,comuna,20,Comuna 20,Santa Isabel,3.424849804919561,-76.54812720279185,ID_EXACTO+ESPACIAL,EXACTO,20,20,,
31,001,31,02,31-001-31-02,ESCUELA LUIS LOPEZ DE MESA,comuna,20,Comuna 20,Urb. Colseguros,3.432195710640934,-76.5302170772962,ID_EXACTO+ESPACIAL,REQUIERE_VALIDACION,20,19,,
31,001,31,03,31-001-31-03,IE JUANA DE CAICEDO Y CUERO,comuna,20,Comuna 20,El Cedro,3.4359348568426555,-76.53692132014935,ID_EXACTO+ESPACIAL,REQUIERE_VALIDACION,20,19,,
31,001,31,04,31-001-31-04,SEDE SIMON BOLIVAR,comuna,20,Comuna 20,El Mortiñal,3.441988841600115,-76.54911421857402,ID_EXACTO+ESPACIAL,REQUIERE_VALIDACION,20,19,,
31,001,31,05,31-001-31-05,SEDE ANTONIA SANTOS,comuna,20,Comuna 20,,,,SOLO_ELECTORAL,NO_ENCONTRADO,20,,,
31,001,31,06,31-001-31-06,ESCUELA SOFIA CAMARGO,comuna,20,Comuna 20,Siloe,3.422919646924891,-76.55435365484831,ID_EXACTO+ESPACIAL,EXACTO,20,20,,
31,001,32,01,31-001-32-01,SEDE NUEVO AMANECER,comuna,21,Comuna 21,El Lido,3.417669816143517,-76.55397399492993,ID_EXACTO+ESPACIAL,REQUIERE_VALIDACION,21,19,,
31,001,32,02,31-001-32-02,STA ISABEL DE HUNGRIA CALIMIO DECEPAZ,comuna,21,Comuna 21,Siloe,3.4223600989084244,-76.55327422769189,ID_EXACTO+ESPACIAL,REQUIERE_VALIDACION,21,20,,
31,001,32,03,31-001-32-03,SANTA ISABEL DE HUNGRIA SAN FELIPE,comuna,21,Comuna 21,Belen,3.427564798557898,-76.55391267306777,ID_EXACTO+ESPACIAL,REQUIERE_VALIDACION,21,20,,
31,001,32,04,31-001-32-04,COLEGIO FUNDACION COMPARTIR,comuna,21,Comuna 21,Lleras Camargo,3.418575439686927,-76.56167272573698,ID_EXACTO+ESPACIAL,REQUIERE_VALIDACION,21,20,,
31,001,32,05,31-001-32-05,IE PROGRESANDO JUNTOS,comuna,21,Comuna 21,Pizamos II,3.4053763888271162,-76.47169490640516,ID_EXACTO+ESPACIAL,EXACTO,21,21,,
31,001,32,06,31-001-32-06,COLEGIO POTREROGRANDE,comuna,21,Comuna 21,Desepaz Invicali,3.4274764201611605,-76.46335825388901,ID_EXACTO+ESPACIAL,EXACTO,21,21,,
31,001,32,07,31-001-32-07,IE LLANO VERDE SEDE INVICALI,comuna,21,Comuna 21,,,,SOLO_ELECTORAL,NO_ENCONTRADO,21,,,
31,001,33,01,31-001-33-01,COLEGIO BENETT,comuna,22,Comuna 22,Calimio Decepaz,3.4146678845007856,-76.46785871799325,ID_EXACTO+ESPACIAL,REQUIERE_VALIDACION,22,21,,
31,001,33,02,31-001-33-02,UNIVERSIDAD DE SAN BUENAVENTURA,comuna,22,Comuna 22,Compartir,3.4313003211806143,-76.47021206060549,ID_EXACTO+ESPACIAL,REQUIERE_VALIDACION,22,21,,
31,001,33,03,31-001-33-03,UNIVERSIDAD ICESI,comuna,22,Comuna 22,Valle Grande,3.435927654745741,-76.47279893745407,ID_EXACTO+ESPACIAL,REQUIERE_VALIDACION,22,21,,
31,001,90,01,31-001-90-01,COLISEO DEL PUEBLO,especial,,NACIONAL,Potrero Grande,3.4074210930855715,-76.46926182921462,ID_EXACTO+ESPACIAL,ESPACIAL,,21,,
31,001,98,01,31-001-98-01,CARCEL VILLANUEVA,especial,,NACIONAL,Parcelaciones Pance,3.3593009435736474,-76.53136057389538,ID_EXACTO+ESPACIAL,ESPACIAL,,22,,
31,001,99,09,31-001-99-09,FELIDIA,corregimiento,59,Corregimiento Felidia,Parcelaciones Pance,3.3443299000348943,-76.54376532658749,ID_EXACTO+ESPACIAL,REQUIERE_VALIDACION,,22,59,
31,001,99,13,31-001-99-13,HORMIGUERO A,corregimiento,52,Corregimiento Hormiguero,Parcelaciones Pance,3.3418660135969427,-76.53010151075709,ID_EXACTO+ESPACIAL,REQUIERE_VALIDACION,,22,52,
31,001,99,14,31-001-99-14,HORMIGUERO B (BOCHALEMA),corregimiento,52,Corregimiento Hormiguero,U.D.A. Galindo Plaza de Toros,3.413289202679115,-76.55175156254384,ID_EXACTO+ESPACIAL,REQUIERE_VALIDACION,,19,52,
31,001,99,17,31-001-99-17,LA BUITRERA,corregimiento,54,Corregimiento La Buitrera,Prados de Oriente,3.4315732187411676,-76.51160263988584,ID_EXACTO+ESPACIAL,REQUIERE_VALIDACION,,11,54,
31,001,99,19,31-001-99-19,LA SIRENA,corregimiento,54,Corregimiento La Buitrera,Felidia,3.467570450137414,-76.62772307725479,ID_EXACTO+ESPACIAL,REQUIERE_VALIDACION,,,54,59
31,001,99,21,31-001-99-21,LA CASTILLA,corregimiento,62,Corregimiento La Castilla,El Hormiguero,3.3124397932639758,-76.47903599364533,ID_EXACTO+ESPACIAL,REQUIERE_VALIDACION,,,62,52
31,001,99,25,31-001-99-25,LA ELVIRA,corregimiento,61,Corregimiento La Elvira,Bochalema,3.353718406498485,-76.52201186647501,ID_EXACTO+ESPACIAL,REQUIERE_VALIDACION,,,61,52
31,001,99,26,31-001-99-26,LA ELVIRA KILOMETRO 18,corregimiento,61,Corregimiento La Elvira,La Buitrera,3.3618424981185515,-76.56407469077429,ID_EXACTO+ESPACIAL,REQUIERE_VALIDACION,,,61,54
31,001,99,29,31-001-99-29,LA LEONERA,corregimiento,58,Corregimiento La Leonera,Los Andes,3.408067277082845,-76.5750717966913,ID_EXACTO+ESPACIAL,REQUIERE_VALIDACION,,,58,56
31,001,99,33,31-001-99-33,LA PAZ,corregimiento,63,Corregimiento La Paz,La Castilla,3.4939112297072303,-76.57633455917983,ID_EXACTO+ESPACIAL,REQUIERE_VALIDACION,,,63,62
31,001,99,37,31-001-99-37,GOLONDRINAS,corregimiento,65,Corregimiento Golondrinas,La Elvira,3.520425838083724,-76.60760349569136,ID_EXACTO+ESPACIAL,REQUIERE_VALIDACION,,,65,61
31,001,99,38,31-001-99-38,GOLONDRINAS LOS MANGOS,corregimiento,65,Corregimiento Golondrinas,La Elvira,3.5130299121362185,-76.61993844532313,ID_EXACTO+ESPACIAL,REQUIERE_VALIDACION,,,65,61
31,001,99,41,31-001-99-41,LOS ANDES,corregimiento,56,Corregimiento Los Andes,La Leonera,3.454537298502503,-76.63435632868283,ID_EXACTO+ESPACIAL,REQUIERE_VALIDACION,,,56,58
31,001,99,45,31-001-99-45,VILLA CARMELO FONDA,especial,,CORR. MELENDEZ (VILLA CARMELO),La Paz,3.5205045679994624,-76.56991005845312,ID_EXACTO+ESPACIAL,ESPACIAL,,,,63
31,001,99,46,31-001-99-46,VILLACARMELO CABECERA,especial,,CORR. MELENDEZ (VILLA CARMELO),Golondrinas,3.495258711457201,-76.55382990005343,ID_EXACTO+ESPACIAL,ESPACIAL,,,,65
31,001,99,47,31-001-99-47,MONTEBELLO,corregimiento,64,Corregimiento Montebello,Alto Normandia,3.4570968706109326,-76.54296391688514,ID_EXACTO+ESPACIAL,REQUIERE_VALIDACION,,,64,65
31,001,99,48,31-001-99-48,MONTEBELLO CAMPOALEGRE,corregimiento,64,Corregimiento Montebello,Los Andes,3.439540903645307,-76.5948033205184,ID_EXACTO+ESPACIAL,REQUIERE_VALIDACION,,,64,56
31,001,99,49,31-001-99-49,NAVARRO,corregimiento,51,Corregimiento Navarro,Villacarmelo,3.3919468948279325,-76.59200189598327,ID_EXACTO+ESPACIAL,REQUIERE_VALIDACION,,,51,55
31,001,99,53,31-001-99-53,PANCE LA VORAGINE,corregimiento,53,Corregimiento Pance,Villacarmelo,3.378301577008361,-76.61693078974399,ID_EXACTO+ESPACIAL,REQUIERE_VALIDACION,,,53,55
31,001,99,53,31-001-99-53,PANCE LA VORAGINE,corregimiento,53,Corregimiento Pance,La Buitrera,3.3437447864579304,-76.59094100744731,ID_EXACTO+ESPACIAL,REQUIERE_VALIDACION,,,53,55
31,001,99,54,31-001-99-54,PANCE LA VIGA,corregimiento,53,Corregimiento Pance,Pance,3.3166354762420105,-76.53602418772397,ID_EXACTO+ESPACIAL,EXACTO,,,53,53
31,001,99,54,31-001-99-54,PANCE LA VIGA,corregimiento,53,Corregimiento Pance,Montebello,3.4841372097635035,-76.5474065534609,ID_EXACTO+ESPACIAL,EXACTO,,,53,53
31,001,99,57,31-001-99-57,PICHINDE,corregimiento,57,Corregimiento Pichinde,Montebello,3.47200156245069,-76.55496938158736,ID_EXACTO+ESPACIAL,REQUIERE_VALIDACION,,,57,64
31,001,99,57,31-001-99-57,PICHINDE,corregimiento,57,Corregimiento Pichinde,Pichinde,3.4370044131682804,-76.61351461806531,ID_EXACTO+ESPACIAL,REQUIERE_VALIDACION,,,57,64
31,001,99,65,31-001-99-65,EL SALADITO,corregimiento,60,Corregimiento El Saladito,El Saladito,3.481832024614627,-76.60625444593522,ID_EXACTO+ESPACIAL,EXACTO,,,60,60
31,001,99,65,31-001-99-65,EL SALADITO,corregimiento,60,Corregimiento El Saladito,Navarro,3.391800677527276,-76.46524313147876,ID_EXACTO+ESPACIAL,EXACTO,,,60,60
